video_id;video_title;channel;author;comment;published_at;like_count;clean;sentiment;confidence
41itFALrNU8;#ngopenk  PODCAST BERSAMA ALDI TAHER, OBROLAN PENUH FILOSOFIS;Tirta PengPengPeng;@michikaq.Channel;Ngakak sampe lupa itu sepatu hahah;2026-06-05T16:23:32Z;0;terbahak-bahak sampai lupa itu sepatu hahah;negatif;0.971
41itFALrNU8;#ngopenk  PODCAST BERSAMA ALDI TAHER, OBROLAN PENUH FILOSOFIS;Tirta PengPengPeng;@aswandpalevi5181;😂😂😂😂😂😂😂😂😂;2026-06-05T14:50:57Z;0;;positif;0.8912
41itFALrNU8;#ngopenk  PODCAST BERSAMA ALDI TAHER, OBROLAN PENUH FILOSOFIS;Tirta PengPengPeng;@samwinaldijunaib;podacast terabsurd.;2026-06-05T14:36:43Z;0;podacast terabsurd;netral;0.9692
41itFALrNU8;#ngopenk  PODCAST BERSAMA ALDI TAHER, OBROLAN PENUH FILOSOFIS;Tirta PengPengPeng;@Virananda-v5h;Kok bisa sesabar itu sih😭;2026-06-05T13:32:28Z;0;kok bisa sesabar itu sih;negatif;0.9882
41itFALrNU8;#ngopenk  PODCAST BERSAMA ALDI TAHER, OBROLAN PENUH FILOSOFIS;Tirta PengPengPeng;@Virananda-v5h;Kok bisa sesabar itu sih😭;2026-06-05T13:32:14Z;0;kok bisa sesabar itu sih;negatif;0.9882
41itFALrNU8;#ngopenk  PODCAST BERSAMA ALDI TAHER, OBROLAN PENUH FILOSOFIS;Tirta PengPengPeng;@Amiwiwu;ENTP & ENFP kurang lebih gini kali ya 😭😭😭;2026-06-05T11:54:37Z;0;entp enfp kurang lebih gini kali ya;negatif;0.9418
41itFALrNU8;#ngopenk  PODCAST BERSAMA ALDI TAHER, OBROLAN PENUH FILOSOFIS;Tirta PengPengPeng;@HarisSuhendra;Klu orang dua ini ketemu seruh banget cocok sumpah 😂😂😂;2026-06-05T07:19:12Z;0;kalau orang dua ini ketemu seruh sekali cocok sumpah;positif;0.9614
41itFALrNU8;#ngopenk  PODCAST BERSAMA ALDI TAHER, OBROLAN PENUH FILOSOFIS;Tirta PengPengPeng;@imaimeeeehh;Lagi sakit kepala nonton ini malah berasa lagi demam terus mimpi;2026-06-05T06:03:18Z;0;lagi sakit kepala nonton ini malah berasa lagi demam terus mimpi;negatif;0.9959
41itFALrNU8;#ngopenk  PODCAST BERSAMA ALDI TAHER, OBROLAN PENUH FILOSOFIS;Tirta PengPengPeng;@karyatiyati3424;Gara-gara T*kt*k w nyasar disini,,ternyata disini lebih kocak coook;2026-06-05T05:07:35Z;0;gara gara t kita k saya nyasar disini ternyata disini lebih kocak cook;positif;0.9946
41itFALrNU8;#ngopenk  PODCAST BERSAMA ALDI TAHER, OBROLAN PENUH FILOSOFIS;Tirta PengPengPeng;@cosdiamelscullen3499;sudaaaah sudah di sunat kata dokter tirta;2026-06-05T01:29:27Z;0;sudaah sudah di sunat kata dokter tirta;netral;0.9833
41itFALrNU8;#ngopenk  PODCAST BERSAMA ALDI TAHER, OBROLAN PENUH FILOSOFIS;Tirta PengPengPeng;@mutiarakostgarut;😂😂😂😂;2026-06-04T18:36:53Z;0;;positif;0.8912
41itFALrNU8;#ngopenk  PODCAST BERSAMA ALDI TAHER, OBROLAN PENUH FILOSOFIS;Tirta PengPengPeng;@fithriamustauliizzati2410;Sepanjang nonton cuma bisa hah heh hoh wkwk;2026-06-04T14:26:45Z;0;sepanjang nonton cuma bisa hah heh hoh wkwk;negatif;0.9866
41itFALrNU8;#ngopenk  PODCAST BERSAMA ALDI TAHER, OBROLAN PENUH FILOSOFIS;Tirta PengPengPeng;@tyanmutter1437;bangsaaattttt langsung kicep dr tirta dihadapan LORD wkwkw;2026-06-04T14:11:46Z;0;bangsaatt langsung kicep dari tirta dihadapan lord wkwkw;netral;0.975
41itFALrNU8;#ngopenk  PODCAST BERSAMA ALDI TAHER, OBROLAN PENUH FILOSOFIS;Tirta PengPengPeng;@misnadtruffle;Emg dr tirta agamanya apa;2026-06-04T12:31:56Z;0;memang dari tirta agamanya apa;negatif;0.9872
41itFALrNU8;#ngopenk  PODCAST BERSAMA ALDI TAHER, OBROLAN PENUH FILOSOFIS;Tirta PengPengPeng;@AldiYZZ;gak Gimik dok ancene wong luwe iku wes pasti ngomong enak wae lek keluwen;2026-06-04T09:59:52Z;0;tidak gimik dok ancene wong luwe iku wes pasti bicara enak wae lek keluwen;positif;0.9919
41itFALrNU8;#ngopenk  PODCAST BERSAMA ALDI TAHER, OBROLAN PENUH FILOSOFIS;Tirta PengPengPeng;@tschannel8856;Sumpah ngakk terus. Kesini gr² fyp toktok😂😂😂😂😂;2026-06-04T07:27:26Z;1;sumpah ngakk terus kesini gr² fyp toktok;netral;0.6982
41itFALrNU8;#ngopenk  PODCAST BERSAMA ALDI TAHER, OBROLAN PENUH FILOSOFIS;Tirta PengPengPeng;@alicewibuu;Ini video isinya battle setor hafalan;2026-06-04T06:25:47Z;0;ini video isinya battle setor hafalan;netral;0.8744
41itFALrNU8;#ngopenk  PODCAST BERSAMA ALDI TAHER, OBROLAN PENUH FILOSOFIS;Tirta PengPengPeng;@KudetGaming-v2w;"Ilmu yg bisa gua dapatkan dari sini luar biasa sih:
-Jualan aja dulu, tapi jgn lupa ibadah dulu, tawakkal dulu, bakti kpd ortu, dan rangkul brand2 lain utk maju bersama...
-usaha dulu, kalau rugi gpp, mungkin itu rezeki kita...
-selalu minta doa ke Allah, ibu, istri dan orang2 di sekitar
-selalu positif thinking dgn semua keadaan (sekelas dr. Tirta aja S.2 bisnis masih belajar bisnis ke Aldi taher loh 😂)";2026-06-04T05:16:34Z;1;ilmu yang bisa saya dapatkan dari sini luar biasa sih jualan saja dulu tapi jangan lupa ibadah dulu tawakkal dulu bakti kepada orangtua dan rangkul brand2 lain untuk maju bersama usaha dulu kalau rugi tidak apa apa mungkin itu rezeki kita selalu minta doa ke allah ibu istri dan orang2 di sekitar selalu positif thinking dengan semua keadaan sekelas dari tirta saja s bisnis masih belajar bisnis ke aldi taher loh;positif;0.9831
41itFALrNU8;#ngopenk  PODCAST BERSAMA ALDI TAHER, OBROLAN PENUH FILOSOFIS;Tirta PengPengPeng;@KudetGaming-v2w;"Ntah kenapa aldi taher adalah satu2nya artis di Indonesia YANG TIDAK PUNYA BEBAN FIKIRAN 😂
Luar biasa 🎉";2026-06-04T04:50:48Z;1;entah kenapa aldi taher adalah satu2nya artis di indonesia yang tidak punya beban fikiran luar biasa;positif;0.7652
41itFALrNU8;#ngopenk  PODCAST BERSAMA ALDI TAHER, OBROLAN PENUH FILOSOFIS;Tirta PengPengPeng;@muhamadmukromin9719;Obrolan larut malam;2026-06-04T04:25:53Z;0;obrolan larut malam;netral;0.751
41itFALrNU8;#ngopenk  PODCAST BERSAMA ALDI TAHER, OBROLAN PENUH FILOSOFIS;Tirta PengPengPeng;@aldyhihihi410;sendal apa yang dipake dr. tirta?;2026-06-04T03:45:08Z;0;sendal apa yang dipakai dari tirta;negatif;0.9766
41itFALrNU8;#ngopenk  PODCAST BERSAMA ALDI TAHER, OBROLAN PENUH FILOSOFIS;Tirta PengPengPeng;@ZakirahSafanah-y1z;ini gue nnton podcast apasih😭😭😭😭😭;2026-06-04T03:31:28Z;0;ini saya nonton podcast apasih;netral;0.8214
41itFALrNU8;#ngopenk  PODCAST BERSAMA ALDI TAHER, OBROLAN PENUH FILOSOFIS;Tirta PengPengPeng;@adenurmala7520;nonton dokter Tirta Alditaher nagisss gw saking nahan 😅😅😅😂😂😂❤❤❤❤❤;2026-06-04T00:59:59Z;0;nonton dokter tirta alditaher nagiss saya saking tahan;positif;0.8727
41itFALrNU8;#ngopenk  PODCAST BERSAMA ALDI TAHER, OBROLAN PENUH FILOSOFIS;Tirta PengPengPeng;@kucingachyar;tontonan jam 2 malam;2026-06-03T18:24:27Z;1;tontonan jam malam;netral;0.873
41itFALrNU8;#ngopenk  PODCAST BERSAMA ALDI TAHER, OBROLAN PENUH FILOSOFIS;Tirta PengPengPeng;@Karinpitaloka-u4k;Nakal bgttt,tapi lucu;2026-06-03T18:01:45Z;0;nakal bgtt tapi lucu;negatif;0.9961
41itFALrNU8;#ngopenk  PODCAST BERSAMA ALDI TAHER, OBROLAN PENUH FILOSOFIS;Tirta PengPengPeng;@AgilInes;2 orang baik yg isi hatinya ga bisa ditebak;2026-06-03T17:35:36Z;0;orang baik yang isi hatinya tidak bisa ditebak;positif;0.9439
41itFALrNU8;#ngopenk  PODCAST BERSAMA ALDI TAHER, OBROLAN PENUH FILOSOFIS;Tirta PengPengPeng;@AgilInes;Kaya interogasi nanyanya 😂;2026-06-03T17:31:30Z;0;kaya interogasi nanyanya;negatif;0.9879
41itFALrNU8;#ngopenk  PODCAST BERSAMA ALDI TAHER, OBROLAN PENUH FILOSOFIS;Tirta PengPengPeng;@gaintman99;Aldi Taher ini anomali .. semua metafora dan hiperbolik menjadi satu .. kalian ga sadar bahwa kilas balik hidup kita itu menjadi klimaks terbaik jika kita menuju ke cinta takut dan harap;2026-06-03T16:30:25Z;0;aldi taher ini anomali semua metafora dan hiperbolik menjadi satu kalian tidak sadar bahwa kilas balik hidup kita itu menjadi klimaks terbaik jika kita menuju ke cinta takut dan harap;negatif;0.8652
41itFALrNU8;#ngopenk  PODCAST BERSAMA ALDI TAHER, OBROLAN PENUH FILOSOFIS;Tirta PengPengPeng;@emon8744;Ini podcast bercanda mulu;2026-06-03T16:23:49Z;0;ini podcast bercanda terus;negatif;0.9898
41itFALrNU8;#ngopenk  PODCAST BERSAMA ALDI TAHER, OBROLAN PENUH FILOSOFIS;Tirta PengPengPeng;@richard_lim2427;Cocok sebelum podcast makan sate kambing biarrrr makin mweledaakkk hahahahaha;2026-06-03T16:04:16Z;0;cocok sebelum podcast makan sate kambing biarr makin mweledaakk hahahahaha;positif;0.9556
41itFALrNU8;#ngopenk  PODCAST BERSAMA ALDI TAHER, OBROLAN PENUH FILOSOFIS;Tirta PengPengPeng;@nayaaa097;dokter dan pasien yang bertemu di satu ruangan yang sama 😅;2026-06-03T11:40:36Z;0;dokter dan pasien yang bertemu di satu ruangan yang sama;netral;0.9645
41itFALrNU8;#ngopenk  PODCAST BERSAMA ALDI TAHER, OBROLAN PENUH FILOSOFIS;Tirta PengPengPeng;@arjian-m4f;Kaya mimpi pas demam;2026-06-03T10:24:45Z;0;kaya mimpi pas demam;negatif;0.5529
41itFALrNU8;#ngopenk  PODCAST BERSAMA ALDI TAHER, OBROLAN PENUH FILOSOFIS;Tirta PengPengPeng;@yemimavictory3646;1% podcast 99% asbun 😭;2026-06-03T06:57:36Z;0;podcast asbun;netral;0.9768
41itFALrNU8;#ngopenk  PODCAST BERSAMA ALDI TAHER, OBROLAN PENUH FILOSOFIS;Tirta PengPengPeng;@brahmansudjana2730;obrolan opo meneh iki cok;2026-06-03T06:29:06Z;0;obrolan opo meneh iki cok;netral;0.6264
41itFALrNU8;#ngopenk  PODCAST BERSAMA ALDI TAHER, OBROLAN PENUH FILOSOFIS;Tirta PengPengPeng;@Amelia_alialo;Dr titra megang2 sol sepatu megang sepatu tp makan gpp loh 😂😂😂😂 yaAllah 33.25 suka bgt dr tirta ketawa lepas;2026-06-03T06:15:28Z;0;dari titra megang2 sol sepatu megang sepatu tapi makan tidak apa apa loh yaallah suka sangat dari tirta tertawa lepas;positif;0.9958
41itFALrNU8;#ngopenk  PODCAST BERSAMA ALDI TAHER, OBROLAN PENUH FILOSOFIS;Tirta PengPengPeng;@naniituapa9861;Ini orang bisa ngimbangin energinya aldi taher keren;2026-06-03T05:10:09Z;0;ini orang bisa ngimbangin energinya aldi taher keren;positif;0.8662
41itFALrNU8;#ngopenk  PODCAST BERSAMA ALDI TAHER, OBROLAN PENUH FILOSOFIS;Tirta PengPengPeng;@andinibalqis9721;Dokk wi bar nyekel sepatu trus mangan burger piee dokk 🙏🏻😂😂;2026-06-02T16:44:38Z;0;dokk wi bar nyekel sepatu terus mangan burger piee dokk;netral;0.8442
41itFALrNU8;#ngopenk  PODCAST BERSAMA ALDI TAHER, OBROLAN PENUH FILOSOFIS;Tirta PengPengPeng;@florentikarere212;Dr. Tirta jinaknya sama bang Aldy Taher😂.;2026-06-02T14:38:16Z;0;dari tirta jinaknya sama bang aldy taher;positif;0.9843
41itFALrNU8;#ngopenk  PODCAST BERSAMA ALDI TAHER, OBROLAN PENUH FILOSOFIS;Tirta PengPengPeng;@rjjuli5728;"""Matane"" 😂";2026-06-02T13:01:12Z;0;matane;netral;0.8664
41itFALrNU8;#ngopenk  PODCAST BERSAMA ALDI TAHER, OBROLAN PENUH FILOSOFIS;Tirta PengPengPeng;@WildaNurafni18;Semuanya plenger penonton jga ikut plrnger😅😅;2026-06-02T12:24:52Z;0;semuanya plenger penonton juga ikut plrnger;netral;0.7385
41itFALrNU8;#ngopenk  PODCAST BERSAMA ALDI TAHER, OBROLAN PENUH FILOSOFIS;Tirta PengPengPeng;@wawanabeyours;ini bahas apaa sii 😭😭;2026-06-02T07:14:52Z;0;ini bahas apaa sii;negatif;0.9957
41itFALrNU8;#ngopenk  PODCAST BERSAMA ALDI TAHER, OBROLAN PENUH FILOSOFIS;Tirta PengPengPeng;@ssukekunz4588;4:54 bapak angrybird😂;2026-06-02T04:54:34Z;0;bapak angrybird;netral;0.9502
41itFALrNU8;#ngopenk  PODCAST BERSAMA ALDI TAHER, OBROLAN PENUH FILOSOFIS;Tirta PengPengPeng;@antenalitani3052;"Iki uwopoooo dok yaallah 🤣🤣🤣
Kedip sitik ganti topik";2026-06-02T03:59:20Z;0;iki uwopoo dok yaallah kedip sitik ganti topik;netral;0.6474
41itFALrNU8;#ngopenk  PODCAST BERSAMA ALDI TAHER, OBROLAN PENUH FILOSOFIS;Tirta PengPengPeng;@noora-id;Ternyata yg bisa menjinakkan dokter tirta adalah……;2026-06-02T02:44:27Z;0;ternyata yang bisa menjinakkan dokter tirta adalah;netral;0.9197
41itFALrNU8;#ngopenk  PODCAST BERSAMA ALDI TAHER, OBROLAN PENUH FILOSOFIS;Tirta PengPengPeng;@fufufafayt01;36:34 mulan jameela;2026-06-02T02:11:36Z;0;mulan jameela;negatif;0.8246
41itFALrNU8;#ngopenk  PODCAST BERSAMA ALDI TAHER, OBROLAN PENUH FILOSOFIS;Tirta PengPengPeng;@pinklady5996;Tumben ya dokter jdi laen;2026-06-01T19:11:59Z;0;tidak biasa ya dokter jadi lain;negatif;0.9895
41itFALrNU8;#ngopenk  PODCAST BERSAMA ALDI TAHER, OBROLAN PENUH FILOSOFIS;Tirta PengPengPeng;@fransiskusding8288;Bener² cocok berdua❤❤❤❤;2026-06-01T16:54:45Z;0;bener² cocok berdua;positif;0.9947
41itFALrNU8;#ngopenk  PODCAST BERSAMA ALDI TAHER, OBROLAN PENUH FILOSOFIS;Tirta PengPengPeng;@mioroblox-q8q;Jenius ketemu jenius, bestt ini artistik natural 🤲🏻👍🔥🔥🔥;2026-06-01T16:39:51Z;0;jenius ketemu jenius bestt ini artistik natural;positif;0.9974
41itFALrNU8;#ngopenk  PODCAST BERSAMA ALDI TAHER, OBROLAN PENUH FILOSOFIS;Tirta PengPengPeng;@SamsungA04-gg9dg;"Asik lihat tongkrongan mereka 😂😂😂😂
Seru sekali ❤";2026-06-01T15:30:21Z;0;asik lihat tongkrongan mereka seru sekali;positif;0.9388
41itFALrNU8;#ngopenk  PODCAST BERSAMA ALDI TAHER, OBROLAN PENUH FILOSOFIS;Tirta PengPengPeng;@sbprojectnew;Stressss;2026-06-01T14:35:48Z;0;stress;negatif;0.9951
41itFALrNU8;#ngopenk  PODCAST BERSAMA ALDI TAHER, OBROLAN PENUH FILOSOFIS;Tirta PengPengPeng;@ronggurelsafan381;BADZINGAAAAN WKWKWKWK;2026-06-01T13:04:18Z;0;badzingaan wkwkwkwk;negatif;0.8836
41itFALrNU8;#ngopenk  PODCAST BERSAMA ALDI TAHER, OBROLAN PENUH FILOSOFIS;Tirta PengPengPeng;@athargaming41;"Grab terbaik 
Brand mana lagi harus ngundang mereka berdua";2026-06-01T12:49:22Z;0;grab terbaik brand mana lagi harus ngundang mereka berdua;positif;0.6343
41itFALrNU8;#ngopenk  PODCAST BERSAMA ALDI TAHER, OBROLAN PENUH FILOSOFIS;Tirta PengPengPeng;@athargaming41;"Podcast terkeren 2026 
Buat podcast hostnya mereka berdua mantap ini....😂😂😂😂";2026-06-01T12:41:18Z;0;podcast terkeren buat podcast hostnya mereka berdua mantap ini;positif;0.997
41itFALrNU8;#ngopenk  PODCAST BERSAMA ALDI TAHER, OBROLAN PENUH FILOSOFIS;Tirta PengPengPeng;@cindyananda9799;Ini podcast apa sih 😭🤣;2026-06-01T12:33:11Z;0;ini podcast apa sih;negatif;0.9935
41itFALrNU8;#ngopenk  PODCAST BERSAMA ALDI TAHER, OBROLAN PENUH FILOSOFIS;Tirta PengPengPeng;@AlindysChannel;Ini podcast hilang arah bgt 😂😂😂;2026-06-01T12:14:54Z;0;ini podcast hilang arah sangat;negatif;0.9916
41itFALrNU8;#ngopenk  PODCAST BERSAMA ALDI TAHER, OBROLAN PENUH FILOSOFIS;Tirta PengPengPeng;@hestywin8605;Ya Allah ini nonton berdua yg nonton ikut stress;2026-06-01T11:25:07Z;0;ya allah ini nonton berdua yang nonton ikut stress;negatif;0.9959
41itFALrNU8;#ngopenk  PODCAST BERSAMA ALDI TAHER, OBROLAN PENUH FILOSOFIS;Tirta PengPengPeng;@RIKIRD-m9h;Dr.tirta thinking...kok ada org seperti ini.... temuan baru 😅😅😂😂😂😂;2026-06-01T11:07:42Z;1;dari tirta thinking kok ada orang seperti ini temuan baru;negatif;0.9921
41itFALrNU8;#ngopenk  PODCAST BERSAMA ALDI TAHER, OBROLAN PENUH FILOSOFIS;Tirta PengPengPeng;@DormanSaputra;😂;2026-06-01T09:08:18Z;0;;positif;0.8912
41itFALrNU8;#ngopenk  PODCAST BERSAMA ALDI TAHER, OBROLAN PENUH FILOSOFIS;Tirta PengPengPeng;@epiyak;IKUT STRES GUA;2026-06-01T06:46:31Z;0;ikut stres saya;negatif;0.9955
41itFALrNU8;#ngopenk  PODCAST BERSAMA ALDI TAHER, OBROLAN PENUH FILOSOFIS;Tirta PengPengPeng;@ArumWaharatri;Komennya gak kalah stres 😅;2026-06-01T06:00:56Z;0;komennya tidak kalah stres;positif;0.9976
41itFALrNU8;#ngopenk  PODCAST BERSAMA ALDI TAHER, OBROLAN PENUH FILOSOFIS;Tirta PengPengPeng;@bayilucu5401;Dr Tirta Islam ya;2026-06-01T05:38:48Z;0;dari tirta islam ya;negatif;0.9949
41itFALrNU8;#ngopenk  PODCAST BERSAMA ALDI TAHER, OBROLAN PENUH FILOSOFIS;Tirta PengPengPeng;@rick.279;Laki-laki sebenarnya anak kecil hanya saja laki-laki harus bertanggung jawab atas kehidupan semuanya;2026-06-01T05:34:55Z;0;laki laki sebenarnya anak kecil hanya saja laki laki harus bertanggung jawab atas kehidupan semuanya;negatif;0.9888
41itFALrNU8;#ngopenk  PODCAST BERSAMA ALDI TAHER, OBROLAN PENUH FILOSOFIS;Tirta PengPengPeng;@AhmadHaidar-i2w;the best podcast All of the time !!!!;2026-06-01T05:31:38Z;0;the best podcast all of the time;positif;0.9942
41itFALrNU8;#ngopenk  PODCAST BERSAMA ALDI TAHER, OBROLAN PENUH FILOSOFIS;Tirta PengPengPeng;@Satset12-p7t;50:50;2026-06-01T05:13:54Z;0;;positif;0.8912
41itFALrNU8;#ngopenk  PODCAST BERSAMA ALDI TAHER, OBROLAN PENUH FILOSOFIS;Tirta PengPengPeng;@SitiJamiah-e9f;Wow;2026-06-01T04:22:37Z;0;wow;positif;0.9964
41itFALrNU8;#ngopenk  PODCAST BERSAMA ALDI TAHER, OBROLAN PENUH FILOSOFIS;Tirta PengPengPeng;@titikwidyastuti2467;Pingin gitu ngobrol bareng sama Aldi Taher ma dokter Tirta pas lagi galau/depresi atau pas lagi stress, kayak nya bisa hilang tanpa harus minum obat dan tanpa harus ke psikolog/psikiater;2026-06-01T03:59:02Z;1;ingin begitu bicara bareng sama aldi taher ma dokter tirta pas lagi galau depresi atau pas lagi stress mirip nya bisa hilang tanpa harus minum obat dan tanpa harus ke psikolog psikiater;negatif;0.9844
41itFALrNU8;#ngopenk  PODCAST BERSAMA ALDI TAHER, OBROLAN PENUH FILOSOFIS;Tirta PengPengPeng;@AriSupriatna-m9w;gua jadi tambah pinter liat podcast ini 😭😭😭;2026-06-01T01:49:10Z;0;saya jadi tambah pintar liat podcast ini;positif;0.9868
41itFALrNU8;#ngopenk  PODCAST BERSAMA ALDI TAHER, OBROLAN PENUH FILOSOFIS;Tirta PengPengPeng;@fpachell;GUA NONTONIN APASIH SEBENARNYAAA 😭😭😭😭😭😭;2026-06-01T01:40:32Z;0;saya nontonin apasih sebenarnyaa;negatif;0.9261
41itFALrNU8;#ngopenk  PODCAST BERSAMA ALDI TAHER, OBROLAN PENUH FILOSOFIS;Tirta PengPengPeng;@AndrewpeaAndrew;obrolan laki laki jam 12 malem😂😂;2026-05-31T17:03:41Z;4;obrolan laki laki jam malam;netral;0.9259
41itFALrNU8;#ngopenk  PODCAST BERSAMA ALDI TAHER, OBROLAN PENUH FILOSOFIS;Tirta PengPengPeng;@launaainunaditya222;Saya salut, bapak dokter satu ini sangat sabar menghadapi pasiennya 😂😂😂;2026-05-31T16:43:48Z;4;saya salut bapak dokter satu ini sangat sabar menghadapi pasiennya;positif;0.9975
41itFALrNU8;#ngopenk  PODCAST BERSAMA ALDI TAHER, OBROLAN PENUH FILOSOFIS;Tirta PengPengPeng;@rizkisaputra3998;Gua jadi pusing njir nontonnya😭🤣;2026-05-31T16:43:39Z;0;saya jadi pusing njir nontonnya;negatif;0.9955
41itFALrNU8;#ngopenk  PODCAST BERSAMA ALDI TAHER, OBROLAN PENUH FILOSOFIS;Tirta PengPengPeng;@alfarizialzam.n8950;Kalo gila jangan ngajak2...tapi bener ke hype notice .. obrolan ngalor western.. 😅;2026-05-31T15:57:11Z;1;kalau gila jangan ngajak2 tapi benar ke hype notice obrolan ngalor western;negatif;0.9948
41itFALrNU8;#ngopenk  PODCAST BERSAMA ALDI TAHER, OBROLAN PENUH FILOSOFIS;Tirta PengPengPeng;@Muhaidir-q6w;Ya allah ini podcast apaan ya aldi taher ko jadi begini kelakuan nya;2026-05-31T15:10:08Z;0;ya allah ini podcast apaan ya aldi taher ko jadi begini kelakuan nya;negatif;0.9954
41itFALrNU8;#ngopenk  PODCAST BERSAMA ALDI TAHER, OBROLAN PENUH FILOSOFIS;Tirta PengPengPeng;@nendenhalimah6974;Pembahasan sebenarnya apa ini? 😭😭😭;2026-05-31T14:39:22Z;1;pembahasan sebenarnya apa ini;negatif;0.9901
41itFALrNU8;#ngopenk  PODCAST BERSAMA ALDI TAHER, OBROLAN PENUH FILOSOFIS;Tirta PengPengPeng;@yasir1397;Herman1;2026-05-31T10:55:58Z;0;herman1;netral;0.8509
41itFALrNU8;#ngopenk  PODCAST BERSAMA ALDI TAHER, OBROLAN PENUH FILOSOFIS;Tirta PengPengPeng;@MeRPS24;apakah setelah podcast ini..dr.tirta lngsung hibernasi 1 bulan? 🤣🤣🤣;2026-05-31T09:33:46Z;0;apakah setelah podcast ini dari tirta langsung hibernasi bulan;netral;0.97
41itFALrNU8;#ngopenk  PODCAST BERSAMA ALDI TAHER, OBROLAN PENUH FILOSOFIS;Tirta PengPengPeng;@raynaAzahra-v4v;Intinya ngomongin apa si;2026-05-31T09:27:47Z;1;intinya membicarakan apa si;negatif;0.8311
41itFALrNU8;#ngopenk  PODCAST BERSAMA ALDI TAHER, OBROLAN PENUH FILOSOFIS;Tirta PengPengPeng;@MohamadPazriPebriana-lj5gs;😂😂😂;2026-05-31T08:20:30Z;0;;positif;0.8912
41itFALrNU8;#ngopenk  PODCAST BERSAMA ALDI TAHER, OBROLAN PENUH FILOSOFIS;Tirta PengPengPeng;@043_AfifahAzzahra;GAKUAT;2026-05-31T07:19:13Z;0;tidak kuat;negatif;0.9941
41itFALrNU8;#ngopenk  PODCAST BERSAMA ALDI TAHER, OBROLAN PENUH FILOSOFIS;Tirta PengPengPeng;@Mizurumayar;Ini salah satu video yang dirilis pentagon? wwkwk;2026-05-31T06:06:57Z;0;ini salah satu video yang dirilis pentagon wwkwk;netral;0.979
41itFALrNU8;#ngopenk  PODCAST BERSAMA ALDI TAHER, OBROLAN PENUH FILOSOFIS;Tirta PengPengPeng;@trihariyanti886;aku dari kemarin nonton Colab ya mereka ngakak 🤣;2026-05-31T04:39:25Z;0;saya dari kemarin nonton colab ya mereka terbahak-bahak;negatif;0.9159
41itFALrNU8;#ngopenk  PODCAST BERSAMA ALDI TAHER, OBROLAN PENUH FILOSOFIS;Tirta PengPengPeng;@fallen6461;wong edan ketemu wong edan;2026-05-31T04:16:37Z;0;wong edan ketemu wong edan;negatif;0.9958
41itFALrNU8;#ngopenk  PODCAST BERSAMA ALDI TAHER, OBROLAN PENUH FILOSOFIS;Tirta PengPengPeng;@principalroza8957;Biasanya ini obrolan laki laki jam 3 pagi 😂;2026-05-31T03:56:46Z;0;biasanya ini obrolan laki laki jam pagi;netral;0.8936
41itFALrNU8;#ngopenk  PODCAST BERSAMA ALDI TAHER, OBROLAN PENUH FILOSOFIS;Tirta PengPengPeng;@Elvira_Putri_Ramadhan;cuma dia lho yg ga masuk akal bisa jadi masuk akal😭😭😭;2026-05-31T03:02:13Z;0;cuma dia lho yang tidak masuk akal bisa jadi masuk akal;negatif;0.9958
41itFALrNU8;#ngopenk  PODCAST BERSAMA ALDI TAHER, OBROLAN PENUH FILOSOFIS;Tirta PengPengPeng;@Manda-y2f;Kasian dr tirta 😭😭😭;2026-05-31T02:10:17Z;0;kasihan dari tirta;negatif;0.996
41itFALrNU8;#ngopenk  PODCAST BERSAMA ALDI TAHER, OBROLAN PENUH FILOSOFIS;Tirta PengPengPeng;@Mega-eg5gj;😂😢;2026-05-31T01:30:41Z;0;;positif;0.8912
41itFALrNU8;#ngopenk  PODCAST BERSAMA ALDI TAHER, OBROLAN PENUH FILOSOFIS;Tirta PengPengPeng;@dedenhidayat3648;Pecah beut 😂;2026-05-31T01:09:12Z;0;pecah beut;negatif;0.9908
41itFALrNU8;#ngopenk  PODCAST BERSAMA ALDI TAHER, OBROLAN PENUH FILOSOFIS;Tirta PengPengPeng;@PurnawatiPurnawati-m3g;Team nonton sampai akhir.tp tidak tahu apa yg mereka bicarakan😂😂😂;2026-05-31T01:07:36Z;1;team nonton sampai akhir tapi tidak tahu apa yang mereka bicarakan;negatif;0.9735
41itFALrNU8;#ngopenk  PODCAST BERSAMA ALDI TAHER, OBROLAN PENUH FILOSOFIS;Tirta PengPengPeng;@saufazahida1731;Baru nonton udah kocak;2026-05-30T23:03:14Z;0;baru nonton sudah kocak;negatif;0.9914
41itFALrNU8;#ngopenk  PODCAST BERSAMA ALDI TAHER, OBROLAN PENUH FILOSOFIS;Tirta PengPengPeng;@dilaputri6716;Detik2 dr tirta terjangkit wabah aldi taherr😂😂😂;2026-05-30T22:40:13Z;0;detik2 dari tirta terjangkit wabah aldi taherr;netral;0.9783
41itFALrNU8;#ngopenk  PODCAST BERSAMA ALDI TAHER, OBROLAN PENUH FILOSOFIS;Tirta PengPengPeng;@sitimuslimah6722;dokter tirta❤❤❤❤❤ i love you 😂😂😂😂😂😂teryata ❤❤❤❤😂😂😂😂🎉🎉🎉🎉;2026-05-30T19:15:34Z;0;dokter tirta i cinta you teryata;positif;0.9695
41itFALrNU8;#ngopenk  PODCAST BERSAMA ALDI TAHER, OBROLAN PENUH FILOSOFIS;Tirta PengPengPeng;@projec_Elite;awal kembalinya peradaban, rispek tirta 🙌🏼;2026-05-30T17:09:37Z;0;awal kembalinya peradaban rispek tirta;netral;0.9034
41itFALrNU8;#ngopenk  PODCAST BERSAMA ALDI TAHER, OBROLAN PENUH FILOSOFIS;Tirta PengPengPeng;@jagalpapua5855;Lucinta luna 😂😂😂😂😂;2026-05-30T16:32:39Z;0;lucinta luna;netral;0.7737
41itFALrNU8;#ngopenk  PODCAST BERSAMA ALDI TAHER, OBROLAN PENUH FILOSOFIS;Tirta PengPengPeng;@iksan-1997;"no gimmick
laper dan enak😂😂🤣";2026-05-30T16:11:11Z;0;no gimmick lapar dan enak;positif;0.997
41itFALrNU8;#ngopenk  PODCAST BERSAMA ALDI TAHER, OBROLAN PENUH FILOSOFIS;Tirta PengPengPeng;@dilihatdidengar;31:24 😂;2026-05-30T16:07:53Z;0;;positif;0.8912
41itFALrNU8;#ngopenk  PODCAST BERSAMA ALDI TAHER, OBROLAN PENUH FILOSOFIS;Tirta PengPengPeng;@Vinizhier;positif tambah negatif = negatif😂😂😂😂😂😂;2026-05-30T15:18:08Z;0;positif tambah negatif negatif;negatif;0.9361
41itFALrNU8;#ngopenk  PODCAST BERSAMA ALDI TAHER, OBROLAN PENUH FILOSOFIS;Tirta PengPengPeng;@kingclipperai;Nanya apa dijawap apa jirr😅;2026-05-30T14:57:15Z;0;tanya apa dijawap apa jirr;netral;0.9723
41itFALrNU8;#ngopenk  PODCAST BERSAMA ALDI TAHER, OBROLAN PENUH FILOSOFIS;Tirta PengPengPeng;@AlPutra-ka4;Ada yang tau ada berapa topik yang di bahas? 😅😂;2026-05-30T14:38:04Z;0;ada yang tahu ada berapa topik yang di bahas;netral;0.9527
41itFALrNU8;#ngopenk  PODCAST BERSAMA ALDI TAHER, OBROLAN PENUH FILOSOFIS;Tirta PengPengPeng;@RhasyaQueen-rs2hx;Mereka kaya gak ada kamera;2026-05-30T14:20:27Z;0;mereka kaya tidak ada kamera;negatif;0.9958
41itFALrNU8;#ngopenk  PODCAST BERSAMA ALDI TAHER, OBROLAN PENUH FILOSOFIS;Tirta PengPengPeng;@RhasyaQueen-rs2hx;Astagfirullah ini kenapa sih mereka;2026-05-30T14:10:58Z;0;astagfirullah ini kenapa sih mereka;negatif;0.9961
41itFALrNU8;#ngopenk  PODCAST BERSAMA ALDI TAHER, OBROLAN PENUH FILOSOFIS;Tirta PengPengPeng;@qwntl1337;bangsattttt podcast tanpa arah 🤣🤣;2026-05-30T14:09:47Z;0;bangsatt podcast tanpa arah;negatif;0.9431
41itFALrNU8;#ngopenk  PODCAST BERSAMA ALDI TAHER, OBROLAN PENUH FILOSOFIS;Tirta PengPengPeng;@aryaniisdiana4213;lucu bangettttt 😂😂😂;2026-05-30T13:23:57Z;0;lucu sangat;positif;0.9975
41itFALrNU8;#ngopenk  PODCAST BERSAMA ALDI TAHER, OBROLAN PENUH FILOSOFIS;Tirta PengPengPeng;@radenwirahadian9069;Cape juga dikasih bintang tamu begini,,,mau marah udah cape duluan jir...... Wkwkkwkww😂😂😂;2026-05-30T13:22:43Z;0;capai juga dikasih bintang tamu begini mau marah sudah capai duluan jir wkwkkwkww;negatif;0.9958
41itFALrNU8;#ngopenk  PODCAST BERSAMA ALDI TAHER, OBROLAN PENUH FILOSOFIS;Tirta PengPengPeng;@nunuknugroho8781;wkwkwk... apa ini ;2026-05-30T12:51:45Z;0;wkwkwk apa ini;negatif;0.9901
41itFALrNU8;#ngopenk  PODCAST BERSAMA ALDI TAHER, OBROLAN PENUH FILOSOFIS;Tirta PengPengPeng;@ArsilaAditya;Plenger bngt;2026-05-30T12:48:08Z;0;plenger sangat;positif;0.9785
41itFALrNU8;#ngopenk  PODCAST BERSAMA ALDI TAHER, OBROLAN PENUH FILOSOFIS;Tirta PengPengPeng;@arielbee2248;Otak gw kram bang;2026-05-30T12:01:02Z;1;otak saya kram bang;negatif;0.9959
41itFALrNU8;#ngopenk  PODCAST BERSAMA ALDI TAHER, OBROLAN PENUH FILOSOFIS;Tirta PengPengPeng;@HellikHermawanCGI;wkkwkwkwkwkwk gw nonton spaneng;2026-05-30T11:03:14Z;0;wkkwkwkwkwkwk saya nonton spaneng;netral;0.9819
41itFALrNU8;#ngopenk  PODCAST BERSAMA ALDI TAHER, OBROLAN PENUH FILOSOFIS;Tirta PengPengPeng;@Areesams;Seruuu lagi;2026-05-30T10:49:59Z;0;seruu lagi;negatif;0.9817
41itFALrNU8;#ngopenk  PODCAST BERSAMA ALDI TAHER, OBROLAN PENUH FILOSOFIS;Tirta PengPengPeng;@ilaDahlan-p1e;Couple edannn sumpah ngakak akuuuu edannnn cokkkk🎉😂😂😂😂;2026-05-30T09:35:50Z;0;couple edann sumpah terbahak-bahak akuu edann cokk;netral;0.6255
41itFALrNU8;#ngopenk  PODCAST BERSAMA ALDI TAHER, OBROLAN PENUH FILOSOFIS;Tirta PengPengPeng;@irameriyanapitaloka4948;astaghfirullah obrolan apa ini;2026-05-30T09:14:11Z;0;astaghfirullah obrolan apa ini;negatif;0.9952
41itFALrNU8;#ngopenk  PODCAST BERSAMA ALDI TAHER, OBROLAN PENUH FILOSOFIS;Tirta PengPengPeng;@chrishadi4338;Kocak 😂;2026-05-30T09:13:15Z;0;kocak;positif;0.9959
41itFALrNU8;#ngopenk  PODCAST BERSAMA ALDI TAHER, OBROLAN PENUH FILOSOFIS;Tirta PengPengPeng;@SubhanHusen-s3m;😂😂😂🎉🎉🎉;2026-05-30T08:31:42Z;0;;positif;0.8912
41itFALrNU8;#ngopenk  PODCAST BERSAMA ALDI TAHER, OBROLAN PENUH FILOSOFIS;Tirta PengPengPeng;@Sellamay27;Sepanjang vidio ngakak trs gakuat;2026-05-30T08:22:39Z;0;sepanjang vidio terbahak-bahak terus tidak kuat;negatif;0.9915
41itFALrNU8;#ngopenk  PODCAST BERSAMA ALDI TAHER, OBROLAN PENUH FILOSOFIS;Tirta PengPengPeng;@famelyna;Mereka sbnrnya lagi ngapain sih😭;2026-05-30T08:03:19Z;0;mereka sebenarnya lagi ngapain sih;negatif;0.9958
41itFALrNU8;#ngopenk  PODCAST BERSAMA ALDI TAHER, OBROLAN PENUH FILOSOFIS;Tirta PengPengPeng;@IndrianiAstuti-h5p;Stress nya nyambung Astaghfirullah 😭🤣;2026-05-30T07:34:52Z;0;stress nya nyambung astaghfirullah;negatif;0.996
41itFALrNU8;#ngopenk  PODCAST BERSAMA ALDI TAHER, OBROLAN PENUH FILOSOFIS;Tirta PengPengPeng;@nirwanaamak8513;😮😅 random banget🎉;2026-05-30T06:35:17Z;0;random sekali;negatif;0.9597
41itFALrNU8;#ngopenk  PODCAST BERSAMA ALDI TAHER, OBROLAN PENUH FILOSOFIS;Tirta PengPengPeng;@andringenes6268;Podcas kya gini yg sbenernya sungguh mnghibur,;2026-05-30T06:08:34Z;0;podcas kya gini yang sbenernya sungguh mnghibur;positif;0.9882
41itFALrNU8;#ngopenk  PODCAST BERSAMA ALDI TAHER, OBROLAN PENUH FILOSOFIS;Tirta PengPengPeng;@AlfianFian-t2s6j;Randommm pecaahhhh;2026-05-30T05:42:22Z;1;randomm pecaahh;negatif;0.9954
41itFALrNU8;#ngopenk  PODCAST BERSAMA ALDI TAHER, OBROLAN PENUH FILOSOFIS;Tirta PengPengPeng;@kjtrasika9438;Gemblung kabehhhh;2026-05-30T05:35:47Z;0;gemblung kabehh;negatif;0.9957
41itFALrNU8;#ngopenk  PODCAST BERSAMA ALDI TAHER, OBROLAN PENUH FILOSOFIS;Tirta PengPengPeng;@ViVian-ql3no;DIAA KENAPA SIII😭😭😭😭😭;2026-05-30T04:57:45Z;0;diaa kenapa sii;negatif;0.9956
41itFALrNU8;#ngopenk  PODCAST BERSAMA ALDI TAHER, OBROLAN PENUH FILOSOFIS;Tirta PengPengPeng;@EndiFurqon-q8q;"Aldi Taher is The Real Warrior of ""Dunia adalah Senda Gurau belaka""";2026-05-30T02:38:48Z;0;aldi taher is the real warrior of dunia adalah senda gurau belaka;netral;0.9422
41itFALrNU8;#ngopenk  PODCAST BERSAMA ALDI TAHER, OBROLAN PENUH FILOSOFIS;Tirta PengPengPeng;@amtdronie87;KEINGATAN SAMA SUARA OLGA SAPUTRA;2026-05-30T01:30:22Z;0;keingatan sama suara olga saputra;negatif;0.9579
41itFALrNU8;#ngopenk  PODCAST BERSAMA ALDI TAHER, OBROLAN PENUH FILOSOFIS;Tirta PengPengPeng;@DNd-wz7zv;Undang dr Ryu Hasan kalo berani, bahas agama dan sains 😅;2026-05-30T01:29:42Z;0;undang dari ryu hasan kalau berani bahas agama dan sains;netral;0.9267
41itFALrNU8;#ngopenk  PODCAST BERSAMA ALDI TAHER, OBROLAN PENUH FILOSOFIS;Tirta PengPengPeng;@Zamdays;Gw nonton apaaa ini🗿;2026-05-30T00:53:10Z;0;saya nonton apaa ini;netral;0.6877
41itFALrNU8;#ngopenk  PODCAST BERSAMA ALDI TAHER, OBROLAN PENUH FILOSOFIS;Tirta PengPengPeng;@azruene;Keren dokter cara jualan yg gilaaaaaa ga bosenin, bikin penasaran sm produknya siap order by GRAB nih mksh dokter;2026-05-30T00:14:30Z;0;keren dokter cara jualan yang gilaa tidak bosenin bikin penasaran sama produknya siap order by grab nih terima kasih dokter;positif;0.9261
41itFALrNU8;#ngopenk  PODCAST BERSAMA ALDI TAHER, OBROLAN PENUH FILOSOFIS;Tirta PengPengPeng;@bakhru13;kerennn full daging;2026-05-29T23:56:26Z;0;kerenn full daging;positif;0.9961
41itFALrNU8;#ngopenk  PODCAST BERSAMA ALDI TAHER, OBROLAN PENUH FILOSOFIS;Tirta PengPengPeng;@babyshark1836;4:15 😂😂😂😂😂😂;2026-05-29T18:12:08Z;0;;positif;0.8912
41itFALrNU8;#ngopenk  PODCAST BERSAMA ALDI TAHER, OBROLAN PENUH FILOSOFIS;Tirta PengPengPeng;@lulaleloli;ga sanggup 😭;2026-05-29T17:27:18Z;0;tidak sanggup;negatif;0.9959
41itFALrNU8;#ngopenk  PODCAST BERSAMA ALDI TAHER, OBROLAN PENUH FILOSOFIS;Tirta PengPengPeng;@Cimitcan;Yg bawa acara stres yg nnton ikutan stres😭🤣;2026-05-29T15:02:52Z;0;yang bawa acara stres yang nonton ikutan stres;negatif;0.9941
41itFALrNU8;#ngopenk  PODCAST BERSAMA ALDI TAHER, OBROLAN PENUH FILOSOFIS;Tirta PengPengPeng;@ttiaseptiaaa1439;abis nonton mereka di podcast bang radit, ternyata disini lebih asbun;2026-05-29T12:57:49Z;1;abis nonton mereka di podcast bang radit ternyata disini lebih asbun;negatif;0.9412
41itFALrNU8;#ngopenk  PODCAST BERSAMA ALDI TAHER, OBROLAN PENUH FILOSOFIS;Tirta PengPengPeng;@lalumasriadi3604;Dia sadar ga sih?;2026-05-29T12:53:04Z;0;dia sadar tidak sih;negatif;0.6578
41itFALrNU8;#ngopenk  PODCAST BERSAMA ALDI TAHER, OBROLAN PENUH FILOSOFIS;Tirta PengPengPeng;@maulidharachma;Pgn stop tapi gbisa penasaran bahas apalagi nih orang 😂😂😂;2026-05-29T11:57:35Z;0;ingin stop tapi gbisa penasaran bahas apalagi nih orang;negatif;0.995
41itFALrNU8;#ngopenk  PODCAST BERSAMA ALDI TAHER, OBROLAN PENUH FILOSOFIS;Tirta PengPengPeng;@ZakkiFijarfs;Pusing aku;2026-05-29T11:41:27Z;0;pusing saya;negatif;0.9953
41itFALrNU8;#ngopenk  PODCAST BERSAMA ALDI TAHER, OBROLAN PENUH FILOSOFIS;Tirta PengPengPeng;@shofisurya1150;Flight of idea 😂😂😂😂;2026-05-29T10:37:38Z;0;flight of idea;netral;0.499
41itFALrNU8;#ngopenk  PODCAST BERSAMA ALDI TAHER, OBROLAN PENUH FILOSOFIS;Tirta PengPengPeng;@NisaThoyibatun;"Baru lihat mereka berdua . cocok nih sama"" Gokil😅😅😅";2026-05-29T09:58:41Z;0;baru lihat mereka berdua cocok nih sama gokil;positif;0.9231
41itFALrNU8;#ngopenk  PODCAST BERSAMA ALDI TAHER, OBROLAN PENUH FILOSOFIS;Tirta PengPengPeng;@mentahanmusik;Goundeng Kabeh.....😂😂;2026-05-29T09:56:16Z;0;goundeng kabeh;netral;0.9327
41itFALrNU8;#ngopenk  PODCAST BERSAMA ALDI TAHER, OBROLAN PENUH FILOSOFIS;Tirta PengPengPeng;@AhmadSuyuti-k4g;Kerja, mangan, masker 😂😂😂😂;2026-05-29T09:21:42Z;0;kerja mangan masker;negatif;0.9668
41itFALrNU8;#ngopenk  PODCAST BERSAMA ALDI TAHER, OBROLAN PENUH FILOSOFIS;Tirta PengPengPeng;@jey7117;Romantis banget cuap cuap😭😭;2026-05-29T07:13:27Z;0;romantis sekali cuap cuap;positif;0.8965
41itFALrNU8;#ngopenk  PODCAST BERSAMA ALDI TAHER, OBROLAN PENUH FILOSOFIS;Tirta PengPengPeng;@jey7117;MasyaAllah bisa cocok gitu ya😂;2026-05-29T07:00:04Z;0;masyaallah bisa cocok begitu ya;negatif;0.958
41itFALrNU8;#ngopenk  PODCAST BERSAMA ALDI TAHER, OBROLAN PENUH FILOSOFIS;Tirta PengPengPeng;@Ez_Dx;1 detik pun ga gua skip anjjj :v;2026-05-29T06:57:14Z;0;detik pun tidak saya skip anjj v;negatif;0.9663
41itFALrNU8;#ngopenk  PODCAST BERSAMA ALDI TAHER, OBROLAN PENUH FILOSOFIS;Tirta PengPengPeng;@bakaricky826;Obrolan apa ini 😂;2026-05-29T06:40:40Z;0;obrolan apa ini;negatif;0.9914
41itFALrNU8;#ngopenk  PODCAST BERSAMA ALDI TAHER, OBROLAN PENUH FILOSOFIS;Tirta PengPengPeng;@nadiagaluhamararanggita5306;Pada ngapa nyakk😂😂;2026-05-29T06:10:11Z;0;pada ngapa nyakk;negatif;0.6993
41itFALrNU8;#ngopenk  PODCAST BERSAMA ALDI TAHER, OBROLAN PENUH FILOSOFIS;Tirta PengPengPeng;@4rhnja_;PODCAST OPO KI COOOOK;2026-05-29T05:45:50Z;0;podcast opo ki cook;netral;0.9765
41itFALrNU8;#ngopenk  PODCAST BERSAMA ALDI TAHER, OBROLAN PENUH FILOSOFIS;Tirta PengPengPeng;@SultanBoss-f5r;Aku GK mau stres dan GK mau ribet , serius aku kalau ngomong kek Aldi Taher GK nyambung tapi mau ngomong Mulu ampek laki aku emosi Mulu kalau ngomong ma aku 😭😭😭 , aku di bilang stres padahal aku hanya mengatur diri agar selalu tenang dan senang dalam ke adaan apapun 😊;2026-05-29T04:52:01Z;0;saya tidak mau stres dan tidak mau ribet serius saya kalau bicara kek aldi taher tidak nyambung tapi mau bicara terus ampek laki saya emosi terus kalau bicara ma saya saya di bilang stres padahal saya hanya mengatur diri agar selalu tenang dan senang dalam ke adaan apapun;negatif;0.9481
41itFALrNU8;#ngopenk  PODCAST BERSAMA ALDI TAHER, OBROLAN PENUH FILOSOFIS;Tirta PengPengPeng;@karyanakbang;"16.40 : 3 kata lucu ""BURGER ISI MELON""

MATANEEE....";2026-05-29T04:36:28Z;0;kata lucu burger isi melon matanee;positif;0.9618
41itFALrNU8;#ngopenk  PODCAST BERSAMA ALDI TAHER, OBROLAN PENUH FILOSOFIS;Tirta PengPengPeng;@wanest_id;petjahhhhh;2026-05-29T04:26:45Z;0;petjahh;positif;0.4946
41itFALrNU8;#ngopenk  PODCAST BERSAMA ALDI TAHER, OBROLAN PENUH FILOSOFIS;Tirta PengPengPeng;@fira5102;❤❤;2026-05-29T04:08:03Z;0;;positif;0.8912
41itFALrNU8;#ngopenk  PODCAST BERSAMA ALDI TAHER, OBROLAN PENUH FILOSOFIS;Tirta PengPengPeng;@muhamadsendryansyah924;Stresss😂😂;2026-05-29T01:38:20Z;0;stress;negatif;0.9951
41itFALrNU8;#ngopenk  PODCAST BERSAMA ALDI TAHER, OBROLAN PENUH FILOSOFIS;Tirta PengPengPeng;@shelymulyanto1646;Gara2 video kali ini. Aku jadi subcribe;2026-05-29T01:01:46Z;0;gara2 video kali ini saya jadi subcribe;netral;0.9733
41itFALrNU8;#ngopenk  PODCAST BERSAMA ALDI TAHER, OBROLAN PENUH FILOSOFIS;Tirta PengPengPeng;@AdminMysingcafe;Ulang lagi donk dok, asli dari awal sampe akhir ngocok bgt,;2026-05-29T00:08:49Z;0;ulang lagi donk dok asli dari awal sampai akhir ngocok sangat;negatif;0.9908
41itFALrNU8;#ngopenk  PODCAST BERSAMA ALDI TAHER, OBROLAN PENUH FILOSOFIS;Tirta PengPengPeng;@sugardaddz;😭😭😭😭;2026-05-28T23:02:08Z;0;;positif;0.8912
41itFALrNU8;#ngopenk  PODCAST BERSAMA ALDI TAHER, OBROLAN PENUH FILOSOFIS;Tirta PengPengPeng;@bakhtiarsetyawan7350;IQ dr.tirta downgrade.. wkwkwk;2026-05-28T22:27:39Z;0;iq dari tirta downgrade wkwkwk;netral;0.8624
41itFALrNU8;#ngopenk  PODCAST BERSAMA ALDI TAHER, OBROLAN PENUH FILOSOFIS;Tirta PengPengPeng;@anakesugeng04;dokter tirta mirip doni yen.pemeran ip men;2026-05-28T20:30:31Z;0;dokter tirta mirip doni yen pemeran ip men;netral;0.9797
41itFALrNU8;#ngopenk  PODCAST BERSAMA ALDI TAHER, OBROLAN PENUH FILOSOFIS;Tirta PengPengPeng;@nafis0689;Asbun banget mereka berdua 😭😭 topik nya 7× 24jam awoakaowakwoaka;2026-05-28T19:32:35Z;0;asbun sekali mereka berdua topik nya 24jam awoakaowakwoaka;netral;0.7209
41itFALrNU8;#ngopenk  PODCAST BERSAMA ALDI TAHER, OBROLAN PENUH FILOSOFIS;Tirta PengPengPeng;@gendiess;GUE NONTON APASIII AMYINGGGG;2026-05-28T18:32:31Z;0;saya nonton apasii amyingg;netral;0.7172
41itFALrNU8;#ngopenk  PODCAST BERSAMA ALDI TAHER, OBROLAN PENUH FILOSOFIS;Tirta PengPengPeng;@ardiwulan4274;sudah dua kali kesini;2026-05-28T18:27:49Z;0;sudah dua kali kesini;netral;0.8021
41itFALrNU8;#ngopenk  PODCAST BERSAMA ALDI TAHER, OBROLAN PENUH FILOSOFIS;Tirta PengPengPeng;@29_rafiffirjatullah;dr tirta katanya pernah ngurusin org sakit jiwa, keknya bakal mirip sm video ini perlakuannya menghadapi pasien;2026-05-28T17:55:38Z;40;dari tirta katanya pernah ngurusin orang sakit jiwa sepertinya bakal mirip sama video ini perlakuannya menghadapi pasien;negatif;0.8898
41itFALrNU8;#ngopenk  PODCAST BERSAMA ALDI TAHER, OBROLAN PENUH FILOSOFIS;Tirta PengPengPeng;@mirahasyim;Kayanya cuma sm Dr.Tirta aja aldi bisa ngakak juga sm kelakuannya sndiri 🤣🤣;2026-05-28T16:15:24Z;0;kayaknya cuma sama dari tirta saja aldi bisa terbahak-bahak juga sama kelakuannya sendiri;negatif;0.996
41itFALrNU8;#ngopenk  PODCAST BERSAMA ALDI TAHER, OBROLAN PENUH FILOSOFIS;Tirta PengPengPeng;@Numfamily22;Jujur alurnya gak jelas tapi bikin betah nghibur banget ketawa muluk😂;2026-05-28T16:11:19Z;0;jujur alurnya tidak jelas tapi bikin betah nghibur sekali tertawa muluk;negatif;0.9929
41itFALrNU8;#ngopenk  PODCAST BERSAMA ALDI TAHER, OBROLAN PENUH FILOSOFIS;Tirta PengPengPeng;@bunaiyadean4092;"2 SKS..
😂😂😂😂";2026-05-28T16:02:02Z;0;sks;negatif;0.9097
41itFALrNU8;#ngopenk  PODCAST BERSAMA ALDI TAHER, OBROLAN PENUH FILOSOFIS;Tirta PengPengPeng;@Bayuswaifu.99;pls satuin aldy, dr. tirta, dr. gia sama fajar sad boy;2026-05-28T15:21:09Z;0;pls satuin aldy dari tirta dari gia sama fajar sad boy;netral;0.9591
41itFALrNU8;#ngopenk  PODCAST BERSAMA ALDI TAHER, OBROLAN PENUH FILOSOFIS;Tirta PengPengPeng;@RedmiGundi-l7j;Jane seng di bahas opo toh, tak rungok, rungokno kok ra nyambung blas, ape guyu seng tk guyu opoo ape pindah canel kudu delok mumet ndasku😂😂😂;2026-05-28T15:20:02Z;0;jane seng di bahas opo toh tak rungok rungokno kok ra nyambung blas ape guyu seng tk guyu opoo ape pindah canel kudu delok mumet ndasku;negatif;0.9764
41itFALrNU8;#ngopenk  PODCAST BERSAMA ALDI TAHER, OBROLAN PENUH FILOSOFIS;Tirta PengPengPeng;@IMetzSukses;"Setelah liat vidio ini baru aku tau ternyata dr, tirta sabar banget orangnya😅
Undang lg nanti bang seruuuu loh podcast nya🎉🎉🎉";2026-05-28T15:19:21Z;1;setelah liat vidio ini baru saya tahu ternyata dari tirta sabar sekali orangnya undang lagi nanti bang seruu loh podcast nya;positif;0.911
41itFALrNU8;#ngopenk  PODCAST BERSAMA ALDI TAHER, OBROLAN PENUH FILOSOFIS;Tirta PengPengPeng;@andyzakki2141;sumpaaaah keren dan ngakak, jokes dan obrolan yg gatau kemana ini bisa gua ketawa😂😂😂;2026-05-28T15:11:35Z;0;sumpaah keren dan terbahak-bahak jokes dan obrolan yang tidak tahu kemana ini bisa saya tertawa;positif;0.9498
41itFALrNU8;#ngopenk  PODCAST BERSAMA ALDI TAHER, OBROLAN PENUH FILOSOFIS;Tirta PengPengPeng;@MRSHTAB-e7l;gak jelas bangeat ini tapi dr tirta bisa sabar banget wwkwkwkwkk;2026-05-28T15:01:18Z;1;tidak jelas bangeat ini tapi dari tirta bisa sabar sekali wwkwkwkwkk;positif;0.4983
41itFALrNU8;#ngopenk  PODCAST BERSAMA ALDI TAHER, OBROLAN PENUH FILOSOFIS;Tirta PengPengPeng;@winamutz3854;Kok bisa ngimbangi ya... Itu sabar banget dr Tirta. Q yg nonton bingung... Obrolannya ambigu;2026-05-28T14:25:26Z;1;kok bisa ngimbangi ya itu sabar sekali dari tirta saya yang nonton bingung obrolannya ambigu;negatif;0.9956
41itFALrNU8;#ngopenk  PODCAST BERSAMA ALDI TAHER, OBROLAN PENUH FILOSOFIS;Tirta PengPengPeng;@KurniaWandi-e3r;tumben sabar dr tirta😂😂😂😂😂;2026-05-28T13:38:45Z;0;tidak biasa sabar dari tirta;negatif;0.996
41itFALrNU8;#ngopenk  PODCAST BERSAMA ALDI TAHER, OBROLAN PENUH FILOSOFIS;Tirta PengPengPeng;@Pbys96;Mantap ni org be 2 😂😂😂;2026-05-28T13:10:52Z;0;mantap ini orang be;positif;0.9967
41itFALrNU8;#ngopenk  PODCAST BERSAMA ALDI TAHER, OBROLAN PENUH FILOSOFIS;Tirta PengPengPeng;@salmanal9609;Siapa saja nama artis yang disebut disini 😭;2026-05-28T12:56:22Z;1;siapa saja nama artis yang disebut disini;negatif;0.9411
41itFALrNU8;#ngopenk  PODCAST BERSAMA ALDI TAHER, OBROLAN PENUH FILOSOFIS;Tirta PengPengPeng;@Pbys96;😂😂😂😂;2026-05-28T12:44:06Z;0;;positif;0.8912
41itFALrNU8;#ngopenk  PODCAST BERSAMA ALDI TAHER, OBROLAN PENUH FILOSOFIS;Tirta PengPengPeng;@nikawatiindah3531;😂😂;2026-05-28T12:28:03Z;0;;positif;0.8912
41itFALrNU8;#ngopenk  PODCAST BERSAMA ALDI TAHER, OBROLAN PENUH FILOSOFIS;Tirta PengPengPeng;@fathanibrahim6660;gajelas bngt😂;2026-05-28T12:20:37Z;0;tidak jelas sangat;negatif;0.9957
41itFALrNU8;#ngopenk  PODCAST BERSAMA ALDI TAHER, OBROLAN PENUH FILOSOFIS;Tirta PengPengPeng;@X-10ANINDYAQOLBY;nonton ini iqku bermasalah deh;2026-05-28T12:20:08Z;0;nonton ini iqku bermasalah deh;negatif;0.9959
41itFALrNU8;#ngopenk  PODCAST BERSAMA ALDI TAHER, OBROLAN PENUH FILOSOFIS;Tirta PengPengPeng;@bellawidiana2447;Kocak parah😂;2026-05-28T12:10:40Z;0;kocak parah;negatif;0.9663
41itFALrNU8;#ngopenk  PODCAST BERSAMA ALDI TAHER, OBROLAN PENUH FILOSOFIS;Tirta PengPengPeng;@sanfajar8829;The best podcast everrrrrr😅;2026-05-28T12:00:08Z;0;the best podcast everr;positif;0.9592
41itFALrNU8;#ngopenk  PODCAST BERSAMA ALDI TAHER, OBROLAN PENUH FILOSOFIS;Tirta PengPengPeng;@alinaamarta9953;terindikasi asam lambung dokter tirta naek 😂;2026-05-28T11:24:31Z;0;terindikasi asam lambung dokter tirta naik;netral;0.9751
41itFALrNU8;#ngopenk  PODCAST BERSAMA ALDI TAHER, OBROLAN PENUH FILOSOFIS;Tirta PengPengPeng;@pratidinadhe;Ayo dok lanjutkan, aldi taher,dr gia, raditya dika;2026-05-28T11:15:08Z;1;ayo dok lanjutkan aldi taher dari gia raditya dika;netral;0.9721
41itFALrNU8;#ngopenk  PODCAST BERSAMA ALDI TAHER, OBROLAN PENUH FILOSOFIS;Tirta PengPengPeng;@lilisatfri7637;tiap detik beda topik 😭😭😭;2026-05-28T10:24:23Z;0;tiap detik beda topik;netral;0.7518
41itFALrNU8;#ngopenk  PODCAST BERSAMA ALDI TAHER, OBROLAN PENUH FILOSOFIS;Tirta PengPengPeng;@BengaLL999;Cemas bgt nontonnya 😂;2026-05-28T10:11:37Z;0;cemas sangat nontonnya;negatif;0.9951
41itFALrNU8;#ngopenk  PODCAST BERSAMA ALDI TAHER, OBROLAN PENUH FILOSOFIS;Tirta PengPengPeng;@IstiPemalang;Dokter tirta duet sama aldi tahir tmbh ganteng 😂;2026-05-28T09:09:33Z;0;dokter tirta duet sama aldi tahir tambah ganteng;positif;0.9905
41itFALrNU8;#ngopenk  PODCAST BERSAMA ALDI TAHER, OBROLAN PENUH FILOSOFIS;Tirta PengPengPeng;@ulammngaliyan;ngekek aku 😜;2026-05-28T07:52:47Z;0;ngekek saya;negatif;0.9955
41itFALrNU8;#ngopenk  PODCAST BERSAMA ALDI TAHER, OBROLAN PENUH FILOSOFIS;Tirta PengPengPeng;@mustikaaprilia2525;ABSURD DAN ASBUN BANGETTTT 😅😅😅;2026-05-28T07:45:05Z;0;absurd dan asbun sangat;negatif;0.9955
41itFALrNU8;#ngopenk  PODCAST BERSAMA ALDI TAHER, OBROLAN PENUH FILOSOFIS;Tirta PengPengPeng;@muhammadbudi752;baru ini nyimak podcast dr tirta dari awal sampe akhir tanpa skip;2026-05-28T07:29:33Z;0;baru ini nyimak podcast dari tirta dari awal sampai akhir tanpa skip;netral;0.6437
41itFALrNU8;#ngopenk  PODCAST BERSAMA ALDI TAHER, OBROLAN PENUH FILOSOFIS;Tirta PengPengPeng;@vionaivanova1306;bisa-bisanya obrolan klop tanpa konsep 😂;2026-05-28T07:17:05Z;1;bisa bisanya obrolan klop tanpa konsep;netral;0.9255
41itFALrNU8;#ngopenk  PODCAST BERSAMA ALDI TAHER, OBROLAN PENUH FILOSOFIS;Tirta PengPengPeng;@restianahatim.93fm;49 menit cuma buat ngedengerin dua orang ngelantur hahaha plis tapi lucu aku nonton sambil makan kayak orang gila;2026-05-28T07:13:01Z;0;menit cuma buat ngedengerin dua orang ngelantur hahaha tolong tapi lucu saya nonton sambil makan mirip orang gila;negatif;0.99
41itFALrNU8;#ngopenk  PODCAST BERSAMA ALDI TAHER, OBROLAN PENUH FILOSOFIS;Tirta PengPengPeng;@HilmiyZahirinza;Gak jelas ni video, ngabisin paket ku aja😮‍💨;2026-05-28T06:24:53Z;1;tidak jelas ini video ngabisin paket ku saja;negatif;0.9935
41itFALrNU8;#ngopenk  PODCAST BERSAMA ALDI TAHER, OBROLAN PENUH FILOSOFIS;Tirta PengPengPeng;@RizkiJayaabadi-p3y;Dan tak liat sampe detik terakhir, banyak faedah Astagfiruallah Lahaula walakuata illahbillahilaliyul'adziim;2026-05-28T05:48:58Z;0;dan tak liat sampai detik terakhir banyak faedah astagfiruallah lahaula walakuata illahbillahilaliyul adziim;negatif;0.7245
41itFALrNU8;#ngopenk  PODCAST BERSAMA ALDI TAHER, OBROLAN PENUH FILOSOFIS;Tirta PengPengPeng;@marlinadewi6574;kocaaaakkkkk😂😂;2026-05-28T04:09:25Z;0;kocaakk;positif;0.9969
41itFALrNU8;#ngopenk  PODCAST BERSAMA ALDI TAHER, OBROLAN PENUH FILOSOFIS;Tirta PengPengPeng;@SangMorreno;herman1;2026-05-28T02:57:48Z;0;herman1;netral;0.8509
41itFALrNU8;#ngopenk  PODCAST BERSAMA ALDI TAHER, OBROLAN PENUH FILOSOFIS;Tirta PengPengPeng;@obetubaidillah2332;dari menit pertama same akhir, agedan paling fav menit ke 36:43 pas ngelap mulut si aldi wkwkwk;2026-05-28T02:55:08Z;0;dari menit pertama same akhir agedan paling favorit menit ke pas ngelap mulut si aldi wkwkwk;negatif;0.9734
41itFALrNU8;#ngopenk  PODCAST BERSAMA ALDI TAHER, OBROLAN PENUH FILOSOFIS;Tirta PengPengPeng;@therealkendang7376;seneng ya klo liat orang dagang sukses viral 😊;2026-05-28T02:52:31Z;0;senang ya kalau liat orang dagang sukses viral;positif;0.9881
41itFALrNU8;#ngopenk  PODCAST BERSAMA ALDI TAHER, OBROLAN PENUH FILOSOFIS;Tirta PengPengPeng;@AyahGaminggg;Dr tirta kok kaya Ip Man;2026-05-28T02:52:22Z;0;dari tirta kok kaya ip man;negatif;0.9953
41itFALrNU8;#ngopenk  PODCAST BERSAMA ALDI TAHER, OBROLAN PENUH FILOSOFIS;Tirta PengPengPeng;@AyahGaminggg;aaakakakakakaka apasssiiiiiiiii ahahahahaha..;2026-05-28T02:23:18Z;0;aakakakakakaka apassii ahahahahaha;netral;0.6319
41itFALrNU8;#ngopenk  PODCAST BERSAMA ALDI TAHER, OBROLAN PENUH FILOSOFIS;Tirta PengPengPeng;@AmarJalalludin;Hahhaahaha ngik ngik bgttstwwywwwwsss;2026-05-28T02:22:17Z;0;hahhaahaha ngik ngik bgttstwwy;positif;0.641
41itFALrNU8;#ngopenk  PODCAST BERSAMA ALDI TAHER, OBROLAN PENUH FILOSOFIS;Tirta PengPengPeng;@maryamwicky8607;16:56 🍈 di diskriminasi 😂;2026-05-28T01:56:49Z;0;di diskriminasi;positif;0.5046
41itFALrNU8;#ngopenk  PODCAST BERSAMA ALDI TAHER, OBROLAN PENUH FILOSOFIS;Tirta PengPengPeng;@maryamwicky8607;Stresssss 😂😂😂😂😂😂;2026-05-28T01:52:20Z;0;stress;negatif;0.9951
41itFALrNU8;#ngopenk  PODCAST BERSAMA ALDI TAHER, OBROLAN PENUH FILOSOFIS;Tirta PengPengPeng;@yess6089;Kok malah nonton spe habis ya bngst;2026-05-28T01:47:41Z;0;kok malah nonton spe habis ya bngst;negatif;0.9932
41itFALrNU8;#ngopenk  PODCAST BERSAMA ALDI TAHER, OBROLAN PENUH FILOSOFIS;Tirta PengPengPeng;@eryknovi01;Astaghfirullah dok perutku nyampe sakit 🤣🤣🤣🤣🤣;2026-05-28T01:37:40Z;0;astaghfirullah dok perutku sampai sakit;negatif;0.9952
41itFALrNU8;#ngopenk  PODCAST BERSAMA ALDI TAHER, OBROLAN PENUH FILOSOFIS;Tirta PengPengPeng;@karrenwijaya-i8f;boleh lagi dong, podcast sama aldi taher , sama dr tirta sama kak radit;2026-05-28T00:50:55Z;0;boleh lagi dong podcast sama aldi taher sama dari tirta sama kak radit;netral;0.7034
41itFALrNU8;#ngopenk  PODCAST BERSAMA ALDI TAHER, OBROLAN PENUH FILOSOFIS;Tirta PengPengPeng;@AnggreaniSiregar;Ya Allah terpaksa pasrah Dr.Tirta dengar celetukan aldi Milik Allah😅😅😅;2026-05-28T00:16:29Z;0;ya allah terpaksa pasrah dari tirta dengar celetukan aldi milik allah;negatif;0.9563
41itFALrNU8;#ngopenk  PODCAST BERSAMA ALDI TAHER, OBROLAN PENUH FILOSOFIS;Tirta PengPengPeng;@cunda-w4o;Aslinya dokter tirta ya ini loh😂;2026-05-28T00:04:05Z;0;aslinya dokter tirta ya ini loh;negatif;0.9893
41itFALrNU8;#ngopenk  PODCAST BERSAMA ALDI TAHER, OBROLAN PENUH FILOSOFIS;Tirta PengPengPeng;@m.haniff3010;Lucuuu bnerrrr;2026-05-27T23:48:08Z;0;lucuu bnerr;positif;0.9954
41itFALrNU8;#ngopenk  PODCAST BERSAMA ALDI TAHER, OBROLAN PENUH FILOSOFIS;Tirta PengPengPeng;@SantuyAEE;Semua terjadi secara tiba-tiba 😂;2026-05-27T23:17:13Z;0;semua terjadi secara tiba tiba;netral;0.4497
41itFALrNU8;#ngopenk  PODCAST BERSAMA ALDI TAHER, OBROLAN PENUH FILOSOFIS;Tirta PengPengPeng;@ardenvai4328;37:10 😂😂😂;2026-05-27T19:02:42Z;0;;positif;0.8912
41itFALrNU8;#ngopenk  PODCAST BERSAMA ALDI TAHER, OBROLAN PENUH FILOSOFIS;Tirta PengPengPeng;@Gamingstore-w3t;nyawit ni bedua;2026-05-27T18:19:47Z;0;nyawit ini berdua;negatif;0.9795
41itFALrNU8;#ngopenk  PODCAST BERSAMA ALDI TAHER, OBROLAN PENUH FILOSOFIS;Tirta PengPengPeng;@dnd6526;kenapa sih ya Allah 49menit full ngakak asbun bgttt😮‍💨😂;2026-05-27T17:40:42Z;0;kenapa sih ya allah 49menit full terbahak-bahak asbun bgtt;negatif;0.9955
41itFALrNU8;#ngopenk  PODCAST BERSAMA ALDI TAHER, OBROLAN PENUH FILOSOFIS;Tirta PengPengPeng;@balaipikir;Didoain jadi Menteri agama 😅;2026-05-27T17:32:30Z;1;didoain jadi menteri agama;negatif;0.8493
41itFALrNU8;#ngopenk  PODCAST BERSAMA ALDI TAHER, OBROLAN PENUH FILOSOFIS;Tirta PengPengPeng;@antomendhot9269;Pecah ambyarrrrrrrr😂😂😂😂😂;2026-05-27T16:55:09Z;0;pecah ambyarr;netral;0.7734
41itFALrNU8;#ngopenk  PODCAST BERSAMA ALDI TAHER, OBROLAN PENUH FILOSOFIS;Tirta PengPengPeng;@Bakulpedang;MAHALINI;2026-05-27T16:51:34Z;1;mahalini;negatif;0.9959
41itFALrNU8;#ngopenk  PODCAST BERSAMA ALDI TAHER, OBROLAN PENUH FILOSOFIS;Tirta PengPengPeng;@fidaaabd7675;Dr tirta mulai terinspirasi;2026-05-27T16:41:23Z;0;dari tirta mulai terinspirasi;positif;0.6364
41itFALrNU8;#ngopenk  PODCAST BERSAMA ALDI TAHER, OBROLAN PENUH FILOSOFIS;Tirta PengPengPeng;@RiaLidiawati-l7i;Seru bgtttt;2026-05-27T15:54:54Z;0;seru bgtt;positif;0.9975
41itFALrNU8;#ngopenk  PODCAST BERSAMA ALDI TAHER, OBROLAN PENUH FILOSOFIS;Tirta PengPengPeng;@renggapratama5447;jadi sambung kata gini edan😂;2026-05-27T15:47:26Z;0;jadi sambung kata gini edan;negatif;0.9952
41itFALrNU8;#ngopenk  PODCAST BERSAMA ALDI TAHER, OBROLAN PENUH FILOSOFIS;Tirta PengPengPeng;@SampitPit-n8x;Apa an sih ni podkess😢😢;2026-05-27T15:46:45Z;0;apa an sih ini podkess;negatif;0.9955
41itFALrNU8;#ngopenk  PODCAST BERSAMA ALDI TAHER, OBROLAN PENUH FILOSOFIS;Tirta PengPengPeng;@nabill1075;Terbayar lah usaha / jerih payahnya dr Tirta,SDH ditonton 2jt kali,,Memang ga mudah ngobrol sama Aldy diikutin kemana dia malah kemana..😅😅;2026-05-27T15:40:35Z;0;terbayar lah usaha jerih payahnya dari tirta sudah ditonton 2jt kali memang tidak mudah bicara sama aldy diikutin kemana dia malah kemana;positif;0.884
41itFALrNU8;#ngopenk  PODCAST BERSAMA ALDI TAHER, OBROLAN PENUH FILOSOFIS;Tirta PengPengPeng;@fortune-ktk;39:48 hp: HVS paper;2026-05-27T15:02:55Z;0;hp hvs paper;netral;0.982
41itFALrNU8;#ngopenk  PODCAST BERSAMA ALDI TAHER, OBROLAN PENUH FILOSOFIS;Tirta PengPengPeng;@Soesanto-dh6ef;Keren dokter Tirta,,,,,,ambyar;2026-05-27T14:52:08Z;0;keren dokter tirta ambyar;positif;0.9883
41itFALrNU8;#ngopenk  PODCAST BERSAMA ALDI TAHER, OBROLAN PENUH FILOSOFIS;Tirta PengPengPeng;@kharisalfath4560;Nonton ke2 kalinya;2026-05-27T14:44:04Z;0;nonton ke2 kalinya;netral;0.8625
41itFALrNU8;#ngopenk  PODCAST BERSAMA ALDI TAHER, OBROLAN PENUH FILOSOFIS;Tirta PengPengPeng;@irmarozaini9599;Kalau lihat Aldi Taher ngakak terus;2026-05-27T14:34:35Z;0;kalau lihat aldi taher terbahak-bahak terus;negatif;0.6433
41itFALrNU8;#ngopenk  PODCAST BERSAMA ALDI TAHER, OBROLAN PENUH FILOSOFIS;Tirta PengPengPeng;@muhammadnadhar4794;Ini bahas apa sih 😭;2026-05-27T14:29:51Z;0;ini bahas apa sih;negatif;0.9935
41itFALrNU8;#ngopenk  PODCAST BERSAMA ALDI TAHER, OBROLAN PENUH FILOSOFIS;Tirta PengPengPeng;@redhiidefre;"Lah tibo2 nemu iki.. 🗿.. 
Nyapo tiap liat wong iki identik Ngatjh3ng push-ab 🤦‍♂️";2026-05-27T13:55:03Z;0;lah tibo2 temu iki nyapo tiap liat wong iki identik ngatjh3ng push ab;negatif;0.9398
41itFALrNU8;#ngopenk  PODCAST BERSAMA ALDI TAHER, OBROLAN PENUH FILOSOFIS;Tirta PengPengPeng;@daffarere8231;Baru ntn podcast ini, dari pegel2 badan stlh ntn knapa jadi pengen lari…. Koplak bangeth😢😢😢;2026-05-27T13:48:49Z;0;baru menonton podcast ini dari pegel2 badan setelah menonton kenapa jadi ingin lari koplak bangeth;netral;0.5268
41itFALrNU8;#ngopenk  PODCAST BERSAMA ALDI TAHER, OBROLAN PENUH FILOSOFIS;Tirta PengPengPeng;@sgnjff1785;Abis nonton podcast Radit, lanjut ke sini 😂😅🎉;2026-05-27T13:42:45Z;0;abis nonton podcast radit lanjut ke sini;netral;0.7493
41itFALrNU8;#ngopenk  PODCAST BERSAMA ALDI TAHER, OBROLAN PENUH FILOSOFIS;Tirta PengPengPeng;@damuks8413;KOCAK ABIZZZZZZ 🤣🤣🤣;2026-05-27T13:37:25Z;1;kocak abizz;positif;0.9975
41itFALrNU8;#ngopenk  PODCAST BERSAMA ALDI TAHER, OBROLAN PENUH FILOSOFIS;Tirta PengPengPeng;@VinnaSylin.p;aku like, karena kasian sama crew, chanelnya, terutama Dr. Tirta. jujur beneran, aku pusing sendiri 😭;2026-05-27T13:34:56Z;0;saya like karena kasihan sama crew chanelnya terutama dari tirta jujur benar saya pusing sendiri;negatif;0.9921
41itFALrNU8;#ngopenk  PODCAST BERSAMA ALDI TAHER, OBROLAN PENUH FILOSOFIS;Tirta PengPengPeng;@alimijiran2340;Hahahaha;2026-05-27T13:25:43Z;0;hahahaha;negatif;0.9275
41itFALrNU8;#ngopenk  PODCAST BERSAMA ALDI TAHER, OBROLAN PENUH FILOSOFIS;Tirta PengPengPeng;@IenasSyakira;"GK ada isinya kosong. tp nagih ngakak trus 🎉 keren2
 podcast kosong tp bikin penasaran bisa bikin org nonton sampe hatam 😂";2026-05-27T11:49:26Z;0;tidak ada isinya kosong tapi nagih terbahak-bahak terus keren2 podcast kosong tapi bikin penasaran bisa bikin orang nonton sampai hatam;negatif;0.9074
41itFALrNU8;#ngopenk  PODCAST BERSAMA ALDI TAHER, OBROLAN PENUH FILOSOFIS;Tirta PengPengPeng;@NazlaIrhamniMasrurNugroho;Jadi inget waktu kuliah di persepatuan (salah satu kampus di Jogja), dr. Tirta pernah ada acara kampus (kalau gasalah) karena gw gaikut join waktu itu;2026-05-27T11:30:46Z;0;jadi ingat waktu kuliah di persepatuan salah satu kampus di jogja dari tirta pernah ada acara kampus kalau gasalah karena saya gaikut join waktu itu;positif;0.5442
41itFALrNU8;#ngopenk  PODCAST BERSAMA ALDI TAHER, OBROLAN PENUH FILOSOFIS;Tirta PengPengPeng;@zhorxts;NORA NIH BOCAH YA🤯🤯🤯🤣🤣;2026-05-27T10:24:49Z;0;nora nih bocah ya;negatif;0.9957
41itFALrNU8;#ngopenk  PODCAST BERSAMA ALDI TAHER, OBROLAN PENUH FILOSOFIS;Tirta PengPengPeng;@rianmalik323;"Serius dah tadinya Duo bahlul bakal Mendominasi komedi sosmed termasuk saya awalnya mikir begitu , gila sih Aldi engga ada habisnya sekarang duet sama dr. Tirta gokil Parah Sampe gue ulang"" dan Sampe nyari"" duet dia lagi wkwkwkwkkw Bisa terus sih ini ber dua 👍🏻";2026-05-27T10:23:14Z;36;serius sudah tadinya duo bahlul bakal mendominasi komedi sosmed termasuk saya awalnya mikir begitu gila sih aldi tidak ada habisnya sekarang duet sama dari tirta gokil parah sampai saya ulang dan sampai cari duet dia lagi wkwkwkwkkw bisa terus sih ini ber dua;negatif;0.9949
41itFALrNU8;#ngopenk  PODCAST BERSAMA ALDI TAHER, OBROLAN PENUH FILOSOFIS;Tirta PengPengPeng;@theonlyone-f7p;"10% ngobrol
90% absen";2026-05-27T10:23:00Z;0;bicara absen;negatif;0.9429
41itFALrNU8;#ngopenk  PODCAST BERSAMA ALDI TAHER, OBROLAN PENUH FILOSOFIS;Tirta PengPengPeng;@zhorxts;"LAZIR DIBALIK
OEEEEEEEEEEEEEEEEEE🫸🏽🤯🤯🤯🤯";2026-05-27T10:21:15Z;0;lazir dibalik oee;negatif;0.973
41itFALrNU8;#ngopenk  PODCAST BERSAMA ALDI TAHER, OBROLAN PENUH FILOSOFIS;Tirta PengPengPeng;@chillyoung;podcast ngalor ngidul tp yg nonton 2jt 😭😭😭😭;2026-05-27T09:59:08Z;0;podcast ngalor ngidul tapi yang nonton 2jt;negatif;0.9904
41itFALrNU8;#ngopenk  PODCAST BERSAMA ALDI TAHER, OBROLAN PENUH FILOSOFIS;Tirta PengPengPeng;@rikomahananda9597;Semua podcast milik.....;2026-05-27T09:21:55Z;0;semua podcast milik;netral;0.8773
41itFALrNU8;#ngopenk  PODCAST BERSAMA ALDI TAHER, OBROLAN PENUH FILOSOFIS;Tirta PengPengPeng;@diraprima;"Haha
Nggk gua skip dri awal dok😂😂";2026-05-27T09:13:46Z;0;haha tidak saya skip dari awal dok;negatif;0.9801
41itFALrNU8;#ngopenk  PODCAST BERSAMA ALDI TAHER, OBROLAN PENUH FILOSOFIS;Tirta PengPengPeng;@adindasayang1992;Capek banget ketawa😭😭😭;2026-05-27T08:48:09Z;0;capai sekali tertawa;negatif;0.9827
41itFALrNU8;#ngopenk  PODCAST BERSAMA ALDI TAHER, OBROLAN PENUH FILOSOFIS;Tirta PengPengPeng;@Tsuraya17;Kameramennya pusing😂😂😂;2026-05-27T08:40:40Z;0;kameramennya pusing;negatif;0.9961
41itFALrNU8;#ngopenk  PODCAST BERSAMA ALDI TAHER, OBROLAN PENUH FILOSOFIS;Tirta PengPengPeng;@ivanaslhi;nonton dgn speed 1.5 cb;2026-05-27T08:00:20Z;0;nonton dengan speed coba;netral;0.7926
41itFALrNU8;#ngopenk  PODCAST BERSAMA ALDI TAHER, OBROLAN PENUH FILOSOFIS;Tirta PengPengPeng;@silvilistianti;kayak e bikin tambah oon deh;2026-05-27T07:57:41Z;0;mirip e bikin tambah oon deh;positif;0.6908
41itFALrNU8;#ngopenk  PODCAST BERSAMA ALDI TAHER, OBROLAN PENUH FILOSOFIS;Tirta PengPengPeng;@esahafrekr2865;Gede bngt cuukkkkk.. buuaajingan😂😅;2026-05-27T07:44:58Z;1;gede sangat cuukk buuaajingan;positif;0.9328
41itFALrNU8;#ngopenk  PODCAST BERSAMA ALDI TAHER, OBROLAN PENUH FILOSOFIS;Tirta PengPengPeng;@kutilckdf;Alur nya abstrak;2026-05-27T07:38:06Z;1;alur nya abstrak;negatif;0.9895
41itFALrNU8;#ngopenk  PODCAST BERSAMA ALDI TAHER, OBROLAN PENUH FILOSOFIS;Tirta PengPengPeng;@siwiaprillia;Dr Tirja menuju jadi pelawak ini😅;2026-05-27T07:12:28Z;0;dari tirja menuju jadi pelawak ini;netral;0.9367
41itFALrNU8;#ngopenk  PODCAST BERSAMA ALDI TAHER, OBROLAN PENUH FILOSOFIS;Tirta PengPengPeng;@RiyanIrawan-o1e;"Itu mereka podcast dibumi gak sih😂
Kayak ada dunia sendiri mereka😂";2026-05-27T07:00:45Z;0;itu mereka podcast dibumi tidak sih mirip ada dunia sendiri mereka;negatif;0.9928
41itFALrNU8;#ngopenk  PODCAST BERSAMA ALDI TAHER, OBROLAN PENUH FILOSOFIS;Tirta PengPengPeng;@usasama1;capek banget nontonnya 🤣🤣🤣;2026-05-27T05:55:08Z;0;capai sekali nontonnya;negatif;0.9912
41itFALrNU8;#ngopenk  PODCAST BERSAMA ALDI TAHER, OBROLAN PENUH FILOSOFIS;Tirta PengPengPeng;@SaimaPutri-y6k;gw nnton apasi sbtlnya ni;2026-05-27T05:39:24Z;0;saya nonton apasi sbtlnya ini;netral;0.904
41itFALrNU8;#ngopenk  PODCAST BERSAMA ALDI TAHER, OBROLAN PENUH FILOSOFIS;Tirta PengPengPeng;@mrs.dinanti;knp vibes nya jd podcas koclok ngene tho doookkk....ndlegeg tenin....😂;2026-05-27T05:24:19Z;0;kenapa vibes nya jadi podcas koclok ngene tho dookk ndlegeg tenin;negatif;0.9938
41itFALrNU8;#ngopenk  PODCAST BERSAMA ALDI TAHER, OBROLAN PENUH FILOSOFIS;Tirta PengPengPeng;@forkidsoutfit7127;"Dr podcast ini kecerdasan dr Tirta teruji.. 
Hebat asli dr Tirta..";2026-05-27T05:17:21Z;0;dari podcast ini kecerdasan dari tirta teruji hebat asli dari tirta;positif;0.9929
41itFALrNU8;#ngopenk  PODCAST BERSAMA ALDI TAHER, OBROLAN PENUH FILOSOFIS;Tirta PengPengPeng;@OktavianiPertiwi-y7b;Menghibur;2026-05-27T05:16:46Z;0;menghibur;positif;0.9961
41itFALrNU8;#ngopenk  PODCAST BERSAMA ALDI TAHER, OBROLAN PENUH FILOSOFIS;Tirta PengPengPeng;@febriantik289;Kerenn 😂menghibur bgt;2026-05-27T04:55:35Z;0;kerenn menghibur sangat;positif;0.9975
41itFALrNU8;#ngopenk  PODCAST BERSAMA ALDI TAHER, OBROLAN PENUH FILOSOFIS;Tirta PengPengPeng;@rostikarika-q1g;😂😂;2026-05-27T04:54:32Z;0;;positif;0.8912
41itFALrNU8;#ngopenk  PODCAST BERSAMA ALDI TAHER, OBROLAN PENUH FILOSOFIS;Tirta PengPengPeng;@danidansu1839;ngeluu to ndasku wkwkwk;2026-05-27T04:33:02Z;0;ngeluu to ndasku wkwkwk;negatif;0.9908
41itFALrNU8;#ngopenk  PODCAST BERSAMA ALDI TAHER, OBROLAN PENUH FILOSOFIS;Tirta PengPengPeng;@gowmbrt7622;😂😂😂ajing ngakak teruss steres vs setresss😂😂😂;2026-05-27T04:25:54Z;0;ajing terbahak-bahak teruss steres vs setress;netral;0.7079
41itFALrNU8;#ngopenk  PODCAST BERSAMA ALDI TAHER, OBROLAN PENUH FILOSOFIS;Tirta PengPengPeng;@vismachannel828;Disini dokter tirta susah ngegas... sereceh dan serandom ini gua nonton ampe habis;2026-05-27T04:16:33Z;0;disini dokter tirta susah ngegas sereceh dan serandom ini saya nonton ampe habis;negatif;0.994
41itFALrNU8;#ngopenk  PODCAST BERSAMA ALDI TAHER, OBROLAN PENUH FILOSOFIS;Tirta PengPengPeng;@ririreedha;"sll gue replay ini smp capek

16:35 burger melon
16:40 MATANEEEEEE 🤣🤣🤣🤣";2026-05-27T04:09:40Z;0;sll saya replay ini smp capai burger melon matanee;netral;0.9158
41itFALrNU8;#ngopenk  PODCAST BERSAMA ALDI TAHER, OBROLAN PENUH FILOSOFIS;Tirta PengPengPeng;@ririreedha;"2:46 

NGAKAK ABISSS 😭😭😭";2026-05-27T03:52:24Z;0;terbahak-bahak abiss;positif;0.9676
41itFALrNU8;#ngopenk  PODCAST BERSAMA ALDI TAHER, OBROLAN PENUH FILOSOFIS;Tirta PengPengPeng;@ririreedha;"0:56 
“BUKAAAANN!”
BARU MENIT PERTAMA WOY GUE ULANG TRS TTP LUCU 🤣🤣🤣";2026-05-27T03:50:37Z;0;bukaann baru menit pertama woy saya ulang terus tetap lucu;positif;0.9965
41itFALrNU8;#ngopenk  PODCAST BERSAMA ALDI TAHER, OBROLAN PENUH FILOSOFIS;Tirta PengPengPeng;@dyahkunin1121;Orang cerdas ketemu orang cerdas. Cerdas IQ, EQ, SQ... jadi klop bisa mengimbangi, sebab kalau tidak, bisa naik darah... 😅😅😅;2026-05-27T03:35:23Z;0;orang cerdas ketemu orang cerdas cerdas iq eq sq jadi klop bisa mengimbangi sebab kalau tidak bisa naik darah;positif;0.9826
41itFALrNU8;#ngopenk  PODCAST BERSAMA ALDI TAHER, OBROLAN PENUH FILOSOFIS;Tirta PengPengPeng;@gabriellalalala6192;stress banget nonton inii😭 ngakak sambil nangis;2026-05-27T02:52:45Z;0;stress sekali nonton inii terbahak-bahak sambil nangis;negatif;0.9958
41itFALrNU8;#ngopenk  PODCAST BERSAMA ALDI TAHER, OBROLAN PENUH FILOSOFIS;Tirta PengPengPeng;@isminnshop7290;lope lope dr tirta,,,,😂😂😂😂;2026-05-27T02:30:22Z;0;lope lope dari tirta;netral;0.9515
41itFALrNU8;#ngopenk  PODCAST BERSAMA ALDI TAHER, OBROLAN PENUH FILOSOFIS;Tirta PengPengPeng;@perjalananandi;Sabar gua pun kalah sama dr.tirta;2026-05-27T02:20:37Z;0;sabar saya pun kalah sama dari tirta;negatif;0.9938
41itFALrNU8;#ngopenk  PODCAST BERSAMA ALDI TAHER, OBROLAN PENUH FILOSOFIS;Tirta PengPengPeng;@iswahyudi9141;Podcast nya isinya daging semua,Ini mah meleng dikit ketinggalan pembahasan anjir;2026-05-27T01:30:41Z;0;podcast nya isinya daging semua ini mah meleng sedikit ketinggalan pembahasan anjir;negatif;0.9943
41itFALrNU8;#ngopenk  PODCAST BERSAMA ALDI TAHER, OBROLAN PENUH FILOSOFIS;Tirta PengPengPeng;@DiahArtiwi-h5k;Sepanjang nonton “ini apan sih ini apaan siiiih ini apaan siii” sampe kelar nonton;2026-05-27T00:56:17Z;1;sepanjang nonton ini apan sih ini apaan siih ini apaan sii sampai selesai nonton;negatif;0.9956
41itFALrNU8;#ngopenk  PODCAST BERSAMA ALDI TAHER, OBROLAN PENUH FILOSOFIS;Tirta PengPengPeng;@Ratna_Daily;😂 dr segalanya ini mah;2026-05-27T00:55:12Z;0;dari segalanya ini mah;negatif;0.9941
41itFALrNU8;#ngopenk  PODCAST BERSAMA ALDI TAHER, OBROLAN PENUH FILOSOFIS;Tirta PengPengPeng;@rickies4782;Cocok sudah ketemu dia berdua ini..😂😂;2026-05-27T00:28:14Z;0;cocok sudah ketemu dia berdua ini;positif;0.9824
41itFALrNU8;#ngopenk  PODCAST BERSAMA ALDI TAHER, OBROLAN PENUH FILOSOFIS;Tirta PengPengPeng;@millaabdilla;biasanya visualisasi pas demam nah ini versi omongannya, ngelantur kemana-mana😭🙏🏻;2026-05-26T22:08:07Z;1;biasanya visualisasi pas demam nah ini versi omongannya ngelantur kemana mana;negatif;0.9934
41itFALrNU8;#ngopenk  PODCAST BERSAMA ALDI TAHER, OBROLAN PENUH FILOSOFIS;Tirta PengPengPeng;@avivaprihati;kolep lgi dong😅😅😅;2026-05-26T20:24:14Z;0;kolep lagi dong;negatif;0.6596
41itFALrNU8;#ngopenk  PODCAST BERSAMA ALDI TAHER, OBROLAN PENUH FILOSOFIS;Tirta PengPengPeng;@FanjiKumar;pengen tau isi hati dr tirtaaa 😂😂😂;2026-05-26T20:02:32Z;0;ingin tahu isi hati dari tirtaa;netral;0.7315
41itFALrNU8;#ngopenk  PODCAST BERSAMA ALDI TAHER, OBROLAN PENUH FILOSOFIS;Tirta PengPengPeng;@avivaprihati;😅😅😅😅😅😅😅😅😅😅😅😅😅😅😅😅😅😅😅😅😅😅😅😅😅😅😅😅😅😅😅😅😅😅😅😅😅😅😅😅😅😅😅😅😅😅😅😅😅😅😅😅😅😅😅😅😅😅😅😅😅😅😅😅😅😅😅😅😅😅😅😅😅😅😅😅😅😅😅😅😅😅😅😅😅😅😅😅😅😅😅😅😅😅😅😅;2026-05-26T19:59:54Z;0;;positif;0.8912
41itFALrNU8;#ngopenk  PODCAST BERSAMA ALDI TAHER, OBROLAN PENUH FILOSOFIS;Tirta PengPengPeng;@avivaprihati;upin dan ipin😅😅😅;2026-05-26T19:50:56Z;0;upin dan ipin;netral;0.9791
41itFALrNU8;#ngopenk  PODCAST BERSAMA ALDI TAHER, OBROLAN PENUH FILOSOFIS;Tirta PengPengPeng;@ikhsantv132;😂😂😂,.. Buat kan film ini 2 org pasti heboh;2026-05-26T18:58:58Z;0;buat kan film ini orang pasti heboh;negatif;0.9951
41itFALrNU8;#ngopenk  PODCAST BERSAMA ALDI TAHER, OBROLAN PENUH FILOSOFIS;Tirta PengPengPeng;@payunggadget799;Kyanya cocok mereka. Untuk sama kaya vindes;2026-05-26T18:45:36Z;0;sepertinya cocok mereka untuk sama kaya vindes;positif;0.9654
41itFALrNU8;#ngopenk  PODCAST BERSAMA ALDI TAHER, OBROLAN PENUH FILOSOFIS;Tirta PengPengPeng;@ichtiarsony3904;Sakit perut sumpah;2026-05-26T18:35:32Z;0;sakit perut sumpah;negatif;0.9944
41itFALrNU8;#ngopenk  PODCAST BERSAMA ALDI TAHER, OBROLAN PENUH FILOSOFIS;Tirta PengPengPeng;@dickymia7;Dr.tirta menemukan counternya 😅😅😅;2026-05-26T18:27:38Z;0;dari tirta menemukan counternya;netral;0.9536
41itFALrNU8;#ngopenk  PODCAST BERSAMA ALDI TAHER, OBROLAN PENUH FILOSOFIS;Tirta PengPengPeng;@user-hh3sk2sw4h;Semua burung milik..;2026-05-26T17:48:27Z;0;semua burung milik;positif;0.6973
41itFALrNU8;#ngopenk  PODCAST BERSAMA ALDI TAHER, OBROLAN PENUH FILOSOFIS;Tirta PengPengPeng;@ignatiusalfinmystogan3513;Nntn naon aing ieu 😂😂😂😂😂;2026-05-26T17:20:56Z;0;menonton naon aing ieu;negatif;0.9576
41itFALrNU8;#ngopenk  PODCAST BERSAMA ALDI TAHER, OBROLAN PENUH FILOSOFIS;Tirta PengPengPeng;@AnitaMustika-ep1rc;kayaknya die doang yg panggil dr. tirta bang 🤣🤣;2026-05-26T16:17:57Z;1;kayaknya die saja yang panggil dari tirta bang;negatif;0.9953
41itFALrNU8;#ngopenk  PODCAST BERSAMA ALDI TAHER, OBROLAN PENUH FILOSOFIS;Tirta PengPengPeng;@racauanmanda;39:59 Aldinya capek;2026-05-26T16:03:55Z;0;aldinya capai;negatif;0.9944
41itFALrNU8;#ngopenk  PODCAST BERSAMA ALDI TAHER, OBROLAN PENUH FILOSOFIS;Tirta PengPengPeng;@dzakiyyaufaira7825;Gak berhenti ketawa.. astaga😂😂;2026-05-26T15:45:01Z;0;tidak berhenti tertawa astaga;positif;0.9949
41itFALrNU8;#ngopenk  PODCAST BERSAMA ALDI TAHER, OBROLAN PENUH FILOSOFIS;Tirta PengPengPeng;@MelalangBuana-x6x;aldy : ahh labil nih bocah;2026-05-26T15:36:20Z;0;aldy ahh labil nih bocah;negatif;0.995
41itFALrNU8;#ngopenk  PODCAST BERSAMA ALDI TAHER, OBROLAN PENUH FILOSOFIS;Tirta PengPengPeng;@meisyaisdiartipratiwi;Duo TT (tirta taher) 🤣🤣🤣🤣;2026-05-26T14:17:34Z;1;duo tt tirta taher;netral;0.9754
41itFALrNU8;#ngopenk  PODCAST BERSAMA ALDI TAHER, OBROLAN PENUH FILOSOFIS;Tirta PengPengPeng;@MariskaFebrianti;Dokter tirta disini greenflag bangettt;2026-05-26T14:11:41Z;0;dokter tirta disini greenflag sangat;positif;0.9926
41itFALrNU8;#ngopenk  PODCAST BERSAMA ALDI TAHER, OBROLAN PENUH FILOSOFIS;Tirta PengPengPeng;@wahyurambe497;"""NAKAL OMMM""";2026-05-26T13:56:24Z;0;nakal omm;negatif;0.9961
41itFALrNU8;#ngopenk  PODCAST BERSAMA ALDI TAHER, OBROLAN PENUH FILOSOFIS;Tirta PengPengPeng;@CupuKidul;if you can't beat them, join them;2026-05-26T13:47:31Z;1;if you can t beat them join them;netral;0.7704
41itFALrNU8;#ngopenk  PODCAST BERSAMA ALDI TAHER, OBROLAN PENUH FILOSOFIS;Tirta PengPengPeng;@rekapuput6035;Ada adegan mesra lap bibir dan suapin makan lagi, diluar prediksi KNKT 😂;2026-05-26T13:34:41Z;0;ada adegan mesra lap bibir dan suapin makan lagi diluar prediksi knkt;netral;0.9658
41itFALrNU8;#ngopenk  PODCAST BERSAMA ALDI TAHER, OBROLAN PENUH FILOSOFIS;Tirta PengPengPeng;@alykamaureendachiechannel9827;Gara2 aldi taher.. Ak subscribe chanel dr tirta.. Kwkwkw;2026-05-26T13:25:13Z;0;gara2 aldi taher saya subscribe chanel dari tirta kwkwkw;netral;0.9795
41itFALrNU8;#ngopenk  PODCAST BERSAMA ALDI TAHER, OBROLAN PENUH FILOSOFIS;Tirta PengPengPeng;@YayahAfriyah-s1f;Dok eliiing 😂 abis ini mandi pke air kembang 7 rupaa 😆😆;2026-05-26T13:20:59Z;0;dok eliing abis ini mandi pakai air kembang rupaa;netral;0.9237
41itFALrNU8;#ngopenk  PODCAST BERSAMA ALDI TAHER, OBROLAN PENUH FILOSOFIS;Tirta PengPengPeng;@AntonWijaya-t2o;Ternyata dokter tirta bisa sabar;2026-05-26T13:19:09Z;3;ternyata dokter tirta bisa sabar;positif;0.8099
41itFALrNU8;#ngopenk  PODCAST BERSAMA ALDI TAHER, OBROLAN PENUH FILOSOFIS;Tirta PengPengPeng;@lafitsaqib637;Ini apa sehh😂😂😂😂😂😂;2026-05-26T13:03:12Z;0;ini apa sehh;negatif;0.9874
41itFALrNU8;#ngopenk  PODCAST BERSAMA ALDI TAHER, OBROLAN PENUH FILOSOFIS;Tirta PengPengPeng;@elentombokan;Lucu😂😂😂😂;2026-05-26T12:58:19Z;0;lucu;positif;0.9971
41itFALrNU8;#ngopenk  PODCAST BERSAMA ALDI TAHER, OBROLAN PENUH FILOSOFIS;Tirta PengPengPeng;@danangsuto2995;Gokil❤❤;2026-05-26T12:51:04Z;0;gokil;positif;0.7943
41itFALrNU8;#ngopenk  PODCAST BERSAMA ALDI TAHER, OBROLAN PENUH FILOSOFIS;Tirta PengPengPeng;@danangsuto2995;"Mentalnya  dokter Tirta luar biasa.. 
Bisa nyimbangi aldi taher❤.";2026-05-26T12:50:53Z;0;mentalnya dokter tirta luar biasa bisa nyimbangi aldi taher;positif;0.9163
41itFALrNU8;#ngopenk  PODCAST BERSAMA ALDI TAHER, OBROLAN PENUH FILOSOFIS;Tirta PengPengPeng;@aliflazuardi1450;iki opo cok 😂;2026-05-26T12:47:47Z;0;iki opo cok;negatif;0.7676
41itFALrNU8;#ngopenk  PODCAST BERSAMA ALDI TAHER, OBROLAN PENUH FILOSOFIS;Tirta PengPengPeng;@garryfernando7871;😂;2026-05-26T12:33:21Z;0;;positif;0.8912
41itFALrNU8;#ngopenk  PODCAST BERSAMA ALDI TAHER, OBROLAN PENUH FILOSOFIS;Tirta PengPengPeng;@aulllll-q2i;okee;2026-05-26T12:09:08Z;0;okee;positif;0.9962
41itFALrNU8;#ngopenk  PODCAST BERSAMA ALDI TAHER, OBROLAN PENUH FILOSOFIS;Tirta PengPengPeng;@vincenciusaris;ternyata dokter tirta bisa saar juga wkwkwk;2026-05-26T12:04:23Z;0;ternyata dokter tirta bisa saar juga wkwkwk;netral;0.8722
41itFALrNU8;#ngopenk  PODCAST BERSAMA ALDI TAHER, OBROLAN PENUH FILOSOFIS;Tirta PengPengPeng;@MelalangBuana-x6x;kita semua org Padang.  Padang Mahsyar;2026-05-26T11:55:24Z;0;kita semua orang padang padang mahsyar;negatif;0.8865
41itFALrNU8;#ngopenk  PODCAST BERSAMA ALDI TAHER, OBROLAN PENUH FILOSOFIS;Tirta PengPengPeng;@CEMARAQU;Bnr2..asik tahu😂ketawa Mulu aku😂nyambung bngt;2026-05-26T11:53:56Z;0;bnr2 asik tahu tertawa terus saya nyambung sangat;positif;0.9969
41itFALrNU8;#ngopenk  PODCAST BERSAMA ALDI TAHER, OBROLAN PENUH FILOSOFIS;Tirta PengPengPeng;@ReiNekocia;gelisah banget nontonnya😭;2026-05-26T11:50:58Z;0;gelisah sekali nontonnya;negatif;0.9959
41itFALrNU8;#ngopenk  PODCAST BERSAMA ALDI TAHER, OBROLAN PENUH FILOSOFIS;Tirta PengPengPeng;@danangaji-z3d2j;Collap dong Dr tirta Aldi taher kubu kiri dan dr gia raditya dika kubu kana, asli pecah auto viral dan ngakak abisss 😂😂;2026-05-26T11:37:00Z;0;collap dong dari tirta aldi taher kubu kiri dan dari gia raditya dika kubu kana asli pecah auto viral dan terbahak-bahak abiss;positif;0.8058
41itFALrNU8;#ngopenk  PODCAST BERSAMA ALDI TAHER, OBROLAN PENUH FILOSOFIS;Tirta PengPengPeng;@josjos67;kok namaku ga di sebut ya😢;2026-05-26T10:05:46Z;0;kok namaku tidak di sebut ya;negatif;0.9827
41itFALrNU8;#ngopenk  PODCAST BERSAMA ALDI TAHER, OBROLAN PENUH FILOSOFIS;Tirta PengPengPeng;@Masagagaga;Perbincangan elit global, coba di tambah sama dokter gia 😂;2026-05-26T09:57:23Z;0;perbincangan elit global coba di tambah sama dokter gia;netral;0.9596
41itFALrNU8;#ngopenk  PODCAST BERSAMA ALDI TAHER, OBROLAN PENUH FILOSOFIS;Tirta PengPengPeng;@rickawuland1658;Sumpah dok u sabar banget 😂😂😂, tirta rambut pink lagi dikurung kah?;2026-05-26T09:43:49Z;0;sumpah dok kamu sabar sekali tirta rambut pink lagi dikurung kah;positif;0.7374
41itFALrNU8;#ngopenk  PODCAST BERSAMA ALDI TAHER, OBROLAN PENUH FILOSOFIS;Tirta PengPengPeng;@rickawuland1658;Padahal gw ngerasa ga pernah ngeskip tapi berasa ngeskip terus krn ga ngerti2 gw, tapi podcast ini masih jauh lebih bagus ditonton drpd dengar wowo ngomong setress gw dengernya;2026-05-26T09:32:55Z;0;padahal saya merasa tidak pernah ngeskip tapi berasa ngeskip terus karena tidak ngerti2 saya tapi podcast ini masih jauh lebih bagus ditonton daripada dengar wowo bicara setress saya dengernya;positif;0.8212
41itFALrNU8;#ngopenk  PODCAST BERSAMA ALDI TAHER, OBROLAN PENUH FILOSOFIS;Tirta PengPengPeng;@gigihwenasdha6930;"""MATANE BURGER ISI MELON KELOTOTEN I LHO""";2026-05-26T09:32:29Z;0;matane burger isi melon kelototen i lho;positif;0.8005
41itFALrNU8;#ngopenk  PODCAST BERSAMA ALDI TAHER, OBROLAN PENUH FILOSOFIS;Tirta PengPengPeng;@sourcake_soda;ragebaiter vs ragebaited;2026-05-26T08:44:25Z;0;ragebaiter vs ragebaited;netral;0.9587
41itFALrNU8;#ngopenk  PODCAST BERSAMA ALDI TAHER, OBROLAN PENUH FILOSOFIS;Tirta PengPengPeng;@bellaningtyas8726;Ya allah capeee😂😂😂;2026-05-26T08:04:19Z;1;ya allah capee;negatif;0.9961
41itFALrNU8;#ngopenk  PODCAST BERSAMA ALDI TAHER, OBROLAN PENUH FILOSOFIS;Tirta PengPengPeng;@erlanggs7708;Tapi ini obrolan khas bapak2 kalau nongkrong sampe jam 12 malam;2026-05-26T07:50:07Z;0;tapi ini obrolan khas bapak2 kalau nongkrong sampai jam malam;negatif;0.6869
41itFALrNU8;#ngopenk  PODCAST BERSAMA ALDI TAHER, OBROLAN PENUH FILOSOFIS;Tirta PengPengPeng;@ceha8867;Koq mereka cocok sih ya Tuhan keren;2026-05-26T07:45:50Z;0;kok mereka cocok sih ya tuhan keren;negatif;0.9896
41itFALrNU8;#ngopenk  PODCAST BERSAMA ALDI TAHER, OBROLAN PENUH FILOSOFIS;Tirta PengPengPeng;@kuhanxo;8:23 ini maksudnya disuruh ke berger lain🤣;2026-05-26T07:43:14Z;1;ini maksudnya disuruh ke berger lain;negatif;0.9916
41itFALrNU8;#ngopenk  PODCAST BERSAMA ALDI TAHER, OBROLAN PENUH FILOSOFIS;Tirta PengPengPeng;@ayn_jalut1260;Bisa ngimbangin gitu ya dr tirta 😂😂😂😂🎉🎉🎉🎉;2026-05-26T07:20:16Z;0;bisa ngimbangin begitu ya dari tirta;negatif;0.9753
41itFALrNU8;#ngopenk  PODCAST BERSAMA ALDI TAHER, OBROLAN PENUH FILOSOFIS;Tirta PengPengPeng;@diahayumurdianingsih1982;pergi kesini gegara abis nonton sama raditya dika...;2026-05-26T06:45:19Z;0;pergi kesini gegara abis nonton sama raditya dika;netral;0.7069
41itFALrNU8;#ngopenk  PODCAST BERSAMA ALDI TAHER, OBROLAN PENUH FILOSOFIS;Tirta PengPengPeng;@mersamewakilkanrasa8753;Cakepp Tuh Burger Melon;2026-05-26T06:38:53Z;0;cakepp tuh burger melon;positif;0.9786
41itFALrNU8;#ngopenk  PODCAST BERSAMA ALDI TAHER, OBROLAN PENUH FILOSOFIS;Tirta PengPengPeng;@mersamewakilkanrasa8753;Masya Allah,, Karen kompetitor Kita Adalah SETAN KELAZZZ;2026-05-26T06:26:13Z;0;masya allah karen kompetitor kita adalah setan kelazz;negatif;0.9952
41itFALrNU8;#ngopenk  PODCAST BERSAMA ALDI TAHER, OBROLAN PENUH FILOSOFIS;Tirta PengPengPeng;@mersamewakilkanrasa8753;Masya Allah,, ditunggu next kolaborasi ya Bang Aldi Taher & Dr.Tirta;2026-05-26T06:23:33Z;0;masya allah ditunggu next kolaborasi ya bang aldi taher dari tirta;negatif;0.831
41itFALrNU8;#ngopenk  PODCAST BERSAMA ALDI TAHER, OBROLAN PENUH FILOSOFIS;Tirta PengPengPeng;@yuliadwi3595;Semua sepatu milik Allah 🙏🏻;2026-05-26T05:58:21Z;0;semua sepatu milik allah;positif;0.7294
41itFALrNU8;#ngopenk  PODCAST BERSAMA ALDI TAHER, OBROLAN PENUH FILOSOFIS;Tirta PengPengPeng;@bidanpink;bisa gila gw liat podcast ini 😂😂;2026-05-26T05:48:51Z;0;bisa gila saya liat podcast ini;negatif;0.9952
41itFALrNU8;#ngopenk  PODCAST BERSAMA ALDI TAHER, OBROLAN PENUH FILOSOFIS;Tirta PengPengPeng;@atikahhanifati5395;Ternyata Dr Tirta bisa sabar 😭😭😭;2026-05-26T05:35:09Z;0;ternyata dari tirta bisa sabar;positif;0.9749
41itFALrNU8;#ngopenk  PODCAST BERSAMA ALDI TAHER, OBROLAN PENUH FILOSOFIS;Tirta PengPengPeng;@maenbola353;Kek nya faktor liverpol;2026-05-26T05:21:51Z;0;kek nya faktor liverpol;netral;0.9216
41itFALrNU8;#ngopenk  PODCAST BERSAMA ALDI TAHER, OBROLAN PENUH FILOSOFIS;Tirta PengPengPeng;@ekayadnyakusumawati2338;habis nonton podcast bang radit..langsung meluncur ke sini...apakah bikin saya ketawa juga? wkwkwkwk;2026-05-26T05:17:44Z;0;habis nonton podcast bang radit langsung meluncur ke sini apakah bikin saya tertawa juga wkwkwkwk;positif;0.793
41itFALrNU8;#ngopenk  PODCAST BERSAMA ALDI TAHER, OBROLAN PENUH FILOSOFIS;Tirta PengPengPeng;@Hehenotbad44;saking membosankannya kehidupan Dokter Tirta, dia memilih berinteraksi dengan pasian poli kejiwaan secara langsung;2026-05-26T05:05:52Z;0;saking membosankannya kehidupan dokter tirta dia memilih berinteraksi dengan pasian poli kejiwaan secara langsung;negatif;0.9915
41itFALrNU8;#ngopenk  PODCAST BERSAMA ALDI TAHER, OBROLAN PENUH FILOSOFIS;Tirta PengPengPeng;@bigmr3833;Judule kudune JANGKRIK BOS;2026-05-26T05:05:04Z;0;judule kudune jangkrik bos;negatif;0.7697
41itFALrNU8;#ngopenk  PODCAST BERSAMA ALDI TAHER, OBROLAN PENUH FILOSOFIS;Tirta PengPengPeng;@RamM-3111;41:16;2026-05-26T05:04:38Z;0;;positif;0.8912
41itFALrNU8;#ngopenk  PODCAST BERSAMA ALDI TAHER, OBROLAN PENUH FILOSOFIS;Tirta PengPengPeng;@DanurrianEgar;Anamnesis pasien ODGJ 😂😂;2026-05-26T05:02:32Z;0;anamnesis pasien odgj;netral;0.9834
41itFALrNU8;#ngopenk  PODCAST BERSAMA ALDI TAHER, OBROLAN PENUH FILOSOFIS;Tirta PengPengPeng;@tifanidian1350;Ngakak dari awal sampe akhirrr 😂;2026-05-26T04:41:53Z;0;terbahak-bahak dari awal sampai akhirr;positif;0.7941
41itFALrNU8;#ngopenk  PODCAST BERSAMA ALDI TAHER, OBROLAN PENUH FILOSOFIS;Tirta PengPengPeng;@ikkikoronnn5629;baru kali ini crew nya dr. tirta ketawa tanpa bikin dr. tirta ngamuk;2026-05-26T04:41:00Z;0;baru kali ini crew nya dari tirta tertawa tanpa bikin dari tirta ngamuk;negatif;0.9751
41itFALrNU8;#ngopenk  PODCAST BERSAMA ALDI TAHER, OBROLAN PENUH FILOSOFIS;Tirta PengPengPeng;@ikkikoronnn5629;Dr. tirta ngomong kalo cuma perokok bebel bakal di iya iya in sama dia, ternyata Aldi taer juga di sama aja perlakuan nya.;2026-05-26T04:36:37Z;0;dari tirta bicara kalau cuma perokok bebel bakal di iya iya in sama dia ternyata aldi taer juga di sama saja perlakuan nya;negatif;0.994
41itFALrNU8;#ngopenk  PODCAST BERSAMA ALDI TAHER, OBROLAN PENUH FILOSOFIS;Tirta PengPengPeng;@haqqushibgha4084;Mereka yg podcast, gua yg stress 😭;2026-05-26T04:20:27Z;1;mereka yang podcast saya yang stress;negatif;0.9807
41itFALrNU8;#ngopenk  PODCAST BERSAMA ALDI TAHER, OBROLAN PENUH FILOSOFIS;Tirta PengPengPeng;@warnetwnd7869;kesini gara2 poadcast radit liat ada 2 orang, bodoh dan dongo bikin ngakak anjg wkwkwkkwkwkkw duet yang keren wkwkkwkwk;2026-05-26T03:47:49Z;0;kesini gara2 poadcast radit liat ada orang bodoh dan dongo bikin terbahak-bahak anjg wkwkwkkwkwkkw duet yang keren wkwkkwkwk;negatif;0.9786
41itFALrNU8;#ngopenk  PODCAST BERSAMA ALDI TAHER, OBROLAN PENUH FILOSOFIS;Tirta PengPengPeng;@Fendyyyy;nih kenapa sih orang2 😂😭;2026-05-26T03:26:04Z;1;nih kenapa sih orang2;negatif;0.9939
41itFALrNU8;#ngopenk  PODCAST BERSAMA ALDI TAHER, OBROLAN PENUH FILOSOFIS;Tirta PengPengPeng;@ayeshashabelma;gakuat bgt baru 7 menit ini gua udh muakk bgt😭😭😭;2026-05-26T03:03:40Z;0;tidak kuat sangat baru menit ini saya sudah muakk sangat;negatif;0.9961
41itFALrNU8;#ngopenk  PODCAST BERSAMA ALDI TAHER, OBROLAN PENUH FILOSOFIS;Tirta PengPengPeng;@ritaputrisaraswati8925;nonton podcast ini gegara habis nonton dokter tirta sama aldi taher di podcast bang radit, sumpah seru banget ni dua orang wkwkwk sampek niat bnget nyari podcast mereka bedua disni 😂😂😂;2026-05-26T02:57:25Z;0;nonton podcast ini gegara habis nonton dokter tirta sama aldi taher di podcast bang radit sumpah seru sekali ini dua orang wkwkwk sampek niat sangat cari podcast mereka berdua disni;positif;0.8782
41itFALrNU8;#ngopenk  PODCAST BERSAMA ALDI TAHER, OBROLAN PENUH FILOSOFIS;Tirta PengPengPeng;@Yana-f5z3d;Lucu bngt sih dr tirta😂😂😂;2026-05-26T02:55:21Z;0;lucu sangat sih dari tirta;positif;0.9907
41itFALrNU8;#ngopenk  PODCAST BERSAMA ALDI TAHER, OBROLAN PENUH FILOSOFIS;Tirta PengPengPeng;@gibska77;Kocakk 😂;2026-05-26T02:44:18Z;0;kocakk;positif;0.982
41itFALrNU8;#ngopenk  PODCAST BERSAMA ALDI TAHER, OBROLAN PENUH FILOSOFIS;Tirta PengPengPeng;@Aistiefannya;😂😂😂ngakak dr awal sampe akhir...ya allah;2026-05-26T02:37:17Z;0;terbahak-bahak dari awal sampai akhir ya allah;negatif;0.9958
41itFALrNU8;#ngopenk  PODCAST BERSAMA ALDI TAHER, OBROLAN PENUH FILOSOFIS;Tirta PengPengPeng;@van.art07;akhirnya nemu counternya dokter tirta;2026-05-26T01:57:29Z;0;akhirnya temu counternya dokter tirta;netral;0.9748
41itFALrNU8;#ngopenk  PODCAST BERSAMA ALDI TAHER, OBROLAN PENUH FILOSOFIS;Tirta PengPengPeng;@Hijrahforjannah;Terhibur... 😂❤;2026-05-26T01:05:00Z;0;terhibur;positif;0.9964
41itFALrNU8;#ngopenk  PODCAST BERSAMA ALDI TAHER, OBROLAN PENUH FILOSOFIS;Tirta PengPengPeng;@kinito-v3n;Hahahahhahahahah;2026-05-26T00:31:54Z;0;hahahahhahahahah;negatif;0.9949
41itFALrNU8;#ngopenk  PODCAST BERSAMA ALDI TAHER, OBROLAN PENUH FILOSOFIS;Tirta PengPengPeng;@banyusedekah5778;JAMU BUKAN KECIL TAPI JAMU PAIT BIKIN SEHAT 😅;2026-05-25T23:21:20Z;0;jamu bukan kecil tapi jamu pahit bikin sehat;positif;0.699
41itFALrNU8;#ngopenk  PODCAST BERSAMA ALDI TAHER, OBROLAN PENUH FILOSOFIS;Tirta PengPengPeng;@banyusedekah5778;BAHAGIANYA UDH KETEMU YG SEFREKWESI 😂😂 AQ KAPAN YAA SAMA ALLAH SWT DI PINJEMIN;2026-05-25T23:11:31Z;0;bahagianya sudah ketemu yang sefrekwesi saya kapan yaa sama allah swt di pinjemin;netral;0.483
41itFALrNU8;#ngopenk  PODCAST BERSAMA ALDI TAHER, OBROLAN PENUH FILOSOFIS;Tirta PengPengPeng;@banyusedekah5778;90 masih pajer 😁;2026-05-25T23:09:40Z;0;masih pajer;netral;0.7843
41itFALrNU8;#ngopenk  PODCAST BERSAMA ALDI TAHER, OBROLAN PENUH FILOSOFIS;Tirta PengPengPeng;@rizkiadi9860;Nonton di menit barapapun yakin pasti gak ketinggallan topik.. soalnya setiap menit ganti topik...😅😅 hancurrr;2026-05-25T23:04:40Z;0;nonton di menit barapapun yakin pasti tidak ketinggallan topik soalnya setiap menit ganti topik hancurr;negatif;0.9012
41itFALrNU8;#ngopenk  PODCAST BERSAMA ALDI TAHER, OBROLAN PENUH FILOSOFIS;Tirta PengPengPeng;@banyusedekah5778;Asli KEREN POLLL KALI INI DOK …😂😂 ini baru obat SEHAT LAGIR BATHIN  BAGI YANG PAHAM ASLI NGAKAK TPI NGENA SAMPE KE ILMU ROSOLANJIWO SERING YG SANTAI TAWA DALEM 🤍🤍🤍polll;2026-05-25T22:50:21Z;0;asli keren poll kali ini dok ini baru obat sehat lagir bathin bagi yang paham asli terbahak-bahak tapi ngena sampai ke ilmu rosolanjiwo sering yang santai tawa dalam poll;positif;0.9911
41itFALrNU8;#ngopenk  PODCAST BERSAMA ALDI TAHER, OBROLAN PENUH FILOSOFIS;Tirta PengPengPeng;@zahrotunnapisah;Bener bener ngakak bgt sepanjang nonton 😂😂😂;2026-05-25T21:55:09Z;0;benar benar terbahak-bahak sangat sepanjang nonton;positif;0.9729
41itFALrNU8;#ngopenk  PODCAST BERSAMA ALDI TAHER, OBROLAN PENUH FILOSOFIS;Tirta PengPengPeng;@ajiwangsa6638;Kesini gara-gara podcast Raditya dika;2026-05-25T21:08:35Z;0;kesini gara gara podcast raditya dika;negatif;0.6552
41itFALrNU8;#ngopenk  PODCAST BERSAMA ALDI TAHER, OBROLAN PENUH FILOSOFIS;Tirta PengPengPeng;@yusufgina2555;Ini video udah lama ya baru di upload;2026-05-25T19:24:04Z;0;ini video sudah lama ya baru di upload;negatif;0.9868
41itFALrNU8;#ngopenk  PODCAST BERSAMA ALDI TAHER, OBROLAN PENUH FILOSOFIS;Tirta PengPengPeng;@Orangsukses-k8f;menghibur sekaliii;2026-05-25T18:18:30Z;0;menghibur sekalii;positif;0.9971
41itFALrNU8;#ngopenk  PODCAST BERSAMA ALDI TAHER, OBROLAN PENUH FILOSOFIS;Tirta PengPengPeng;@ariefrakhmanwibisono3294;Iki opooo siii 😭;2026-05-25T17:39:32Z;0;iki opoo sii;negatif;0.9956
41itFALrNU8;#ngopenk  PODCAST BERSAMA ALDI TAHER, OBROLAN PENUH FILOSOFIS;Tirta PengPengPeng;@stokjunian-m4n;0:58 awal dimana emang mau emosi akhirnya mengikuti aldi akher;2026-05-25T16:18:12Z;0;awal dimana memang mau emosi akhirnya mengikuti aldi akher;negatif;0.9792
41itFALrNU8;#ngopenk  PODCAST BERSAMA ALDI TAHER, OBROLAN PENUH FILOSOFIS;Tirta PengPengPeng;@syifafa;Bahaya bangke nonton ini sebelom tidur yg ada kaga jadi tidur malah sakit perut😭😭;2026-05-25T16:14:20Z;1;bahaya bangke nonton ini sebelom tidur yang ada kaga jadi tidur malah sakit perut;negatif;0.9958
41itFALrNU8;#ngopenk  PODCAST BERSAMA ALDI TAHER, OBROLAN PENUH FILOSOFIS;Tirta PengPengPeng;@growwithsand;16:34 scene di kartun oryza;2026-05-25T15:57:13Z;0;scene di kartun oryza;netral;0.9809
41itFALrNU8;#ngopenk  PODCAST BERSAMA ALDI TAHER, OBROLAN PENUH FILOSOFIS;Tirta PengPengPeng;@deewbi;30:40😂😂😂;2026-05-25T15:53:27Z;0;;positif;0.8912
41itFALrNU8;#ngopenk  PODCAST BERSAMA ALDI TAHER, OBROLAN PENUH FILOSOFIS;Tirta PengPengPeng;@racauanmanda;23:19 Aldinya sendiri takjub;2026-05-25T15:22:35Z;0;aldinya sendiri takjub;positif;0.9734
41itFALrNU8;#ngopenk  PODCAST BERSAMA ALDI TAHER, OBROLAN PENUH FILOSOFIS;Tirta PengPengPeng;@ahmadumam2559;Dok gw kok ngakak kalo dokter reflek bahasa jawa 😅😂;2026-05-25T15:17:24Z;0;dok saya kok terbahak-bahak kalau dokter reflek bahasa jawa;negatif;0.9052
41itFALrNU8;#ngopenk  PODCAST BERSAMA ALDI TAHER, OBROLAN PENUH FILOSOFIS;Tirta PengPengPeng;@racauanmanda;4:32 ada momen Aldi-nya yang ngemong =));2026-05-25T14:59:39Z;0;ada momen aldi nya yang ngemong;negatif;0.9793
41itFALrNU8;#ngopenk  PODCAST BERSAMA ALDI TAHER, OBROLAN PENUH FILOSOFIS;Tirta PengPengPeng;@faridasaratiana9230;Kocak😂;2026-05-25T14:46:33Z;0;kocak;positif;0.9959
41itFALrNU8;#ngopenk  PODCAST BERSAMA ALDI TAHER, OBROLAN PENUH FILOSOFIS;Tirta PengPengPeng;@zingkar7955;Apa ini 😂;2026-05-25T14:31:54Z;0;apa ini;negatif;0.9912
41itFALrNU8;#ngopenk  PODCAST BERSAMA ALDI TAHER, OBROLAN PENUH FILOSOFIS;Tirta PengPengPeng;@psan-13;obrolan gak jelas, tp tetep ditonton sampe abis. apasih aku ni :(;2026-05-25T14:04:08Z;0;obrolan tidak jelas tapi tetap ditonton sampai abis apasih saya ini;negatif;0.4912
41itFALrNU8;#ngopenk  PODCAST BERSAMA ALDI TAHER, OBROLAN PENUH FILOSOFIS;Tirta PengPengPeng;@srihandayani-bd2vc;Kesel sendiri liatnya cooooook;2026-05-25T13:54:35Z;0;kesal sendiri liatnya cook;negatif;0.996
41itFALrNU8;#ngopenk  PODCAST BERSAMA ALDI TAHER, OBROLAN PENUH FILOSOFIS;Tirta PengPengPeng;@zahwaa16;"23:45 Aldi Taher: ""Enggak usah mikirin balik modal, yang penting buka lapangan kerja."" 
Respect 🙂‍↕️";2026-05-25T10:49:54Z;0;aldi taher tidak usah memikirkan balik modal yang penting buka lapangan kerja respect;negatif;0.823
41itFALrNU8;#ngopenk  PODCAST BERSAMA ALDI TAHER, OBROLAN PENUH FILOSOFIS;Tirta PengPengPeng;@zahwaa16;obrolan filosofis kirain bahas agama islam yang filosofis nya gitu, eh malah ngalor ngidul kemana bae 😭;2026-05-25T10:13:18Z;0;obrolan filosofis kirain bahas agama islam yang filosofis nya begitu eh malah ngalor ngidul kemana baik;negatif;0.9953
41itFALrNU8;#ngopenk  PODCAST BERSAMA ALDI TAHER, OBROLAN PENUH FILOSOFIS;Tirta PengPengPeng;@kamandanu6672;Orang gila ketemu orang gila, nyambung 100% cocok 😂;2026-05-25T09:16:37Z;0;orang gila ketemu orang gila nyambung cocok;negatif;0.9961
41itFALrNU8;#ngopenk  PODCAST BERSAMA ALDI TAHER, OBROLAN PENUH FILOSOFIS;Tirta PengPengPeng;@sateayamlover;iq gwe turun ajg;2026-05-25T08:00:00Z;0;iq gwe turun ajg;negatif;0.9918
41itFALrNU8;#ngopenk  PODCAST BERSAMA ALDI TAHER, OBROLAN PENUH FILOSOFIS;Tirta PengPengPeng;@ArfanSyach-g1i6e;😂😂😂😂😂😂😂;2026-05-25T03:50:20Z;0;;positif;0.8912
41itFALrNU8;#ngopenk  PODCAST BERSAMA ALDI TAHER, OBROLAN PENUH FILOSOFIS;Tirta PengPengPeng;@apriliyadewanto13;Oh aldis burger rasanya kya tisada ya dok 👍🏻;2026-05-25T03:30:36Z;0;oh aldis burger rasanya kya tisada ya dok;negatif;0.8454
41itFALrNU8;#ngopenk  PODCAST BERSAMA ALDI TAHER, OBROLAN PENUH FILOSOFIS;Tirta PengPengPeng;@Deviprihastuti-t7o4e;Duo TT(TIRTA&TAHER)KEDIP DIKIT BEDA TOPIK CO😂😂;2026-05-24T23:30:13Z;0;duo tt tirta taher kedip sedikit beda topik co;netral;0.795
41itFALrNU8;#ngopenk  PODCAST BERSAMA ALDI TAHER, OBROLAN PENUH FILOSOFIS;Tirta PengPengPeng;@anggitadevi4949;Ya Allah!!! ni podcast apa lomba adu asbun!!?? 🤣;2026-05-24T19:22:08Z;0;ya allah ini podcast apa lomba adu asbun;negatif;0.9666
41itFALrNU8;#ngopenk  PODCAST BERSAMA ALDI TAHER, OBROLAN PENUH FILOSOFIS;Tirta PengPengPeng;@sellychan-h5l;Ini arahnya dibawa kemana 😭;2026-05-24T18:09:22Z;1;ini arahnya dibawa kemana;negatif;0.9856
41itFALrNU8;#ngopenk  PODCAST BERSAMA ALDI TAHER, OBROLAN PENUH FILOSOFIS;Tirta PengPengPeng;@sellychan-h5l;Lengah dikit ganti topik;2026-05-24T18:09:04Z;1;lengah sedikit ganti topik;negatif;0.9891
41itFALrNU8;#ngopenk  PODCAST BERSAMA ALDI TAHER, OBROLAN PENUH FILOSOFIS;Tirta PengPengPeng;@ahmadfyan4252;😂😂😂;2026-05-24T17:14:15Z;0;;positif;0.8912
41itFALrNU8;#ngopenk  PODCAST BERSAMA ALDI TAHER, OBROLAN PENUH FILOSOFIS;Tirta PengPengPeng;@WildanAchmad-n5o;Terlihat aldi taher juga sebenarnya cerdqs banget;2026-05-24T16:20:26Z;0;terlihat aldi taher juga sebenarnya cerdqs sekali;negatif;0.964
41itFALrNU8;#ngopenk  PODCAST BERSAMA ALDI TAHER, OBROLAN PENUH FILOSOFIS;Tirta PengPengPeng;@sangpengamat-b5x;Ade Abang udah lama gak ketemu ya gini 😂.;2026-05-24T16:15:12Z;1;ade abang sudah lama tidak ketemu ya gini;negatif;0.9943
41itFALrNU8;#ngopenk  PODCAST BERSAMA ALDI TAHER, OBROLAN PENUH FILOSOFIS;Tirta PengPengPeng;@MutiaraRamadhani-h8h9z;"coba nonton kecepatan 1.5
lucuu bangetttt!!!😭😭";2026-05-24T15:23:42Z;0;coba nonton kecepatan lucuu sangat;positif;0.9486
41itFALrNU8;#ngopenk  PODCAST BERSAMA ALDI TAHER, OBROLAN PENUH FILOSOFIS;Tirta PengPengPeng;@Nolassi;Dr.tirta x tepeeeeeee bole jugaaaaa dokkk;2026-05-24T15:04:58Z;0;dari tirta x tepee boleh jugaa dokk;netral;0.9622
41itFALrNU8;#ngopenk  PODCAST BERSAMA ALDI TAHER, OBROLAN PENUH FILOSOFIS;Tirta PengPengPeng;@DePeeRDe;obrolan di jam 1 pagi ini mah, cuma beda nya di kontenin aja😂;2026-05-24T15:04:45Z;0;obrolan di jam pagi ini mah cuma beda nya di kontenin saja;negatif;0.9941
41itFALrNU8;#ngopenk  PODCAST BERSAMA ALDI TAHER, OBROLAN PENUH FILOSOFIS;Tirta PengPengPeng;@RahmaFitrotulatfa;Ga kuat, capek bengek 😭;2026-05-24T14:01:14Z;0;tidak kuat capai bengek;positif;0.927
41itFALrNU8;#ngopenk  PODCAST BERSAMA ALDI TAHER, OBROLAN PENUH FILOSOFIS;Tirta PengPengPeng;@khoiii00076;stres banget gw liatnya😭😭😭;2026-05-24T12:16:19Z;0;stres sekali saya liatnya;negatif;0.9949
41itFALrNU8;#ngopenk  PODCAST BERSAMA ALDI TAHER, OBROLAN PENUH FILOSOFIS;Tirta PengPengPeng;@yabae07;Ke 2 kali nonton;2026-05-24T11:45:43Z;0;ke kali nonton;netral;0.8968
41itFALrNU8;#ngopenk  PODCAST BERSAMA ALDI TAHER, OBROLAN PENUH FILOSOFIS;Tirta PengPengPeng;@alleaaawww;Ini nonton apa sebenarnya 😭😭;2026-05-24T11:08:09Z;0;ini nonton apa sebenarnya;negatif;0.9932
41itFALrNU8;#ngopenk  PODCAST BERSAMA ALDI TAHER, OBROLAN PENUH FILOSOFIS;Tirta PengPengPeng;@TeguhYadi-u1r;Kenapa ga emosi kalo ke aldi bang?;2026-05-24T10:09:59Z;0;kenapa tidak emosi kalau ke aldi bang;positif;0.997
41itFALrNU8;#ngopenk  PODCAST BERSAMA ALDI TAHER, OBROLAN PENUH FILOSOFIS;Tirta PengPengPeng;@ELWANIANSYAHOKTORAMADHAN;tontonan sampah;2026-05-24T07:52:22Z;0;tontonan sampah;negatif;0.9962
41itFALrNU8;#ngopenk  PODCAST BERSAMA ALDI TAHER, OBROLAN PENUH FILOSOFIS;Tirta PengPengPeng;@tokohbangsa2054;Gua subscribe;2026-05-24T07:22:18Z;0;saya subscribe;netral;0.9768
41itFALrNU8;#ngopenk  PODCAST BERSAMA ALDI TAHER, OBROLAN PENUH FILOSOFIS;Tirta PengPengPeng;@floushaa;pemarah ketemu sumber kemarahan nya😭;2026-05-24T05:18:00Z;1;pemarah ketemu sumber kemarahan nya;negatif;0.9961
41itFALrNU8;#ngopenk  PODCAST BERSAMA ALDI TAHER, OBROLAN PENUH FILOSOFIS;Tirta PengPengPeng;@AsepPaturohman-z3d;dr tirta bukan orang sembarangan.....penuh teladan;2026-05-24T03:25:03Z;1;dari tirta bukan orang sembarangan penuh teladan;negatif;0.995
41itFALrNU8;#ngopenk  PODCAST BERSAMA ALDI TAHER, OBROLAN PENUH FILOSOFIS;Tirta PengPengPeng;@rizkynovianto4260;Ko dr tirta betah ya ngeladenin nya.. Hahaha;2026-05-24T02:07:05Z;0;ko dari tirta betah ya ngeladenin nya hahaha;negatif;0.9947
41itFALrNU8;#ngopenk  PODCAST BERSAMA ALDI TAHER, OBROLAN PENUH FILOSOFIS;Tirta PengPengPeng;@ikadamayanti;Alamak ra tahu komen gemes pengen komen...aku binggung nonton apaan doook😅;2026-05-24T00:26:31Z;0;alamak ra tahu komen gemes ingin komen saya binggung nonton apaan dook;negatif;0.9165
41itFALrNU8;#ngopenk  PODCAST BERSAMA ALDI TAHER, OBROLAN PENUH FILOSOFIS;Tirta PengPengPeng;@alifaKnalifakn9162;"MaasyaaAllah keren sihhh..
Artis yg slalu melibatkan Allah dimanapun tuhhh bang Aldi...ini patut dcontoh buat qt juga.. bahwa Allah Maha Segalanya";2026-05-23T22:53:53Z;0;maasyaallah keren sihh artis yang selalu melibatkan allah dimanapun tuhh bang aldi ini patut dcontoh buat kita juga bahwa allah maha segalanya;positif;0.9482
41itFALrNU8;#ngopenk  PODCAST BERSAMA ALDI TAHER, OBROLAN PENUH FILOSOFIS;Tirta PengPengPeng;@andhinisyima;Gue mikirin dokter tirta wkwkwk tegel bgt megang spatu orang lg dipake.. Eh gak lama tangannya kemulut wkwkwkwk dokter udah cuci tangan kan hahahahah;2026-05-23T16:46:42Z;0;saya memikirkan dokter tirta wkwkwk tegel sangat megang spatu orang lagi dipakai eh tidak lama tangannya kemulut wkwkwkwk dokter sudah cuci tangan kan hahahahah;positif;0.4714
41itFALrNU8;#ngopenk  PODCAST BERSAMA ALDI TAHER, OBROLAN PENUH FILOSOFIS;Tirta PengPengPeng;@achmadyunus9416;Tumben dia bisa se sabar itu dr Tirta;2026-05-23T16:44:53Z;0;tidak biasa dia bisa se sabar itu dari tirta;negatif;0.9564
41itFALrNU8;#ngopenk  PODCAST BERSAMA ALDI TAHER, OBROLAN PENUH FILOSOFIS;Tirta PengPengPeng;@nadhifazaidania;DURASINYA KURANG PANJANG DOK 😭😭 SERU BGTT 👏🏻👏🏻👏🏻👏🏻;2026-05-23T15:38:09Z;0;durasinya kurang panjang dok seru bgtt;positif;0.9441
41itFALrNU8;#ngopenk  PODCAST BERSAMA ALDI TAHER, OBROLAN PENUH FILOSOFIS;Tirta PengPengPeng;@sholihaaja9722;Capekk bgttt makinn pinterrr nih pasca lihat podcast haha;2026-05-23T15:20:48Z;0;capekk bgtt makinn pinterr nih pasca lihat podcast haha;negatif;0.9951
41itFALrNU8;#ngopenk  PODCAST BERSAMA ALDI TAHER, OBROLAN PENUH FILOSOFIS;Tirta PengPengPeng;@smoowthies;api ketemu bensin WKWKKWK;2026-05-23T11:35:17Z;0;api ketemu bensin wkwkkwk;netral;0.8536
41itFALrNU8;#ngopenk  PODCAST BERSAMA ALDI TAHER, OBROLAN PENUH FILOSOFIS;Tirta PengPengPeng;@LuqmanZanuwari;Tercounter br tirta sama bang aldi😂🎉;2026-05-23T11:10:18Z;3;tercounter br tirta sama bang aldi;positif;0.886
41itFALrNU8;#ngopenk  PODCAST BERSAMA ALDI TAHER, OBROLAN PENUH FILOSOFIS;Tirta PengPengPeng;@inibukantv2425;Kita bisa melihat ketika dr tirta melayani pasien yg terkena penyakit serius seperti penyakiit kanker seperti aldi taher. Mungkin beliau dr tirta hanya ingin menyenangkan hati aldi taher.;2026-05-23T08:23:06Z;0;kita bisa melihat ketika dari tirta melayani pasien yang terkena penyakit serius seperti penyakiit kanker seperti aldi taher mungkin beliau dari tirta hanya ingin menyenangkan hati aldi taher;positif;0.9536
41itFALrNU8;#ngopenk  PODCAST BERSAMA ALDI TAHER, OBROLAN PENUH FILOSOFIS;Tirta PengPengPeng;@aarthau;lucubanget taik podcast ini🤣;2026-05-23T02:23:09Z;0;lucubanget taik podcast ini;positif;0.9811
41itFALrNU8;#ngopenk  PODCAST BERSAMA ALDI TAHER, OBROLAN PENUH FILOSOFIS;Tirta PengPengPeng;@khoirulmubarok959;ILMU TINGKAT TINGGI;2026-05-23T02:12:24Z;0;ilmu tingkat tinggi;positif;0.9609
41itFALrNU8;#ngopenk  PODCAST BERSAMA ALDI TAHER, OBROLAN PENUH FILOSOFIS;Tirta PengPengPeng;@Elbieel88;😂😂😂😂😂 kocak ...seru.....lucu 🎉🎉🎉🎉 menghibur....... Tanks lg stres jdi lupa;2026-05-23T02:01:03Z;0;kocak seru lucu menghibur tanks lagi stres jadi lupa;positif;0.9059
41itFALrNU8;#ngopenk  PODCAST BERSAMA ALDI TAHER, OBROLAN PENUH FILOSOFIS;Tirta PengPengPeng;@Mama_Atik;𝑨𝒑𝒂𝒍𝒂𝒉,, 𝒂𝒑𝒂𝒍𝒂𝒉 𝒑𝒐𝒌𝒐𝒌𝒏𝒚𝒂 𝒂𝒌𝒖 𝒔𝒖𝒌𝒂😂❤;2026-05-23T01:58:41Z;0;𝑨𝒑𝒂𝒍𝒂𝒉 𝒂𝒑𝒂𝒍𝒂𝒉 𝒑𝒐𝒌𝒐𝒌𝒏𝒚𝒂 𝒂𝒌𝒖 𝒔𝒖𝒌𝒂;netral;0.86
41itFALrNU8;#ngopenk  PODCAST BERSAMA ALDI TAHER, OBROLAN PENUH FILOSOFIS;Tirta PengPengPeng;@Rainchow2123;Kata kata emas :ok siap-semua milik allah;2026-05-23T01:31:12Z;0;kata kata emas oke siap semua milik allah;netral;0.8789
41itFALrNU8;#ngopenk  PODCAST BERSAMA ALDI TAHER, OBROLAN PENUH FILOSOFIS;Tirta PengPengPeng;@urNeytiri;Capek 😭🤣🤣🤣🤣;2026-05-22T23:31:18Z;0;capai;negatif;0.9419
41itFALrNU8;#ngopenk  PODCAST BERSAMA ALDI TAHER, OBROLAN PENUH FILOSOFIS;Tirta PengPengPeng;@ripkiiwl;"penonton baru: ini ngapain si? 
penonton lama: ini ngapain si?";2026-05-22T19:29:32Z;1;penonton baru ini ngapain si penonton lama ini ngapain si;negatif;0.9955
41itFALrNU8;#ngopenk  PODCAST BERSAMA ALDI TAHER, OBROLAN PENUH FILOSOFIS;Tirta PengPengPeng;@desykristinawati4181;capekkk bgt ketawa;2026-05-22T15:09:02Z;0;capekk sangat tertawa;negatif;0.996
41itFALrNU8;#ngopenk  PODCAST BERSAMA ALDI TAHER, OBROLAN PENUH FILOSOFIS;Tirta PengPengPeng;@desykristinawati4181;jd manutan sih dok 😂;2026-05-22T15:05:21Z;0;jadi manutan sih dok;negatif;0.9955
41itFALrNU8;#ngopenk  PODCAST BERSAMA ALDI TAHER, OBROLAN PENUH FILOSOFIS;Tirta PengPengPeng;@fia_li;7:55 BENERAN LANGSUNG IKLAN GRAB;2026-05-22T13:35:13Z;1;benar langsung iklan grab;netral;0.9562
41itFALrNU8;#ngopenk  PODCAST BERSAMA ALDI TAHER, OBROLAN PENUH FILOSOFIS;Tirta PengPengPeng;@itsbeee99;lawan setimpal😂;2026-05-22T10:38:16Z;0;lawan setimpal;negatif;0.8908
41itFALrNU8;#ngopenk  PODCAST BERSAMA ALDI TAHER, OBROLAN PENUH FILOSOFIS;Tirta PengPengPeng;@reginacarmilia5421;ini podcast ngga jelas, tapi sejauh ini udah mau beres masih gue dengerin 😅;2026-05-22T09:17:42Z;0;ini podcast tidak jelas tapi sejauh ini sudah mau beres masih saya dengerin;negatif;0.9711
41itFALrNU8;#ngopenk  PODCAST BERSAMA ALDI TAHER, OBROLAN PENUH FILOSOFIS;Tirta PengPengPeng;@rahmatusshidqi2980;ngalor gak ngidul gak;2026-05-22T08:57:34Z;0;ngalor tidak ngidul tidak;positif;0.9724
41itFALrNU8;#ngopenk  PODCAST BERSAMA ALDI TAHER, OBROLAN PENUH FILOSOFIS;Tirta PengPengPeng;@Tonofebriani;Gaya rambut apa dok namanya?;2026-05-22T08:52:36Z;0;gaya rambut apa dok namanya;netral;0.5162
41itFALrNU8;#ngopenk  PODCAST BERSAMA ALDI TAHER, OBROLAN PENUH FILOSOFIS;Tirta PengPengPeng;@argoreza4461;Pecah;2026-05-22T06:01:25Z;0;pecah;negatif;0.9955
41itFALrNU8;#ngopenk  PODCAST BERSAMA ALDI TAHER, OBROLAN PENUH FILOSOFIS;Tirta PengPengPeng;@faqihytgg24;diluar nalar, emosi dan bikin emosi;2026-05-22T05:19:06Z;0;diluar nalar emosi dan bikin emosi;negatif;0.9953
41itFALrNU8;#ngopenk  PODCAST BERSAMA ALDI TAHER, OBROLAN PENUH FILOSOFIS;Tirta PengPengPeng;@rifaanugrah9805;gw tahan sampe menit 4 hmm;2026-05-22T01:42:44Z;0;saya tahan sampai menit hmm;negatif;0.6207
41itFALrNU8;#ngopenk  PODCAST BERSAMA ALDI TAHER, OBROLAN PENUH FILOSOFIS;Tirta PengPengPeng;@devinamawarni4241;Stress gw ilang, nonton ini 😂😂;2026-05-21T23:12:19Z;0;stress saya ilang nonton ini;negatif;0.9959
41itFALrNU8;#ngopenk  PODCAST BERSAMA ALDI TAHER, OBROLAN PENUH FILOSOFIS;Tirta PengPengPeng;@jeffjeffheryaman1079;BARU KALI INI NONTON PIDCAST BLUNDER TAPI MASUK AKAL DAN ADA IBADAH NYA 🤣;2026-05-21T17:53:08Z;0;baru kali ini nonton pidcast blunder tapi masuk akal dan ada ibadah nya;negatif;0.753
41itFALrNU8;#ngopenk  PODCAST BERSAMA ALDI TAHER, OBROLAN PENUH FILOSOFIS;Tirta PengPengPeng;@salisulem;dr.tirta knapa ini woy 😭;2026-05-21T15:18:44Z;0;dari tirta kenapa ini woy;negatif;0.9885
41itFALrNU8;#ngopenk  PODCAST BERSAMA ALDI TAHER, OBROLAN PENUH FILOSOFIS;Tirta PengPengPeng;@qorrr;ini podcast apasih 😂;2026-05-21T14:44:36Z;0;ini podcast apasih;negatif;0.9749
41itFALrNU8;#ngopenk  PODCAST BERSAMA ALDI TAHER, OBROLAN PENUH FILOSOFIS;Tirta PengPengPeng;@adhewijaya3069;Anjir kulit mau di campur kopi buset mind blowing banget;2026-05-21T12:50:26Z;0;anjir kulit mau di campur kopi buset mind blowing sekali;netral;0.8656
41itFALrNU8;#ngopenk  PODCAST BERSAMA ALDI TAHER, OBROLAN PENUH FILOSOFIS;Tirta PengPengPeng;@MuhammadAriel-cz3df;Yoi kesini ada abang Aldi thaher dan mas Tirta pengpengpeng, mantepp..;2026-05-21T12:44:19Z;0;iya kesini ada abang aldi thaher dan mas tirta pengpengpeng mantepp;netral;0.8832
41itFALrNU8;#ngopenk  PODCAST BERSAMA ALDI TAHER, OBROLAN PENUH FILOSOFIS;Tirta PengPengPeng;@RaniaNirwasita-xu2ec;dokter tirta ngeliat bawah = mikir;2026-05-21T12:28:41Z;0;dokter tirta ngeliat bawah mikir;negatif;0.8047
41itFALrNU8;#ngopenk  PODCAST BERSAMA ALDI TAHER, OBROLAN PENUH FILOSOFIS;Tirta PengPengPeng;@amelyas7079;istri dulu mas aldiii;2026-05-21T11:33:02Z;0;istri dulu mas aldii;netral;0.9819
41itFALrNU8;#ngopenk  PODCAST BERSAMA ALDI TAHER, OBROLAN PENUH FILOSOFIS;Tirta PengPengPeng;@communityheronganjuk5872;🤣🤣🤣🤣🤣🤣🤣🤣🤣🤣🤣🤣🤣🤣🤣🤣;2026-05-21T08:49:23Z;0;;positif;0.8912
41itFALrNU8;#ngopenk  PODCAST BERSAMA ALDI TAHER, OBROLAN PENUH FILOSOFIS;Tirta PengPengPeng;@Agus-c3e2b;2:32 kim jong un😅😅😅😅;2026-05-21T07:59:39Z;0;kim jong un;netral;0.715
41itFALrNU8;#ngopenk  PODCAST BERSAMA ALDI TAHER, OBROLAN PENUH FILOSOFIS;Tirta PengPengPeng;@RickySetiawanHermanHerman;"Dr tirta lagi ngetes limit kesabaranya sampe mana😅😅😅,,,
Gwa yakin setelah acara ini bakal tidur seharian,energinya abis soalnya😂✌";2026-05-21T07:37:08Z;0;dari tirta lagi ngetes limit kesabaranya sampai mana gwa yakin setelah acara ini bakal tidur seharian energinya abis soalnya;positif;0.5416
41itFALrNU8;#ngopenk  PODCAST BERSAMA ALDI TAHER, OBROLAN PENUH FILOSOFIS;Tirta PengPengPeng;@yantookoplingg00;lesti sayang riski bilarrrr, emot api;2026-05-21T05:55:22Z;1;lesti sayang riski bilarr emot api;positif;0.7996
41itFALrNU8;#ngopenk  PODCAST BERSAMA ALDI TAHER, OBROLAN PENUH FILOSOFIS;Tirta PengPengPeng;@muhanifaannisayusuf5877;Dok capek gak dok 😆;2026-05-21T05:34:15Z;0;dok capai tidak dok;negatif;0.6501
41itFALrNU8;#ngopenk  PODCAST BERSAMA ALDI TAHER, OBROLAN PENUH FILOSOFIS;Tirta PengPengPeng;@iputuarjun8810;meleng dikit gatau bahas apa;2026-05-20T18:08:03Z;0;meleng sedikit tidak tahu bahas apa;negatif;0.9949
41itFALrNU8;#ngopenk  PODCAST BERSAMA ALDI TAHER, OBROLAN PENUH FILOSOFIS;Tirta PengPengPeng;@aprilianurkholifah1476;Aku ga ngerti game yang mereka tektokan ngomongnya itu 😢 gimana maksudnya wkwk;2026-05-20T17:07:01Z;0;saya tidak ngerti game yang mereka tektokan ngomongnya itu gimana maksudnya wkwk;negatif;0.994
41itFALrNU8;#ngopenk  PODCAST BERSAMA ALDI TAHER, OBROLAN PENUH FILOSOFIS;Tirta PengPengPeng;@itosetiawan2105;Cuma gara-gara mubazir bisa jadi menteri agama 😂;2026-05-20T15:56:01Z;0;cuma gara gara mubazir bisa jadi menteri agama;negatif;0.9933
41itFALrNU8;#ngopenk  PODCAST BERSAMA ALDI TAHER, OBROLAN PENUH FILOSOFIS;Tirta PengPengPeng;@NurAzizah-g7t;PODCAST APAAN SIH INI😭;2026-05-20T14:24:46Z;0;podcast apaan sih ini;negatif;0.992
41itFALrNU8;#ngopenk  PODCAST BERSAMA ALDI TAHER, OBROLAN PENUH FILOSOFIS;Tirta PengPengPeng;@Yukii.zhehan;Overload otakku tiap menit beda topik😭;2026-05-20T12:59:34Z;5;overload otakku tiap menit beda topik;negatif;0.9927
41itFALrNU8;#ngopenk  PODCAST BERSAMA ALDI TAHER, OBROLAN PENUH FILOSOFIS;Tirta PengPengPeng;@blasphemy131;kedip dikit beda topik;2026-05-20T12:36:45Z;0;kedip sedikit beda topik;negatif;0.9818
41itFALrNU8;#ngopenk  PODCAST BERSAMA ALDI TAHER, OBROLAN PENUH FILOSOFIS;Tirta PengPengPeng;@HanifIkhwanudin;citizen😂;2026-05-20T12:11:09Z;0;citizen;positif;0.7593
41itFALrNU8;#ngopenk  PODCAST BERSAMA ALDI TAHER, OBROLAN PENUH FILOSOFIS;Tirta PengPengPeng;@CahayaRaisah;ternyata mereka sefrekuensi guyssss, duett combo maksimal😭;2026-05-20T11:47:12Z;0;ternyata mereka sefrekuensi guyss duett combo maksimal;netral;0.9095
41itFALrNU8;#ngopenk  PODCAST BERSAMA ALDI TAHER, OBROLAN PENUH FILOSOFIS;Tirta PengPengPeng;@pffinishing9605;cape ketawa jirrr🤒;2026-05-20T08:27:26Z;0;capai tertawa jirr;negatif;0.9947
41itFALrNU8;#ngopenk  PODCAST BERSAMA ALDI TAHER, OBROLAN PENUH FILOSOFIS;Tirta PengPengPeng;@Haiffaizzaa;26:18 NGAKAK LIAT DR TIRTA😭😭😭😭😭;2026-05-20T08:27:06Z;1;terbahak-bahak liat dari tirta;positif;0.7441
41itFALrNU8;#ngopenk  PODCAST BERSAMA ALDI TAHER, OBROLAN PENUH FILOSOFIS;Tirta PengPengPeng;@Haiffaizzaa;21:31 HAHAHAHA NGAKAK😂😂😂;2026-05-20T08:20:56Z;1;hahahaha terbahak-bahak;negatif;0.643
41itFALrNU8;#ngopenk  PODCAST BERSAMA ALDI TAHER, OBROLAN PENUH FILOSOFIS;Tirta PengPengPeng;@kucingcandy;sumpah lucu bgtt😭😭😭😭🤣;2026-05-20T07:31:50Z;0;sumpah lucu bgtt;positif;0.9963
41itFALrNU8;#ngopenk  PODCAST BERSAMA ALDI TAHER, OBROLAN PENUH FILOSOFIS;Tirta PengPengPeng;@maz_quprettt;dr.tirta : oke 😌;2026-05-20T05:19:59Z;0;dari tirta oke;positif;0.9912
41itFALrNU8;#ngopenk  PODCAST BERSAMA ALDI TAHER, OBROLAN PENUH FILOSOFIS;Tirta PengPengPeng;@MLidanLidan;2minggu hmpir 2jt viewers juga ini dok bnran setres 😅😅😅;2026-05-20T04:52:38Z;0;2minggu hmpir 2jt viewers juga ini dok bnran setres;netral;0.9782
41itFALrNU8;#ngopenk  PODCAST BERSAMA ALDI TAHER, OBROLAN PENUH FILOSOFIS;Tirta PengPengPeng;@Muhammadfabiann;"""Gua ngeliat dia kaya ngeliat gw lho"" 😭";2026-05-20T03:53:44Z;0;saya ngeliat dia kaya ngeliat saya lho;negatif;0.9367
41itFALrNU8;#ngopenk  PODCAST BERSAMA ALDI TAHER, OBROLAN PENUH FILOSOFIS;Tirta PengPengPeng;@Kireyna94;"badjingan butuh 4x buat nonton sampe beres gak kuat anjir.
salut sama dr.tirta";2026-05-20T03:51:19Z;0;badjingan butuh 4x buat nonton sampai beres tidak kuat anjir salut sama dari tirta;positif;0.9129
41itFALrNU8;#ngopenk  PODCAST BERSAMA ALDI TAHER, OBROLAN PENUH FILOSOFIS;Tirta PengPengPeng;@armandooktaviano;Gambaran obrolan laki-laki jam 2 subuh;2026-05-19T18:43:11Z;1;gambaran obrolan laki laki jam subuh;netral;0.9616
41itFALrNU8;#ngopenk  PODCAST BERSAMA ALDI TAHER, OBROLAN PENUH FILOSOFIS;Tirta PengPengPeng;@waodeindri9635;Hhhhh;2026-05-19T17:12:53Z;1;hh;negatif;0.6427
41itFALrNU8;#ngopenk  PODCAST BERSAMA ALDI TAHER, OBROLAN PENUH FILOSOFIS;Tirta PengPengPeng;@waodeindri9635;Hhhh ngakak;2026-05-19T17:11:48Z;1;hh terbahak-bahak;positif;0.3652
41itFALrNU8;#ngopenk  PODCAST BERSAMA ALDI TAHER, OBROLAN PENUH FILOSOFIS;Tirta PengPengPeng;@ahmadmuchodas-w8o;Lo tirta baca qur'an;2026-05-19T17:09:55Z;1;kamu tirta baca qur an;negatif;0.9619
41itFALrNU8;#ngopenk  PODCAST BERSAMA ALDI TAHER, OBROLAN PENUH FILOSOFIS;Tirta PengPengPeng;@adivava._.123;Pusing bgt nontonnya wkwkwk😂;2026-05-19T14:48:33Z;0;pusing sangat nontonnya wkwkwk;negatif;0.9946
41itFALrNU8;#ngopenk  PODCAST BERSAMA ALDI TAHER, OBROLAN PENUH FILOSOFIS;Tirta PengPengPeng;@021nabiladestisukmawati9;Pas ngelapin serasa ngeluarin isi hatii;2026-05-19T14:29:27Z;0;pas ngelapin serasa ngeluarin isi hatii;positif;0.9941
41itFALrNU8;#ngopenk  PODCAST BERSAMA ALDI TAHER, OBROLAN PENUH FILOSOFIS;Tirta PengPengPeng;@tharaarnetta;podcast plenger ahahahaha 😭😭😭😭;2026-05-19T12:07:03Z;1;podcast plenger ahahahaha;netral;0.7918
41itFALrNU8;#ngopenk  PODCAST BERSAMA ALDI TAHER, OBROLAN PENUH FILOSOFIS;Tirta PengPengPeng;@IlleNanaksholehah;Sebenarnya gwe nonton apa si?;2026-05-19T11:38:47Z;2;sebenarnya gwe nonton apa si;negatif;0.9949
41itFALrNU8;#ngopenk  PODCAST BERSAMA ALDI TAHER, OBROLAN PENUH FILOSOFIS;Tirta PengPengPeng;@putrifebriantykhoirunnisah2772;Apasih ini, gue gak sanggup dengernya 😭🙏🏻;2026-05-19T09:22:34Z;1;apasih ini saya tidak sanggup dengernya;negatif;0.996
41itFALrNU8;#ngopenk  PODCAST BERSAMA ALDI TAHER, OBROLAN PENUH FILOSOFIS;Tirta PengPengPeng;@tasmiatun3282;Gk nyangka dr.Tirta bs sbr menghadapi Aldi taher  😂 , org trantrum ngumpul sm org aneh , gk th inti dr obrolan podcasd nya yg mau hikmah nya yg mn 😅yg nonton ikut gila 😂😂;2026-05-19T08:40:58Z;0;tidak sangka dari tirta bisa sabar menghadapi aldi taher orang trantrum ngumpul sama orang aneh tidak th inti dari obrolan podcasd nya yang mau hikmah nya yang mana yang nonton ikut gila;negatif;0.9833
41itFALrNU8;#ngopenk  PODCAST BERSAMA ALDI TAHER, OBROLAN PENUH FILOSOFIS;Tirta PengPengPeng;@ndrown;Podcast hilang arah;2026-05-19T07:11:54Z;1;podcast hilang arah;negatif;0.9388
41itFALrNU8;#ngopenk  PODCAST BERSAMA ALDI TAHER, OBROLAN PENUH FILOSOFIS;Tirta PengPengPeng;@sitidianah4413;Dok... Saya aja yg nonton capeekk....😭😭  Asli capek banget.banget.bangeett... Ternyata dokter orang yang sabar banget😭 mohon maaf selama ini udah salah sangka🙏🙏;2026-05-19T03:33:42Z;1;dok saya saja yang nonton capeekk asli capai sekali sekali bangeett ternyata dokter orang yang sabar sekali mohon maaf selama ini sudah salah sangka;negatif;0.9936
41itFALrNU8;#ngopenk  PODCAST BERSAMA ALDI TAHER, OBROLAN PENUH FILOSOFIS;Tirta PengPengPeng;@daniduwinad;ini gue nonton apa weh;2026-05-19T01:57:55Z;0;ini saya nonton apa weh;negatif;0.9788
41itFALrNU8;#ngopenk  PODCAST BERSAMA ALDI TAHER, OBROLAN PENUH FILOSOFIS;Tirta PengPengPeng;@imamnugroho3361;Salut buat Dr. Tirta, pinter banget ngimbangi. Makin suka saya 👍👍👍;2026-05-19T01:57:47Z;0;salut buat dari tirta pintar sekali ngimbangi makin suka saya;positif;0.9974
41itFALrNU8;#ngopenk  PODCAST BERSAMA ALDI TAHER, OBROLAN PENUH FILOSOFIS;Tirta PengPengPeng;@armandalghazali;Sangat salut dengan dr Tirta ❤;2026-05-19T01:45:34Z;0;sangat salut dengan dari tirta;positif;0.9975
41itFALrNU8;#ngopenk  PODCAST BERSAMA ALDI TAHER, OBROLAN PENUH FILOSOFIS;Tirta PengPengPeng;@akunanas0;BerDAGING;2026-05-18T15:38:12Z;0;berdaging;negatif;0.906
41itFALrNU8;#ngopenk  PODCAST BERSAMA ALDI TAHER, OBROLAN PENUH FILOSOFIS;Tirta PengPengPeng;@alehandro-90s;penuh filosofi masih belum tepat untuk menggambarkan obrolan ini. filosofinya ampe luber2 soalnya cookkkk, 😂😂😂;2026-05-18T15:22:42Z;0;penuh filosofi masih belum tepat untuk menggambarkan obrolan ini filosofinya ampe luber2 soalnya cookk;negatif;0.9493
41itFALrNU8;#ngopenk  PODCAST BERSAMA ALDI TAHER, OBROLAN PENUH FILOSOFIS;Tirta PengPengPeng;@syahrasyahraf;APASIH😭;2026-05-18T14:31:54Z;0;apasih;negatif;0.5064
41itFALrNU8;#ngopenk  PODCAST BERSAMA ALDI TAHER, OBROLAN PENUH FILOSOFIS;Tirta PengPengPeng;@velimperatritsa;iki opo seh wkwkwk lucu bangeeeeet nyesel br nonton sekarang;2026-05-18T14:12:52Z;0;iki opo seh wkwkwk lucu bangeet menyesal br nonton sekarang;negatif;0.9959
41itFALrNU8;#ngopenk  PODCAST BERSAMA ALDI TAHER, OBROLAN PENUH FILOSOFIS;Tirta PengPengPeng;@ZiRAYAPRO;Kok Dr tirta bisa lucu yah😂;2026-05-18T13:06:25Z;1;kok dari tirta bisa lucu yah;positif;0.9235
41itFALrNU8;#ngopenk  PODCAST BERSAMA ALDI TAHER, OBROLAN PENUH FILOSOFIS;Tirta PengPengPeng;@irananisipakkar7309;Bodohnya aku udh tau gak ada makna tetap nonton sampe akhir 😢;2026-05-18T12:29:35Z;1;bodohnya saya sudah tahu tidak ada makna tetap nonton sampai akhir;negatif;0.9956
41itFALrNU8;#ngopenk  PODCAST BERSAMA ALDI TAHER, OBROLAN PENUH FILOSOFIS;Tirta PengPengPeng;@ikayenny7412;Habis megang sepatu, megang makanan ... kagak cuci tangan... 😂😂;2026-05-18T11:17:27Z;1;habis megang sepatu megang makanan tidak cuci tangan;negatif;0.9886
41itFALrNU8;#ngopenk  PODCAST BERSAMA ALDI TAHER, OBROLAN PENUH FILOSOFIS;Tirta PengPengPeng;@adamganteng-j9x;lengah dikit beda topik😂;2026-05-18T08:26:37Z;0;lengah sedikit beda topik;negatif;0.9931
41itFALrNU8;#ngopenk  PODCAST BERSAMA ALDI TAHER, OBROLAN PENUH FILOSOFIS;Tirta PengPengPeng;@BaniNurzam;21:30 😂😂😂😂;2026-05-18T07:56:56Z;0;;positif;0.8912
41itFALrNU8;#ngopenk  PODCAST BERSAMA ALDI TAHER, OBROLAN PENUH FILOSOFIS;Tirta PengPengPeng;@BaniNurzam;Akhirnya Dr. Tirta menemukan frekuensinya;2026-05-18T07:41:45Z;0;akhirnya dari tirta menemukan frekuensinya;netral;0.8953
41itFALrNU8;#ngopenk  PODCAST BERSAMA ALDI TAHER, OBROLAN PENUH FILOSOFIS;Tirta PengPengPeng;@hanifahshafanugrahtuti4130;INI PODCAST ISINYA DAGING, daging kebab;2026-05-18T06:09:12Z;0;ini podcast isinya daging daging kebab;netral;0.6295
41itFALrNU8;#ngopenk  PODCAST BERSAMA ALDI TAHER, OBROLAN PENUH FILOSOFIS;Tirta PengPengPeng;@liasim.m;😭😭😭apaasihhhh;2026-05-18T06:06:30Z;0;apaasihh;positif;0.538
41itFALrNU8;#ngopenk  PODCAST BERSAMA ALDI TAHER, OBROLAN PENUH FILOSOFIS;Tirta PengPengPeng;@farizgaming7;Wkwkwo😂;2026-05-18T06:06:27Z;0;wkwkwo;netral;0.8586
41itFALrNU8;#ngopenk  PODCAST BERSAMA ALDI TAHER, OBROLAN PENUH FILOSOFIS;Tirta PengPengPeng;@miamitwo;IQ gw anjlok kek nya🫪🫪;2026-05-18T05:39:50Z;0;iq saya anjlok kek nya;negatif;0.9956
41itFALrNU8;#ngopenk  PODCAST BERSAMA ALDI TAHER, OBROLAN PENUH FILOSOFIS;Tirta PengPengPeng;@tripeni2384;Menahan emosi dengan kata OK SIAPPP 😭😭😭;2026-05-18T04:10:05Z;0;menahan emosi dengan kata oke siapp;negatif;0.8621
41itFALrNU8;#ngopenk  PODCAST BERSAMA ALDI TAHER, OBROLAN PENUH FILOSOFIS;Tirta PengPengPeng;@kaspadijaya;disturbing ...;2026-05-18T03:49:38Z;0;disturbing;negatif;0.5728
41itFALrNU8;#ngopenk  PODCAST BERSAMA ALDI TAHER, OBROLAN PENUH FILOSOFIS;Tirta PengPengPeng;@ElsyamHaroun;vidi vidi,liat nihh idola loe;2026-05-18T01:59:07Z;0;vidi vidi liat nihh idola kamu;negatif;0.8532
41itFALrNU8;#ngopenk  PODCAST BERSAMA ALDI TAHER, OBROLAN PENUH FILOSOFIS;Tirta PengPengPeng;@nandafitria612;udah tau ngga jelas tapi tetap ku tonton sampai akhir😭;2026-05-18T01:43:10Z;0;sudah tahu tidak jelas tapi tetap ku tonton sampai akhir;negatif;0.9885
41itFALrNU8;#ngopenk  PODCAST BERSAMA ALDI TAHER, OBROLAN PENUH FILOSOFIS;Tirta PengPengPeng;@si_gatot_pasaribu;Njirrr😂 narkoba jenis ap yg di pake Aldi Taher 😂;2026-05-17T22:55:01Z;0;njirr narkoba jenis ap yang di pakai aldi taher;netral;0.9788
41itFALrNU8;#ngopenk  PODCAST BERSAMA ALDI TAHER, OBROLAN PENUH FILOSOFIS;Tirta PengPengPeng;@faisalzulfikar1664;ngundang dia cuman 10 juta view hampir 2 juta udh balik modal banyak😂 keren sih aldi taher ini the rill pejuang keluarga😂;2026-05-17T20:59:30Z;0;ngundang dia hanya juta view hampir juta sudah balik modal banyak keren sih aldi taher ini the rill pejuang keluarga;positif;0.9218
41itFALrNU8;#ngopenk  PODCAST BERSAMA ALDI TAHER, OBROLAN PENUH FILOSOFIS;Tirta PengPengPeng;@dongengceria4;Nggoceki sepatu ra wisuh kok piye dok dok😂;2026-05-17T14:49:31Z;0;nggoceki sepatu ra wisuh kok piye dok dok;netral;0.8694
41itFALrNU8;#ngopenk  PODCAST BERSAMA ALDI TAHER, OBROLAN PENUH FILOSOFIS;Tirta PengPengPeng;@sansainchannel2505;Ya Allah dokter Tirta ternyata pria sabar 😂😂😂;2026-05-17T14:07:55Z;0;ya allah dokter tirta ternyata pria sabar;negatif;0.9705
41itFALrNU8;#ngopenk  PODCAST BERSAMA ALDI TAHER, OBROLAN PENUH FILOSOFIS;Tirta PengPengPeng;@brianrizkyrivaldy;Nontonnya kaya lagi demam;2026-05-17T13:59:06Z;0;nontonnya kaya lagi demam;negatif;0.9954
41itFALrNU8;#ngopenk  PODCAST BERSAMA ALDI TAHER, OBROLAN PENUH FILOSOFIS;Tirta PengPengPeng;@sidikschanel9532;Diburger king ada lapangan kerja!!! Anjir ni orang super positif think;2026-05-17T12:48:25Z;0;diburger king ada lapangan kerja anjir ini orang super positif think;positif;0.9774
41itFALrNU8;#ngopenk  PODCAST BERSAMA ALDI TAHER, OBROLAN PENUH FILOSOFIS;Tirta PengPengPeng;@najlaqonita7513;INI BAHAS APASIH😭😭😭;2026-05-17T12:15:08Z;0;ini bahas apasih;negatif;0.9884
41itFALrNU8;#ngopenk  PODCAST BERSAMA ALDI TAHER, OBROLAN PENUH FILOSOFIS;Tirta PengPengPeng;@bonekjombang1927;16:20 nih yg nyari burger isi melon;2026-05-17T11:30:22Z;0;nih yang cari burger isi melon;negatif;0.9293
41itFALrNU8;#ngopenk  PODCAST BERSAMA ALDI TAHER, OBROLAN PENUH FILOSOFIS;Tirta PengPengPeng;@IrfanRahmat-c8r;Gua nonton apa ini cokk😂;2026-05-17T10:53:05Z;0;saya nonton apa ini cokk;negatif;0.9531
41itFALrNU8;#ngopenk  PODCAST BERSAMA ALDI TAHER, OBROLAN PENUH FILOSOFIS;Tirta PengPengPeng;@dapurtempodoeloe-jc1eh;Request dok panggil gufron;2026-05-17T10:08:41Z;0;request dok panggil gufron;netral;0.9807
41itFALrNU8;#ngopenk  PODCAST BERSAMA ALDI TAHER, OBROLAN PENUH FILOSOFIS;Tirta PengPengPeng;@Araleondiv;IQ ku turun satu nonton ini💔;2026-05-17T09:22:01Z;0;iq ku turun satu nonton ini;negatif;0.9719
41itFALrNU8;#ngopenk  PODCAST BERSAMA ALDI TAHER, OBROLAN PENUH FILOSOFIS;Tirta PengPengPeng;@whats_the1stdeal;"4:18 ""jangan sekarang"" dokter mau nunjukkin nya abis syuting video ta 😅";2026-05-17T08:40:39Z;0;jangan sekarang dokter mau nunjukkin nya abis syuting video ta;negatif;0.9946
41itFALrNU8;#ngopenk  PODCAST BERSAMA ALDI TAHER, OBROLAN PENUH FILOSOFIS;Tirta PengPengPeng;@leilaniaimr;anak kedua disatuin ama anak kedua😂;2026-05-17T07:32:15Z;0;anak kedua disatuin sama anak kedua;netral;0.7582
41itFALrNU8;#ngopenk  PODCAST BERSAMA ALDI TAHER, OBROLAN PENUH FILOSOFIS;Tirta PengPengPeng;@Artamiels-1;Gw lagi makan liat nasi bentar topik nya bru ah 😭😭;2026-05-17T06:42:53Z;0;saya lagi makan liat nasi bentar topik nya baru ah;positif;0.6235
41itFALrNU8;#ngopenk  PODCAST BERSAMA ALDI TAHER, OBROLAN PENUH FILOSOFIS;Tirta PengPengPeng;@shme712;om herman temen kakek saya;2026-05-17T05:35:38Z;0;om herman teman kakek saya;netral;0.9475
41itFALrNU8;#ngopenk  PODCAST BERSAMA ALDI TAHER, OBROLAN PENUH FILOSOFIS;Tirta PengPengPeng;@MarwahClean;Cuma sama Aldy taher dr. Tirta anteng. Nyamain vibrasi 🤣;2026-05-17T05:24:14Z;0;cuma sama aldy taher dari tirta anteng nyamain vibrasi;netral;0.6022
41itFALrNU8;#ngopenk  PODCAST BERSAMA ALDI TAHER, OBROLAN PENUH FILOSOFIS;Tirta PengPengPeng;@yuliaastuty6373;Talk show apa ini postcas paling ngaur ini ... 😂😂😂sama2 rada2 ber2 saling romantis dan akur udh kaya abang dan ade;2026-05-17T05:00:30Z;0;talk show apa ini postcas paling ngaur ini sama2 rada2 ber2 saling romantis dan akur sudah kaya abang dan ade;positif;0.9415
41itFALrNU8;#ngopenk  PODCAST BERSAMA ALDI TAHER, OBROLAN PENUH FILOSOFIS;Tirta PengPengPeng;@umibasharoh962;jfi sbrr biut aku suka;2026-05-17T04:03:17Z;0;jfi sbrr biut saya suka;positif;0.9946
41itFALrNU8;#ngopenk  PODCAST BERSAMA ALDI TAHER, OBROLAN PENUH FILOSOFIS;Tirta PengPengPeng;@ahmadyusuf1060;"Sakit apa dok
Ketika pasen nanya keluhan dokter😂😂";2026-05-17T03:05:11Z;0;sakit apa dok ketika pasen tanya keluhan dokter;netral;0.8106
41itFALrNU8;#ngopenk  PODCAST BERSAMA ALDI TAHER, OBROLAN PENUH FILOSOFIS;Tirta PengPengPeng;@hophopfull;🤣🤣🤣🤣 ngakak banget.;2026-05-17T02:54:42Z;0;terbahak-bahak sekali;negatif;0.8104
41itFALrNU8;#ngopenk  PODCAST BERSAMA ALDI TAHER, OBROLAN PENUH FILOSOFIS;Tirta PengPengPeng;@wcandra664;ini kayanya podcast nya aldi taher yang paling asik dah, emg jos dokter tirta;2026-05-17T01:06:42Z;0;ini kayaknya podcast nya aldi taher yang paling asik sudah memang jos dokter tirta;positif;0.9602
41itFALrNU8;#ngopenk  PODCAST BERSAMA ALDI TAHER, OBROLAN PENUH FILOSOFIS;Tirta PengPengPeng;@Jiu_Jisae;otak gw nga sanggup melengkapi kalimat yg kurang;2026-05-16T22:42:43Z;0;otak saya nga sanggup melengkapi kalimat yang kurang;negatif;0.9777
41itFALrNU8;#ngopenk  PODCAST BERSAMA ALDI TAHER, OBROLAN PENUH FILOSOFIS;Tirta PengPengPeng;@alamandafirdaus;PLISSS SERU BANGET DARI AWAL SAMPE AKHIR GA BERHENTI KETAWA😭👍🏻;2026-05-16T18:12:23Z;0;pliss seru sekali dari awal sampai akhir tidak berhenti tertawa;positif;0.9953
41itFALrNU8;#ngopenk  PODCAST BERSAMA ALDI TAHER, OBROLAN PENUH FILOSOFIS;Tirta PengPengPeng;@muhammadegae786;Kocak hiburan posisi negri Konoha seperti ini, terimakasih;2026-05-16T16:28:39Z;0;kocak hiburan posisi negeri konoha seperti ini terimakasih;netral;0.6082
41itFALrNU8;#ngopenk  PODCAST BERSAMA ALDI TAHER, OBROLAN PENUH FILOSOFIS;Tirta PengPengPeng;@AlamAlam-k9x6h;Pawang frimawan=dr gia, pawang dr tirta=aldi taher;2026-05-16T14:31:21Z;0;pawang frimawan dari gia pawang dari tirta aldi taher;netral;0.9793
41itFALrNU8;#ngopenk  PODCAST BERSAMA ALDI TAHER, OBROLAN PENUH FILOSOFIS;Tirta PengPengPeng;@winny24;Mau liat ihhh penasaran giliran Dr. Gia gimana kalau ngadepin Aldi Taher;2026-05-16T14:09:12Z;0;mau liat ihh penasaran giliran dari gia gimana kalau ngadepin aldi taher;negatif;0.9932
41itFALrNU8;#ngopenk  PODCAST BERSAMA ALDI TAHER, OBROLAN PENUH FILOSOFIS;Tirta PengPengPeng;@sadjaco3835;diatas ada berkah jangan duit mulu otak nya masyaallah;2026-05-16T12:07:02Z;0;diatas ada berkah jangan duit terus otak nya masyaallah;negatif;0.9837
41itFALrNU8;#ngopenk  PODCAST BERSAMA ALDI TAHER, OBROLAN PENUH FILOSOFIS;Tirta PengPengPeng;@rioermindo;mayanesiadotcom;2026-05-16T12:01:38Z;1;mayanesiadotcom;netral;0.9459
41itFALrNU8;#ngopenk  PODCAST BERSAMA ALDI TAHER, OBROLAN PENUH FILOSOFIS;Tirta PengPengPeng;@septa855;podcast terbaik sejauh ini😭;2026-05-16T11:55:21Z;1;podcast terbaik sejauh ini;positif;0.9952
41itFALrNU8;#ngopenk  PODCAST BERSAMA ALDI TAHER, OBROLAN PENUH FILOSOFIS;Tirta PengPengPeng;@sarwantinurul4687;Haahahahhaaa ini gajelas si obrolannya ,,tp gue tonton smpe abis astagfirullah 😂😂😂;2026-05-16T09:46:53Z;0;haahahahhaa ini tidak jelas si obrolannya tapi saya tonton sampai abis astagfirullah;negatif;0.9952
41itFALrNU8;#ngopenk  PODCAST BERSAMA ALDI TAHER, OBROLAN PENUH FILOSOFIS;Tirta PengPengPeng;@annnimmm;komen nya kocak semua;2026-05-16T08:49:16Z;0;komen nya kocak semua;negatif;0.5264
41itFALrNU8;#ngopenk  PODCAST BERSAMA ALDI TAHER, OBROLAN PENUH FILOSOFIS;Tirta PengPengPeng;@sweetysgirll;Seru bgt btw Al Fatihah 🤲🏻;2026-05-16T08:04:07Z;1;seru sangat btw al fatihah;positif;0.9915
41itFALrNU8;#ngopenk  PODCAST BERSAMA ALDI TAHER, OBROLAN PENUH FILOSOFIS;Tirta PengPengPeng;@uthazizar210;Tai 😂😂wkwk;2026-05-16T07:44:27Z;0;tahi wkwk;negatif;0.9833
41itFALrNU8;#ngopenk  PODCAST BERSAMA ALDI TAHER, OBROLAN PENUH FILOSOFIS;Tirta PengPengPeng;@dinirusmiati4030;Ternyataaaaaaaa.... Pawang nya dr.Tirta itu Aldi Taher... saluuuutttt dr sampe gak marah marah 😂😂😂😂;2026-05-16T06:05:50Z;0;ternyataa pawang nya dari tirta itu aldi taher saluutt dari sampai tidak marah marah;positif;0.7637
41itFALrNU8;#ngopenk  PODCAST BERSAMA ALDI TAHER, OBROLAN PENUH FILOSOFIS;Tirta PengPengPeng;@nirurura;😭😭😭 iq turun setiap detik;2026-05-16T06:02:28Z;1;iq turun setiap detik;negatif;0.8425
41itFALrNU8;#ngopenk  PODCAST BERSAMA ALDI TAHER, OBROLAN PENUH FILOSOFIS;Tirta PengPengPeng;@empatbusi;Random banget ini😂;2026-05-16T05:10:58Z;0;random sekali ini;negatif;0.9937
41itFALrNU8;#ngopenk  PODCAST BERSAMA ALDI TAHER, OBROLAN PENUH FILOSOFIS;Tirta PengPengPeng;@anazuhriatunnisa8266;podcast paling plenger yg pernah gue tonton;2026-05-16T04:37:17Z;0;podcast paling plenger yang pernah saya tonton;positif;0.8975
41itFALrNU8;#ngopenk  PODCAST BERSAMA ALDI TAHER, OBROLAN PENUH FILOSOFIS;Tirta PengPengPeng;@nemuidesuid;plenger nontonnya wkwkwk;2026-05-16T03:57:01Z;0;plenger nontonnya wkwkwk;netral;0.5494
41itFALrNU8;#ngopenk  PODCAST BERSAMA ALDI TAHER, OBROLAN PENUH FILOSOFIS;Tirta PengPengPeng;@Alfreytifano;Dokter Tirta mencoba mengetes kesabaran 🤣;2026-05-16T03:37:21Z;1;dokter tirta mencoba mengetes kesabaran;netral;0.9778
41itFALrNU8;#ngopenk  PODCAST BERSAMA ALDI TAHER, OBROLAN PENUH FILOSOFIS;Tirta PengPengPeng;@dwiseptiadi8872;Undang dek NALA dok, anak umur 5 tahun yang jenius paham organ tubuh manusia;2026-05-16T03:29:51Z;0;undang dek nala dok anak umur tahun yang jenius paham organ tubuh manusia;netral;0.4781
41itFALrNU8;#ngopenk  PODCAST BERSAMA ALDI TAHER, OBROLAN PENUH FILOSOFIS;Tirta PengPengPeng;@NGZ-2025;HABIS PEGANG SEPATU LOH DOK TIRRR, cuci tangannnnnnn gk sihhh;2026-05-16T03:09:10Z;0;habis pegang sepatu loh dok tirr cuci tangann tidak sihh;negatif;0.9407
41itFALrNU8;#ngopenk  PODCAST BERSAMA ALDI TAHER, OBROLAN PENUH FILOSOFIS;Tirta PengPengPeng;@KritikKus;Hanya Aldi yang bisa bikin Tirta ini KICEP😂;2026-05-16T02:26:03Z;1;hanya aldi yang bisa bikin tirta ini kicep;netral;0.9387
41itFALrNU8;#ngopenk  PODCAST BERSAMA ALDI TAHER, OBROLAN PENUH FILOSOFIS;Tirta PengPengPeng;@yudho.anggoro;Iya bener lagiii 😅;2026-05-16T01:13:59Z;0;iya benar lagii;negatif;0.9943
41itFALrNU8;#ngopenk  PODCAST BERSAMA ALDI TAHER, OBROLAN PENUH FILOSOFIS;Tirta PengPengPeng;@mizuguchikrista;manchester city ga tuh;2026-05-16T00:59:08Z;0;manchester city tidak tuh;negatif;0.9802
41itFALrNU8;#ngopenk  PODCAST BERSAMA ALDI TAHER, OBROLAN PENUH FILOSOFIS;Tirta PengPengPeng;@02jefriansyah;😂😂;2026-05-16T00:49:46Z;0;;positif;0.8912
41itFALrNU8;#ngopenk  PODCAST BERSAMA ALDI TAHER, OBROLAN PENUH FILOSOFIS;Tirta PengPengPeng;@sumaryonorjlondon9448;masa angkat telpon 😭;2026-05-16T00:13:44Z;0;masa angkat telepon;negatif;0.9814
41itFALrNU8;#ngopenk  PODCAST BERSAMA ALDI TAHER, OBROLAN PENUH FILOSOFIS;Tirta PengPengPeng;@Vie-vs7qf;Emang Extraordinary ni podcast.;2026-05-16T00:06:23Z;0;memang extraordinary ini podcast;negatif;0.7458
41itFALrNU8;#ngopenk  PODCAST BERSAMA ALDI TAHER, OBROLAN PENUH FILOSOFIS;Tirta PengPengPeng;@ismayarachmawati9605;Favorittt😂;2026-05-15T23:48:54Z;0;favoritt;positif;0.9974
41itFALrNU8;#ngopenk  PODCAST BERSAMA ALDI TAHER, OBROLAN PENUH FILOSOFIS;Tirta PengPengPeng;@Kolikulmil;Kayak pak Purnomo sama pasien nya;2026-05-15T21:08:28Z;0;mirip pak purnomo sama pasien nya;negatif;0.9649
41itFALrNU8;#ngopenk  PODCAST BERSAMA ALDI TAHER, OBROLAN PENUH FILOSOFIS;Tirta PengPengPeng;@ANAKOMAKTV;"https://youtube.com/shorts/b3uqREzEp4A?si=4RK1fNMpRmikY8sb

Cocok dengan orang yang di dalam link itu 😂😂😂😂";2026-05-15T19:43:07Z;0;cocok dengan orang yang di dalam link itu;positif;0.9788
41itFALrNU8;#ngopenk  PODCAST BERSAMA ALDI TAHER, OBROLAN PENUH FILOSOFIS;Tirta PengPengPeng;@AprilianiMutia-n6l;15 menit pertama sih aneh ya tapi makin lama Kya ikutan gokss jg🤣🤣🤣;2026-05-15T18:36:13Z;0;menit pertama sih aneh ya tapi makin lama kya ikutan gokss juga;negatif;0.9956
41itFALrNU8;#ngopenk  PODCAST BERSAMA ALDI TAHER, OBROLAN PENUH FILOSOFIS;Tirta PengPengPeng;@ardute23;Nonton sambil liat komentar, di komenterai, mengkomentari, berkomentar, dan ngomentar aja🫠;2026-05-15T18:05:49Z;0;nonton sambil liat komentar di komenterai mengkomentari berkomentar dan ngomentar saja;negatif;0.8317
41itFALrNU8;#ngopenk  PODCAST BERSAMA ALDI TAHER, OBROLAN PENUH FILOSOFIS;Tirta PengPengPeng;@ripkiiganzz7233;kedip sedikit ganti topik pembicaraann😭;2026-05-15T18:05:32Z;1;kedip sedikit ganti topik pembicaraann;negatif;0.9782
41itFALrNU8;#ngopenk  PODCAST BERSAMA ALDI TAHER, OBROLAN PENUH FILOSOFIS;Tirta PengPengPeng;@silfahbafadal4767;Cape nontonnya😂😭🤣;2026-05-15T17:30:06Z;1;capai nontonnya;negatif;0.9915
41itFALrNU8;#ngopenk  PODCAST BERSAMA ALDI TAHER, OBROLAN PENUH FILOSOFIS;Tirta PengPengPeng;@dewiusodo3377;"Yg kayak gini malah asyik, 
seru... 😂";2026-05-15T15:33:15Z;0;yang mirip gini malah asyik seru;positif;0.5101
41itFALrNU8;#ngopenk  PODCAST BERSAMA ALDI TAHER, OBROLAN PENUH FILOSOFIS;Tirta PengPengPeng;@Sawoo_Manisss;Dr. Tirta, podcast lagi donk ama Aldi Taher, suka banget liatnya 😭😭😭😭😭😭😭 nyatu gitu vibes mereka 😭😭😭;2026-05-15T14:52:41Z;0;dari tirta podcast lagi donk sama aldi taher suka sekali liatnya nyatu begitu vibes mereka;positif;0.9859
41itFALrNU8;#ngopenk  PODCAST BERSAMA ALDI TAHER, OBROLAN PENUH FILOSOFIS;Tirta PengPengPeng;@cfrssca;😭😭😭😭😭;2026-05-15T14:40:14Z;0;;positif;0.8912
41itFALrNU8;#ngopenk  PODCAST BERSAMA ALDI TAHER, OBROLAN PENUH FILOSOFIS;Tirta PengPengPeng;@cfrssca;ini apasihhh;2026-05-15T14:40:04Z;0;ini apasihh;negatif;0.994
41itFALrNU8;#ngopenk  PODCAST BERSAMA ALDI TAHER, OBROLAN PENUH FILOSOFIS;Tirta PengPengPeng;@cfrssca;apasih iniii;2026-05-15T14:39:55Z;0;apasih inii;negatif;0.9934
41itFALrNU8;#ngopenk  PODCAST BERSAMA ALDI TAHER, OBROLAN PENUH FILOSOFIS;Tirta PengPengPeng;@Nokedahhh;47:58 podcast terasyuuu,penonton pasti stress😂 Mana iya LG,maksain bngt nonton smpe akhir,plengeerrrnyoooo😭;2026-05-15T14:26:09Z;0;podcast terasyuu penonton pasti stress mana iya lagi maksain sangat nonton sampai akhir plengeerrnyoo;negatif;0.9724
41itFALrNU8;#ngopenk  PODCAST BERSAMA ALDI TAHER, OBROLAN PENUH FILOSOFIS;Tirta PengPengPeng;@SpotifyEFOOTBALL;Bngst kulit igun 🤣😭;2026-05-15T13:39:30Z;0;bngst kulit igun;negatif;0.7882
41itFALrNU8;#ngopenk  PODCAST BERSAMA ALDI TAHER, OBROLAN PENUH FILOSOFIS;Tirta PengPengPeng;@DoeDoes;Gua ngikutin gara² ada Aldi Taher 😂;2026-05-15T13:20:50Z;0;saya ikuti gara² ada aldi taher;netral;0.7746
41itFALrNU8;#ngopenk  PODCAST BERSAMA ALDI TAHER, OBROLAN PENUH FILOSOFIS;Tirta PengPengPeng;@ricomasril76;philip kotlerpun akhirnya belajar ilmu marketing ma aldi taher 🤣🤣🤣🤣;2026-05-15T13:02:48Z;0;philip kotlerpun akhirnya belajar ilmu marketing ma aldi taher;netral;0.9341
41itFALrNU8;#ngopenk  PODCAST BERSAMA ALDI TAHER, OBROLAN PENUH FILOSOFIS;Tirta PengPengPeng;@Mu_minah;PLENGEERR😭😭🤣🤣😭😭;2026-05-15T12:35:46Z;1;plengeerr;netral;0.897
41itFALrNU8;#ngopenk  PODCAST BERSAMA ALDI TAHER, OBROLAN PENUH FILOSOFIS;Tirta PengPengPeng;@dzakhwanrh;NJRRR KOK GW NONTON DARI AWAL SAMPE AKHIR😭;2026-05-15T12:23:39Z;1;njrr kok saya nonton dari awal sampai akhir;negatif;0.9842
41itFALrNU8;#ngopenk  PODCAST BERSAMA ALDI TAHER, OBROLAN PENUH FILOSOFIS;Tirta PengPengPeng;@jacobsap893;keren.;2026-05-15T12:22:17Z;1;keren;positif;0.9967
41itFALrNU8;#ngopenk  PODCAST BERSAMA ALDI TAHER, OBROLAN PENUH FILOSOFIS;Tirta PengPengPeng;@nayiilaa;btw yg punya lazir burger tetangga ku gess emang enak bgt;2026-05-15T12:20:00Z;1;btw yang punya lazir burger tetangga ku gess memang enak sangat;positif;0.9973
41itFALrNU8;#ngopenk  PODCAST BERSAMA ALDI TAHER, OBROLAN PENUH FILOSOFIS;Tirta PengPengPeng;@RifkyRahman-u6f;Dr. Tirta mencoba meninggalkan ideologi nya tetep gabisa 😂😂😂;2026-05-15T12:14:52Z;1;dari tirta mencoba meninggalkan ideologi nya tetap tidak bisa;negatif;0.9838
41itFALrNU8;#ngopenk  PODCAST BERSAMA ALDI TAHER, OBROLAN PENUH FILOSOFIS;Tirta PengPengPeng;@theresialena4131;😅😂;2026-05-15T11:28:31Z;0;;positif;0.8912
41itFALrNU8;#ngopenk  PODCAST BERSAMA ALDI TAHER, OBROLAN PENUH FILOSOFIS;Tirta PengPengPeng;@matahatie8115;Kereeeeen....;2026-05-15T10:35:02Z;0;kereen;positif;0.996
41itFALrNU8;#ngopenk  PODCAST BERSAMA ALDI TAHER, OBROLAN PENUH FILOSOFIS;Tirta PengPengPeng;@Dea.1.2.dan.3;podcast paling lucu, cerdas cermat, ceramah. sering'' yaaa;2026-05-15T10:29:37Z;1;podcast paling lucu cerdas cermat ceramah sering yaa;positif;0.9964
41itFALrNU8;#ngopenk  PODCAST BERSAMA ALDI TAHER, OBROLAN PENUH FILOSOFIS;Tirta PengPengPeng;@edwsmtn_martin;GW NONTON APAAN SII😭😭;2026-05-15T09:50:50Z;1;saya nonton apaan sii;negatif;0.9953
41itFALrNU8;#ngopenk  PODCAST BERSAMA ALDI TAHER, OBROLAN PENUH FILOSOFIS;Tirta PengPengPeng;@Hyukaile;APASI INI😭;2026-05-15T08:24:25Z;0;apasi ini;negatif;0.9927
41itFALrNU8;#ngopenk  PODCAST BERSAMA ALDI TAHER, OBROLAN PENUH FILOSOFIS;Tirta PengPengPeng;@mrafimn20;trio sama raditya dika sih kata gue mah wkwk;2026-05-15T08:10:53Z;0;trio sama raditya dika sih kata saya mah wkwk;negatif;0.9858
41itFALrNU8;#ngopenk  PODCAST BERSAMA ALDI TAHER, OBROLAN PENUH FILOSOFIS;Tirta PengPengPeng;@kajenpidsus5017;njir ga jelas bgt podcast nya hahahahahahaaaaaaa;2026-05-15T08:00:02Z;1;njir tidak jelas sangat podcast nya hahahahahahaa;negatif;0.9942
41itFALrNU8;#ngopenk  PODCAST BERSAMA ALDI TAHER, OBROLAN PENUH FILOSOFIS;Tirta PengPengPeng;@AgraMas2;Sudah di do'akan jadi menteri agama sama bang aldi taher kedepannya kalau mau makan baca bismilah dok;2026-05-15T07:13:31Z;1;sudah di do akan jadi menteri agama sama bang aldi taher kedepannya kalau mau makan baca bismilah dok;netral;0.9101
41itFALrNU8;#ngopenk  PODCAST BERSAMA ALDI TAHER, OBROLAN PENUH FILOSOFIS;Tirta PengPengPeng;@rafellajanes;😭😭😭;2026-05-15T06:46:49Z;0;;positif;0.8912
41itFALrNU8;#ngopenk  PODCAST BERSAMA ALDI TAHER, OBROLAN PENUH FILOSOFIS;Tirta PengPengPeng;@adeirnaridayani4584;Emang kocak ni aldi tahir😂😂;2026-05-15T06:32:50Z;0;memang kocak ini aldi tahir;positif;0.9717
41itFALrNU8;#ngopenk  PODCAST BERSAMA ALDI TAHER, OBROLAN PENUH FILOSOFIS;Tirta PengPengPeng;@ivndhnaa;iki ki podcast opo to janeee😭😭;2026-05-15T06:19:31Z;1;iki ki podcast opo to janee;netral;0.9822
41itFALrNU8;#ngopenk  PODCAST BERSAMA ALDI TAHER, OBROLAN PENUH FILOSOFIS;Tirta PengPengPeng;@anieerkhaschannel4523;ko aku yang emosi seslow itu dokter tirta ngadepin 😆😆😆😆😆😭;2026-05-15T05:58:30Z;1;ko saya yang emosi seslow itu dokter tirta ngadepin;negatif;0.9731
41itFALrNU8;#ngopenk  PODCAST BERSAMA ALDI TAHER, OBROLAN PENUH FILOSOFIS;Tirta PengPengPeng;@denisubandi2987;mending berantem dah😅😅😅;2026-05-15T05:34:18Z;0;mending bertengkar sudah;negatif;0.9951
41itFALrNU8;#ngopenk  PODCAST BERSAMA ALDI TAHER, OBROLAN PENUH FILOSOFIS;Tirta PengPengPeng;@Rhmawatiii_01;Sampai di menit ke 12 aja udh ga keitung berapa topik yg dibawain kereenn bgt dokter dan pasiennya ini😭🤣🤣;2026-05-15T04:05:06Z;1;sampai di menit ke saja sudah tidak keitung berapa topik yang dibawain kereenn sangat dokter dan pasiennya ini;negatif;0.992
41itFALrNU8;#ngopenk  PODCAST BERSAMA ALDI TAHER, OBROLAN PENUH FILOSOFIS;Tirta PengPengPeng;@HannyAndrea-m8y5h;podcast ter plenger;2026-05-15T03:34:21Z;1;podcast ter plenger;netral;0.7975
41itFALrNU8;#ngopenk  PODCAST BERSAMA ALDI TAHER, OBROLAN PENUH FILOSOFIS;Tirta PengPengPeng;@AzamIbnu-j6o;malah nyambung anjir ngobrolnya😭😭😭;2026-05-15T02:06:37Z;1;malah nyambung anjir ngobrolnya;negatif;0.995
41itFALrNU8;#ngopenk  PODCAST BERSAMA ALDI TAHER, OBROLAN PENUH FILOSOFIS;Tirta PengPengPeng;@nurhaidarramadhan3497;Podcast apa ini tak tonton sampe rsmpung😢😢;2026-05-15T01:18:10Z;0;podcast apa ini tak tonton sampai rsmpung;negatif;0.9785
41itFALrNU8;#ngopenk  PODCAST BERSAMA ALDI TAHER, OBROLAN PENUH FILOSOFIS;Tirta PengPengPeng;@arditavivi-f6u;Neoralgin milik Allah , luvv you bg;2026-05-15T01:00:02Z;0;neoralgin milik allah luvv you bagi;netral;0.6377
41itFALrNU8;#ngopenk  PODCAST BERSAMA ALDI TAHER, OBROLAN PENUH FILOSOFIS;Tirta PengPengPeng;@arditavivi-f6u;Neoralgin milik Allah , luvv you bg;2026-05-15T00:59:24Z;0;neoralgin milik allah luvv you bagi;netral;0.6377
41itFALrNU8;#ngopenk  PODCAST BERSAMA ALDI TAHER, OBROLAN PENUH FILOSOFIS;Tirta PengPengPeng;@Hi.Guys.Welcambek;Plenger bgt 😭;2026-05-14T23:43:03Z;1;plenger sangat;positif;0.9785
41itFALrNU8;#ngopenk  PODCAST BERSAMA ALDI TAHER, OBROLAN PENUH FILOSOFIS;Tirta PengPengPeng;@murtininggg;Njir dua orang ni cocok ye;2026-05-14T17:25:14Z;0;njir dua orang ini cocok ye;positif;0.8892
41itFALrNU8;#ngopenk  PODCAST BERSAMA ALDI TAHER, OBROLAN PENUH FILOSOFIS;Tirta PengPengPeng;@EmannuelMarshelinoEmraude;Saya kira anda mau jadi tawon bersama dia;2026-05-14T17:15:55Z;0;saya kira anda mau jadi tawon bersama dia;netral;0.579
41itFALrNU8;#ngopenk  PODCAST BERSAMA ALDI TAHER, OBROLAN PENUH FILOSOFIS;Tirta PengPengPeng;@muhammadjumaidilakbar3705;"23:42: “ga usah mikir balik modal bang, yang penting buka lapangan kerja, sama lapangan padel”💥
-Aldi Taher";2026-05-14T17:13:44Z;14;tidak usah mikir balik modal bang yang penting buka lapangan kerja sama lapangan padel aldi taher;positif;0.9524
41itFALrNU8;#ngopenk  PODCAST BERSAMA ALDI TAHER, OBROLAN PENUH FILOSOFIS;Tirta PengPengPeng;@zaraaishh;stres gw anjg nontonya😂😂😂😂;2026-05-14T17:12:46Z;0;stres saya anjg nontonya;negatif;0.9948
41itFALrNU8;#ngopenk  PODCAST BERSAMA ALDI TAHER, OBROLAN PENUH FILOSOFIS;Tirta PengPengPeng;@Jelol_jonior;capee bgttt 49menittt ada ajaa celotehannya😭😭😭😭;2026-05-14T17:07:19Z;0;capee bgtt 49menitt ada ajaa celotehannya;negatif;0.9362
41itFALrNU8;#ngopenk  PODCAST BERSAMA ALDI TAHER, OBROLAN PENUH FILOSOFIS;Tirta PengPengPeng;@AsriMauliana-f7e;Seru bgt asli 😂;2026-05-14T16:53:17Z;1;seru sangat asli;positif;0.9973
41itFALrNU8;#ngopenk  PODCAST BERSAMA ALDI TAHER, OBROLAN PENUH FILOSOFIS;Tirta PengPengPeng;@fatiniting1157;Ngakak aku, lucu banget dua²nya hahahahaha..;2026-05-14T16:12:10Z;15;terbahak-bahak saya lucu sekali dua²nya hahahahaha;positif;0.9848
41itFALrNU8;#ngopenk  PODCAST BERSAMA ALDI TAHER, OBROLAN PENUH FILOSOFIS;Tirta PengPengPeng;@rijalakhtarilario2653;Dia malah promosiin brand orang 😂😂😂;2026-05-14T15:46:23Z;1;dia malah promosiin brand orang;negatif;0.9958
41itFALrNU8;#ngopenk  PODCAST BERSAMA ALDI TAHER, OBROLAN PENUH FILOSOFIS;Tirta PengPengPeng;@kf168;aldi ini lagi playing character aja sih kayak fajar sadboy;2026-05-14T15:46:22Z;2;aldi ini lagi playing character saja sih mirip fajar sadboy;negatif;0.934
41itFALrNU8;#ngopenk  PODCAST BERSAMA ALDI TAHER, OBROLAN PENUH FILOSOFIS;Tirta PengPengPeng;@fatihahazzhrh;🤣😭😂😆;2026-05-14T14:49:17Z;1;;positif;0.8912
41itFALrNU8;#ngopenk  PODCAST BERSAMA ALDI TAHER, OBROLAN PENUH FILOSOFIS;Tirta PengPengPeng;@Mujib_A;Sejiwa ini ma ❤😂;2026-05-14T14:46:21Z;0;sejiwa ini ma;negatif;0.5644
41itFALrNU8;#ngopenk  PODCAST BERSAMA ALDI TAHER, OBROLAN PENUH FILOSOFIS;Tirta PengPengPeng;@tanpanama-wi4ny;hotdog dok, emm asyuu wkwkwk;2026-05-14T14:17:21Z;0;hotdog dok emm asyuu wkwkwk;netral;0.9457
41itFALrNU8;#ngopenk  PODCAST BERSAMA ALDI TAHER, OBROLAN PENUH FILOSOFIS;Tirta PengPengPeng;@rafifatharialfasya893;setoran awkwokawok;2026-05-14T14:02:12Z;0;setoran awkwokawok;netral;0.9694
41itFALrNU8;#ngopenk  PODCAST BERSAMA ALDI TAHER, OBROLAN PENUH FILOSOFIS;Tirta PengPengPeng;@jhon_kribow;hahahaaa😂😂😂tp menghibur bang;2026-05-14T13:47:17Z;0;hahahaa tapi menghibur bang;negatif;0.958
41itFALrNU8;#ngopenk  PODCAST BERSAMA ALDI TAHER, OBROLAN PENUH FILOSOFIS;Tirta PengPengPeng;@shannw;AKWKWKWKKWKW SERU SERU;2026-05-14T13:30:11Z;1;akwkwkwkkwkw seru seru;netral;0.8298
41itFALrNU8;#ngopenk  PODCAST BERSAMA ALDI TAHER, OBROLAN PENUH FILOSOFIS;Tirta PengPengPeng;@yogisutrisna1288;"Emng bener sih kalo ga bisa tahan emosi bisa emosii😂 Taher""";2026-05-14T12:42:54Z;5;memang benar sih kalau tidak bisa tahan emosi bisa emosii taher;negatif;0.9897
41itFALrNU8;#ngopenk  PODCAST BERSAMA ALDI TAHER, OBROLAN PENUH FILOSOFIS;Tirta PengPengPeng;@KenziRifai-z2w;Setelah menonton ini IQ saya meningkat drastis;2026-05-14T12:21:21Z;0;setelah menonton ini iq saya meningkat drastis;negatif;0.9485
41itFALrNU8;#ngopenk  PODCAST BERSAMA ALDI TAHER, OBROLAN PENUH FILOSOFIS;Tirta PengPengPeng;@nyomanupayana1171;ilmu ke dokteranya dokter tirta tiba tiba jadi hilang  gara gara aldi 😂😂😂😂😂😂😂😂😂;2026-05-14T12:19:34Z;1;ilmu ke dokteranya dokter tirta tiba tiba jadi hilang gara gara aldi;negatif;0.915
41itFALrNU8;#ngopenk  PODCAST BERSAMA ALDI TAHER, OBROLAN PENUH FILOSOFIS;Tirta PengPengPeng;@specialwonders28;Paling banyak topik;2026-05-14T12:16:30Z;0;paling banyak topik;positif;0.9928
41itFALrNU8;#ngopenk  PODCAST BERSAMA ALDI TAHER, OBROLAN PENUH FILOSOFIS;Tirta PengPengPeng;@hanungazka5391;Pov: lautan tanpa ujung😮;2026-05-14T11:59:09Z;0;pov lautan tanpa ujung;negatif;0.6897
41itFALrNU8;#ngopenk  PODCAST BERSAMA ALDI TAHER, OBROLAN PENUH FILOSOFIS;Tirta PengPengPeng;@KayDaJinashi;udah 1080p burem plis kameranya ganti kah;2026-05-14T09:48:31Z;1;sudah 1080p burem tolong kameranya ganti kah;netral;0.8978
41itFALrNU8;#ngopenk  PODCAST BERSAMA ALDI TAHER, OBROLAN PENUH FILOSOFIS;Tirta PengPengPeng;@TIARAWULANSARI-i2n;Sefrekuensi ternyata 😂😂😂;2026-05-14T09:27:35Z;1;sefrekuensi ternyata;negatif;0.821
41itFALrNU8;#ngopenk  PODCAST BERSAMA ALDI TAHER, OBROLAN PENUH FILOSOFIS;Tirta PengPengPeng;@bemwiezhan-archo9567;dr. Tirta dlm hati antara istighfar sama misuh2 🤣🤣🤣;2026-05-14T07:58:03Z;12;dari tirta dalam hati antara istighfar sama misuh2;negatif;0.9726
41itFALrNU8;#ngopenk  PODCAST BERSAMA ALDI TAHER, OBROLAN PENUH FILOSOFIS;Tirta PengPengPeng;@ひとりZeiko;Apa apaan ini cok?;2026-05-14T07:24:21Z;1;apa apaan ini cok;negatif;0.9959
41itFALrNU8;#ngopenk  PODCAST BERSAMA ALDI TAHER, OBROLAN PENUH FILOSOFIS;Tirta PengPengPeng;@alexa_dottzy;Iq dokter tirta langsung byebye 😂😂😂;2026-05-14T06:47:57Z;1;iq dokter tirta langsung byebye;netral;0.9777
41itFALrNU8;#ngopenk  PODCAST BERSAMA ALDI TAHER, OBROLAN PENUH FILOSOFIS;Tirta PengPengPeng;@alexa_dottzy;Sengklek... Neuralgin kok buat tensi..;2026-05-14T06:39:20Z;0;sengklek neuralgin kok buat tensi;netral;0.8585
41itFALrNU8;#ngopenk  PODCAST BERSAMA ALDI TAHER, OBROLAN PENUH FILOSOFIS;Tirta PengPengPeng;@rizkynurazis4691;Gajelas bangett tapi seruu;2026-05-14T06:27:54Z;1;tidak jelas sangat tapi seruu;negatif;0.9938
41itFALrNU8;#ngopenk  PODCAST BERSAMA ALDI TAHER, OBROLAN PENUH FILOSOFIS;Tirta PengPengPeng;@windyhanf;Paling ngakak pas ngangkat telfon , anjir lah😭😭😭😭;2026-05-14T06:05:20Z;1;paling terbahak-bahak pas ngangkat telfon anjir lah;positif;0.9557
41itFALrNU8;#ngopenk  PODCAST BERSAMA ALDI TAHER, OBROLAN PENUH FILOSOFIS;Tirta PengPengPeng;@HikarU-ilham;sekalinya lihat hp 2 detik langsung ganti topik;2026-05-14T05:37:15Z;0;sekalinya lihat hp detik langsung ganti topik;netral;0.9315
41itFALrNU8;#ngopenk  PODCAST BERSAMA ALDI TAHER, OBROLAN PENUH FILOSOFIS;Tirta PengPengPeng;@RandomMadnor;Lieurrrr nontona, naon nu dibahasna ieu teh 😅😅;2026-05-14T04:14:47Z;2;lieurr nontona naon nu dibahasna ieu teh;netral;0.9669
41itFALrNU8;#ngopenk  PODCAST BERSAMA ALDI TAHER, OBROLAN PENUH FILOSOFIS;Tirta PengPengPeng;@engboy77;Ngalir aje ni cerita nya;2026-05-14T03:57:39Z;1;ngalir saja ini cerita nya;negatif;0.9961
41itFALrNU8;#ngopenk  PODCAST BERSAMA ALDI TAHER, OBROLAN PENUH FILOSOFIS;Tirta PengPengPeng;@yixxaaa;"aldis
sidla";2026-05-14T03:38:30Z;0;aldis sidla;netral;0.9126
41itFALrNU8;#ngopenk  PODCAST BERSAMA ALDI TAHER, OBROLAN PENUH FILOSOFIS;Tirta PengPengPeng;@yixxaaa;"lazir
rizal";2026-05-14T03:37:14Z;1;lazir rizal;netral;0.5082
41itFALrNU8;#ngopenk  PODCAST BERSAMA ALDI TAHER, OBROLAN PENUH FILOSOFIS;Tirta PengPengPeng;@Srikandi82;Podcast apa ini 😭😭😭🤣;2026-05-14T03:08:09Z;0;podcast apa ini;negatif;0.9717
41itFALrNU8;#ngopenk  PODCAST BERSAMA ALDI TAHER, OBROLAN PENUH FILOSOFIS;Tirta PengPengPeng;@uweskorni;"di yg ngobrol gw yg kesel 
kesono kesini";2026-05-14T02:53:07Z;0;di yang bicara saya yang kesal kesono kesini;negatif;0.9935
41itFALrNU8;#ngopenk  PODCAST BERSAMA ALDI TAHER, OBROLAN PENUH FILOSOFIS;Tirta PengPengPeng;@Amcidixye;Mana linknya??????????????????????????????????????????????????????????;2026-05-14T02:42:46Z;0;mana linknya;negatif;0.8219
41itFALrNU8;#ngopenk  PODCAST BERSAMA ALDI TAHER, OBROLAN PENUH FILOSOFIS;Tirta PengPengPeng;@putriAnisa-q3w;di luar nurul co ternyata dok.tirta sabarr bgt 🤣;2026-05-14T02:35:27Z;3;di luar nurul co ternyata dok tirta sabarr sangat;positif;0.989
41itFALrNU8;#ngopenk  PODCAST BERSAMA ALDI TAHER, OBROLAN PENUH FILOSOFIS;Tirta PengPengPeng;@MrDita1980;Dr Tirta THE BEST PODCAST;2026-05-14T01:59:10Z;0;dari tirta the best podcast;positif;0.9032
41itFALrNU8;#ngopenk  PODCAST BERSAMA ALDI TAHER, OBROLAN PENUH FILOSOFIS;Tirta PengPengPeng;@Bonek8087;Ngempet ngakakkkk😆😆😆ternyata ngakak terus🤣🤣🤣;2026-05-14T01:58:54Z;0;ngempet ngakakk ternyata terbahak-bahak terus;negatif;0.9942
41itFALrNU8;#ngopenk  PODCAST BERSAMA ALDI TAHER, OBROLAN PENUH FILOSOFIS;Tirta PengPengPeng;@arthudisini;20:06  Dr tirta sampe takjub 😂;2026-05-14T01:53:32Z;0;dari tirta sampai takjub;positif;0.997
41itFALrNU8;#ngopenk  PODCAST BERSAMA ALDI TAHER, OBROLAN PENUH FILOSOFIS;Tirta PengPengPeng;@YohanesKusuma-y1m;Karakter asli dokter tirta 😂😂😂;2026-05-14T01:22:04Z;0;karakter asli dokter tirta;netral;0.9447
41itFALrNU8;#ngopenk  PODCAST BERSAMA ALDI TAHER, OBROLAN PENUH FILOSOFIS;Tirta PengPengPeng;@muhammadchoirilamri;Episode ini absurd banget cok.. 😂😂;2026-05-14T00:40:10Z;11;episode ini absurd sekali cok;negatif;0.996
41itFALrNU8;#ngopenk  PODCAST BERSAMA ALDI TAHER, OBROLAN PENUH FILOSOFIS;Tirta PengPengPeng;@andiniyuniar5034;kok bisa dr. tirta gak ngamuk🤣;2026-05-13T23:21:48Z;1;kok bisa dari tirta tidak ngamuk;negatif;0.913
41itFALrNU8;#ngopenk  PODCAST BERSAMA ALDI TAHER, OBROLAN PENUH FILOSOFIS;Tirta PengPengPeng;@JumiaTun-c5u6w;ini sih yang paling gong, dr tirta bisa jadi besti sama bang aldi taher 🤣;2026-05-13T23:20:30Z;1;ini sih yang paling gong dari tirta bisa jadi besti sama bang aldi taher;positif;0.9959
41itFALrNU8;#ngopenk  PODCAST BERSAMA ALDI TAHER, OBROLAN PENUH FILOSOFIS;Tirta PengPengPeng;@maulanaaaa-y2v;🤣🤣🤣🤣😭😭;2026-05-13T23:03:24Z;0;;positif;0.8912
41itFALrNU8;#ngopenk  PODCAST BERSAMA ALDI TAHER, OBROLAN PENUH FILOSOFIS;Tirta PengPengPeng;@indriherlina6122;Dari semua podcast, baru pas ini liat dr tirta beda banget😂😂😂;2026-05-13T20:12:09Z;1;dari semua podcast baru pas ini liat dari tirta beda sekali;negatif;0.9777
41itFALrNU8;#ngopenk  PODCAST BERSAMA ALDI TAHER, OBROLAN PENUH FILOSOFIS;Tirta PengPengPeng;@richiepepminit9414;obrolan pria low cortisol;2026-05-13T19:42:05Z;0;obrolan pria kalau cortisol;netral;0.9034
41itFALrNU8;#ngopenk  PODCAST BERSAMA ALDI TAHER, OBROLAN PENUH FILOSOFIS;Tirta PengPengPeng;@revanfrozzy6158;bener nguras energi gak sanggup nonton apalagi di posisi dr. tirta;2026-05-13T19:34:03Z;0;benar nguras energi tidak sanggup nonton apalagi di posisi dari tirta;negatif;0.9847
41itFALrNU8;#ngopenk  PODCAST BERSAMA ALDI TAHER, OBROLAN PENUH FILOSOFIS;Tirta PengPengPeng;@imsweetchoco;1:08   dokter,kamu lebih mirip abu janda daripada Ibnu Jamil 😹;2026-05-13T17:57:03Z;1;dokter kamu lebih mirip abu janda daripada ibnu jamil;negatif;0.9074
41itFALrNU8;#ngopenk  PODCAST BERSAMA ALDI TAHER, OBROLAN PENUH FILOSOFIS;Tirta PengPengPeng;@zhaeezhaa;"""kulit ayam yang dipelihara bang igun"" AHAHAHAH 😭😭😭";2026-05-13T17:47:41Z;0;kulit ayam yang dipelihara bang igun ahahahah;negatif;0.9931
41itFALrNU8;#ngopenk  PODCAST BERSAMA ALDI TAHER, OBROLAN PENUH FILOSOFIS;Tirta PengPengPeng;@sarilestari7151;Pnasaran apa yg ada dlm pkiran dr tirta setelah acr ini selesai.. 😂😂😂;2026-05-13T16:20:26Z;1;pnasaran apa yang ada dalam pkiran dari tirta setelah acr ini selesai;negatif;0.9294
41itFALrNU8;#ngopenk  PODCAST BERSAMA ALDI TAHER, OBROLAN PENUH FILOSOFIS;Tirta PengPengPeng;@shael15;LUCU BGT SIAL😭😭😭;2026-05-13T16:14:15Z;1;lucu sangat sial;negatif;0.9892
41itFALrNU8;#ngopenk  PODCAST BERSAMA ALDI TAHER, OBROLAN PENUH FILOSOFIS;Tirta PengPengPeng;@ohsitsur7428;Sepanjang nonton apasih apasih Mulu otak gue wkwk;2026-05-13T14:40:43Z;0;sepanjang nonton apasih apasih terus otak saya wkwk;netral;0.6925
41itFALrNU8;#ngopenk  PODCAST BERSAMA ALDI TAHER, OBROLAN PENUH FILOSOFIS;Tirta PengPengPeng;@DimasKurniawanSaputra-l8i;48:20 nonton sampai habis lagi apakah aku setres😅;2026-05-13T14:31:29Z;0;nonton sampai habis lagi apakah saya setres;negatif;0.9868
41itFALrNU8;#ngopenk  PODCAST BERSAMA ALDI TAHER, OBROLAN PENUH FILOSOFIS;Tirta PengPengPeng;@ZakiYahya-n6m;au ah males pen beli alti tahernya sekalian;2026-05-13T14:24:58Z;0;au ah males pen beli alti tahernya sekalian;negatif;0.9951
41itFALrNU8;#ngopenk  PODCAST BERSAMA ALDI TAHER, OBROLAN PENUH FILOSOFIS;Tirta PengPengPeng;@AdiPrawira-j9q;40:08 😂😂😂😂;2026-05-13T14:19:23Z;0;;positif;0.8912
41itFALrNU8;#ngopenk  PODCAST BERSAMA ALDI TAHER, OBROLAN PENUH FILOSOFIS;Tirta PengPengPeng;@aidakibummie;Baru sanggup nonton, dan sumpahh gak sanggup kalo aku yang ngadepin Aldi Taher, dr Tirta super sabar banget disini 🤣🤣🤣;2026-05-13T14:16:48Z;0;baru sanggup nonton dan sumpahh tidak sanggup kalau saya yang ngadepin aldi taher dari tirta super sabar sekali disini;positif;0.9181
41itFALrNU8;#ngopenk  PODCAST BERSAMA ALDI TAHER, OBROLAN PENUH FILOSOFIS;Tirta PengPengPeng;@rheinv.;counter dr tirta telah ditemukan;2026-05-13T14:00:33Z;1;counter dari tirta telah ditemukan;netral;0.9737
41itFALrNU8;#ngopenk  PODCAST BERSAMA ALDI TAHER, OBROLAN PENUH FILOSOFIS;Tirta PengPengPeng;@MAGHFIRARAMADHANI;That Padang masyarrrrr😂😂😂😂;2026-05-13T13:56:47Z;0;that padang masyarr;netral;0.9224
41itFALrNU8;#ngopenk  PODCAST BERSAMA ALDI TAHER, OBROLAN PENUH FILOSOFIS;Tirta PengPengPeng;@MAGHFIRARAMADHANI;Disini dokter Tirta sabar;2026-05-13T13:32:33Z;0;disini dokter tirta sabar;positif;0.9873
41itFALrNU8;#ngopenk  PODCAST BERSAMA ALDI TAHER, OBROLAN PENUH FILOSOFIS;Tirta PengPengPeng;@MAGHFIRARAMADHANI;Haahhahahahahhahahaha😂😂😂😂😅😅;2026-05-13T13:31:57Z;0;haahhahahahahhahahaha;negatif;0.9588
41itFALrNU8;#ngopenk  PODCAST BERSAMA ALDI TAHER, OBROLAN PENUH FILOSOFIS;Tirta PengPengPeng;@mrdave9911;Baru kali ini liat dr kalem😂😂 , lawannya lebih menggila😂😂;2026-05-13T12:51:56Z;0;baru kali ini liat dari kalem lawannya lebih menggila;negatif;0.9722
41itFALrNU8;#ngopenk  PODCAST BERSAMA ALDI TAHER, OBROLAN PENUH FILOSOFIS;Tirta PengPengPeng;@TasyaQistiyah;Dr tirta biar ga gampang emosi, ikut2 ga jelas juga 😂;2026-05-13T12:48:30Z;0;dari tirta biar tidak gampang emosi ikut2 tidak jelas juga;negatif;0.9936
41itFALrNU8;#ngopenk  PODCAST BERSAMA ALDI TAHER, OBROLAN PENUH FILOSOFIS;Tirta PengPengPeng;@DailyNotes7;1.8 juta view, bintang tamu nya dari iran soalnya ini wkwkw;2026-05-13T12:45:00Z;0;juta view bintang tamu nya dari iran soalnya ini wkwkw;negatif;0.6135
41itFALrNU8;#ngopenk  PODCAST BERSAMA ALDI TAHER, OBROLAN PENUH FILOSOFIS;Tirta PengPengPeng;@churniabatik1235;Keren bisa mengimbangi randomnya Aldi thaher;2026-05-13T12:18:31Z;0;keren bisa mengimbangi randomnya aldi thaher;positif;0.9806
41itFALrNU8;#ngopenk  PODCAST BERSAMA ALDI TAHER, OBROLAN PENUH FILOSOFIS;Tirta PengPengPeng;@ápipreckless;ancok topik nya kemana mana😂;2026-05-13T12:18:05Z;0;ancok topik nya kemana mana;negatif;0.9944
41itFALrNU8;#ngopenk  PODCAST BERSAMA ALDI TAHER, OBROLAN PENUH FILOSOFIS;Tirta PengPengPeng;@SaniyyahKarimah;😅😅😅😅😅;2026-05-13T12:03:09Z;0;;positif;0.8912
41itFALrNU8;#ngopenk  PODCAST BERSAMA ALDI TAHER, OBROLAN PENUH FILOSOFIS;Tirta PengPengPeng;@21SecondStore;"Lah jd sabaarrr bngettt, kirain bakal tantrum dan teriak"" Dok🤣🤣";2026-05-13T11:56:40Z;0;lah jadi sabaarr bngett kirain bakal tantrum dan teriak dok;negatif;0.5372
41itFALrNU8;#ngopenk  PODCAST BERSAMA ALDI TAHER, OBROLAN PENUH FILOSOFIS;Tirta PengPengPeng;@fatikhahspensapol1236;wong mumet kabeh isine sek nonton teko rampung raono bedane yoan😭😭;2026-05-13T11:41:38Z;0;wong mumet kabeh isine sek nonton teko rampung raono bedane yoan;negatif;0.8881
41itFALrNU8;#ngopenk  PODCAST BERSAMA ALDI TAHER, OBROLAN PENUH FILOSOFIS;Tirta PengPengPeng;@winiyuliyanti2235;Ini apa si ? 😂;2026-05-13T10:56:18Z;0;ini apa si;negatif;0.9955
41itFALrNU8;#ngopenk  PODCAST BERSAMA ALDI TAHER, OBROLAN PENUH FILOSOFIS;Tirta PengPengPeng;@Kinghantwo34;podcast terbasurd wkwk;2026-05-13T10:48:06Z;0;podcast terbasurd wkwk;netral;0.9628
41itFALrNU8;#ngopenk  PODCAST BERSAMA ALDI TAHER, OBROLAN PENUH FILOSOFIS;Tirta PengPengPeng;@sultanGeseng;Gwa ja ngakak terus bisa tahan ga ketawa dr.tirta perut gwa Kya do kocok njir;2026-05-13T10:33:40Z;0;gwa ja terbahak-bahak terus bisa tahan tidak tertawa dari tirta perut gwa kya do kocok njir;positif;0.9481
41itFALrNU8;#ngopenk  PODCAST BERSAMA ALDI TAHER, OBROLAN PENUH FILOSOFIS;Tirta PengPengPeng;@hartinihartini3820;aslam mau kumat lihat ini lsg reda;2026-05-13T10:04:53Z;0;aslam mau kumat lihat ini langsung reda;negatif;0.9907
41itFALrNU8;#ngopenk  PODCAST BERSAMA ALDI TAHER, OBROLAN PENUH FILOSOFIS;Tirta PengPengPeng;@iqbaldaffa2738;"21:30 WOI GEDE BANGET COK, BAJILAK


gue kesini karena mau nonton moment ini😂😂😂😂😂";2026-05-13T09:57:14Z;0;woi gede sekali cok bajilak saya kesini karena mau nonton moment ini;negatif;0.8145
41itFALrNU8;#ngopenk  PODCAST BERSAMA ALDI TAHER, OBROLAN PENUH FILOSOFIS;Tirta PengPengPeng;@aleaa9320;Winston Churchill and lady Diana h😅😅😅😅John f Kennedy &president soekarno Alea wali Michael mother of America Minnesota paul ♥️ the next-generation lol;2026-05-13T09:06:17Z;0;winston churchill and lady diana h john f kennedy president soekarno alea wali michael mother of america minnesota paul the next generation lol;netral;0.9581
41itFALrNU8;#ngopenk  PODCAST BERSAMA ALDI TAHER, OBROLAN PENUH FILOSOFIS;Tirta PengPengPeng;@PrimarettaElsya;Dr. Tirta kayanya cocok ambil spesialisasi psikiatri deh 😂😂😂;2026-05-13T08:48:39Z;0;dari tirta kayaknya cocok ambil spesialisasi psikiatri deh;positif;0.9943
41itFALrNU8;#ngopenk  PODCAST BERSAMA ALDI TAHER, OBROLAN PENUH FILOSOFIS;Tirta PengPengPeng;@selanadila;Anda Sabar banget dokkk😭;2026-05-13T08:38:58Z;0;anda sabar sekali dokk;positif;0.9972
41itFALrNU8;#ngopenk  PODCAST BERSAMA ALDI TAHER, OBROLAN PENUH FILOSOFIS;Tirta PengPengPeng;@DewiAnggraini-x5n;😅;2026-05-13T08:29:19Z;1;;positif;0.8912
41itFALrNU8;#ngopenk  PODCAST BERSAMA ALDI TAHER, OBROLAN PENUH FILOSOFIS;Tirta PengPengPeng;@cihyoo_sweety;APEE SIH INI😭😭😭💔💔💔;2026-05-13T08:19:01Z;0;apee sih ini;negatif;0.9959
41itFALrNU8;#ngopenk  PODCAST BERSAMA ALDI TAHER, OBROLAN PENUH FILOSOFIS;Tirta PengPengPeng;@gitafespari93;Tapi aldi cerdaslo pas dr tirta bilang viral boleh tapi kualitas nomer 1 itu mau ga dianggep bukan inti. Langsung di larang dan dibenerin 😂;2026-05-13T08:16:53Z;0;tapi aldi cerdaslo pas dari tirta bilang viral boleh tapi kualitas nomer itu mau tidak dianggep bukan inti langsung di larang dan dibenerin;negatif;0.9887
41itFALrNU8;#ngopenk  PODCAST BERSAMA ALDI TAHER, OBROLAN PENUH FILOSOFIS;Tirta PengPengPeng;@Billybillyleon;Kok bisa cocok 😅😅;2026-05-13T08:12:29Z;0;kok bisa cocok;positif;0.9798
41itFALrNU8;#ngopenk  PODCAST BERSAMA ALDI TAHER, OBROLAN PENUH FILOSOFIS;Tirta PengPengPeng;@mwlydie;kalo orang baperan sih bahaya kalo ketemu alditaher😂;2026-05-13T07:59:10Z;0;kalau orang baperan sih bahaya kalau ketemu alditaher;negatif;0.9936
41itFALrNU8;#ngopenk  PODCAST BERSAMA ALDI TAHER, OBROLAN PENUH FILOSOFIS;Tirta PengPengPeng;@pinkpotato7798;nunggu pembahasan seriusnya sampai akhir ko ga ada 🤣🤣🤣;2026-05-13T07:55:06Z;0;nunggu pembahasan seriusnya sampai akhir ko tidak ada;negatif;0.932
41itFALrNU8;#ngopenk  PODCAST BERSAMA ALDI TAHER, OBROLAN PENUH FILOSOFIS;Tirta PengPengPeng;@yuga07;Wasyuuuu lengkap iki;2026-05-13T07:40:41Z;0;wasyuu lengkap iki;positif;0.8113
41itFALrNU8;#ngopenk  PODCAST BERSAMA ALDI TAHER, OBROLAN PENUH FILOSOFIS;Tirta PengPengPeng;@nabilan1784;tumben banget bjir dokter tirta kalem disini😭😭😭😭;2026-05-13T07:39:54Z;0;tidak biasa sekali bjir dokter tirta kalem disini;negatif;0.7141
41itFALrNU8;#ngopenk  PODCAST BERSAMA ALDI TAHER, OBROLAN PENUH FILOSOFIS;Tirta PengPengPeng;@wahyudihidayat9585;"jiiirrr....si aldi random bet dah
🤣🤣🤣🤣🤣🤣🤣🤣🤣🤣🤣";2026-05-13T06:15:36Z;0;jiirr si aldi random bet sudah;netral;0.5589
41itFALrNU8;#ngopenk  PODCAST BERSAMA ALDI TAHER, OBROLAN PENUH FILOSOFIS;Tirta PengPengPeng;@AkunHacker21;Kapan collab terbesar abad ini terjadi!;2026-05-13T06:15:14Z;0;kapan collab terbesar abad ini terjadi;positif;0.5278
41itFALrNU8;#ngopenk  PODCAST BERSAMA ALDI TAHER, OBROLAN PENUH FILOSOFIS;Tirta PengPengPeng;@jshfrc;"Dok. Hanya Dokter Tirta yg nyambung lawan Aldi.

Padahal seorang dokter, tapi sisi Laen weird. Hahahahah";2026-05-13T06:04:17Z;0;dok hanya dokter tirta yang nyambung lawan aldi padahal seorang dokter tapi sisi lain weird hahahahah;negatif;0.9933
41itFALrNU8;#ngopenk  PODCAST BERSAMA ALDI TAHER, OBROLAN PENUH FILOSOFIS;Tirta PengPengPeng;@yashikiyosan;the next T2, tirta taher 😂😂;2026-05-13T06:00:05Z;0;the next t2 tirta taher;netral;0.9459
41itFALrNU8;#ngopenk  PODCAST BERSAMA ALDI TAHER, OBROLAN PENUH FILOSOFIS;Tirta PengPengPeng;@AjiPook;saran latar dinding sama sofanya agak menyatu jadi kurang enak diliat;2026-05-13T04:25:18Z;0;saran latar dinding sama sofanya agak menyatu jadi kurang enak diliat;negatif;0.9709
41itFALrNU8;#ngopenk  PODCAST BERSAMA ALDI TAHER, OBROLAN PENUH FILOSOFIS;Tirta PengPengPeng;@fiskanurazizah5523;Dokter tirta tenang cuma sama aldi taher;2026-05-13T04:15:31Z;0;dokter tirta tenang cuma sama aldi taher;positif;0.9538
41itFALrNU8;#ngopenk  PODCAST BERSAMA ALDI TAHER, OBROLAN PENUH FILOSOFIS;Tirta PengPengPeng;@itsmatchachiw;ngakak ih apa lah iniiiiiiiiii 🤣🤣🤣 KOK BISA SATU FREKUENSI BEGITU SIH DOK KENAPAAAAAA;2026-05-13T04:03:36Z;0;terbahak-bahak ih apa lah inii kok bisa satu frekuensi begitu sih dok kenapaa;negatif;0.9953
41itFALrNU8;#ngopenk  PODCAST BERSAMA ALDI TAHER, OBROLAN PENUH FILOSOFIS;Tirta PengPengPeng;@omonskee;trope kesukaan gue nih ragebaiter and ragebaited;2026-05-13T03:59:45Z;0;trope kesukaan saya nih ragebaiter and ragebaited;positif;0.9314
41itFALrNU8;#ngopenk  PODCAST BERSAMA ALDI TAHER, OBROLAN PENUH FILOSOFIS;Tirta PengPengPeng;@NardiPremium;Pemarah ketemu sumber kemarahan;2026-05-13T03:18:54Z;0;pemarah ketemu sumber kemarahan;negatif;0.9959
41itFALrNU8;#ngopenk  PODCAST BERSAMA ALDI TAHER, OBROLAN PENUH FILOSOFIS;Tirta PengPengPeng;@finkarimbawan3512;Acak acakan bgtt😭😭;2026-05-13T03:08:05Z;0;acak acakan bgtt;negatif;0.9961
41itFALrNU8;#ngopenk  PODCAST BERSAMA ALDI TAHER, OBROLAN PENUH FILOSOFIS;Tirta PengPengPeng;@cas.thanoscas.thanos5641;😂😂😂;2026-05-13T00:58:13Z;0;;positif;0.8912
41itFALrNU8;#ngopenk  PODCAST BERSAMA ALDI TAHER, OBROLAN PENUH FILOSOFIS;Tirta PengPengPeng;@qisthiinaajiah181;38:14 adalah momen gue ketawa sampe hampir mau ngompol;2026-05-13T00:49:37Z;0;adalah momen saya tertawa sampai hampir mau ngompol;negatif;0.9948
41itFALrNU8;#ngopenk  PODCAST BERSAMA ALDI TAHER, OBROLAN PENUH FILOSOFIS;Tirta PengPengPeng;@d2eronly;Kan elu yang ngomong, bukan gua 😂;2026-05-13T00:40:43Z;0;kan elu yang bicara bukan saya;negatif;0.9948
41itFALrNU8;#ngopenk  PODCAST BERSAMA ALDI TAHER, OBROLAN PENUH FILOSOFIS;Tirta PengPengPeng;@bayunugraha1463;😂😂😂aldi🎉🎉🎉🎉❤❤❤❤❤;2026-05-13T00:11:16Z;0;aldi;netral;0.6855
41itFALrNU8;#ngopenk  PODCAST BERSAMA ALDI TAHER, OBROLAN PENUH FILOSOFIS;Tirta PengPengPeng;@Yanipei12;Astaghfirullah hal adzim bang2. ketawa sampe sakit perut nonton ini . ya Allah. 😂;2026-05-13T00:07:50Z;0;astaghfirullah hal adzim bang2 tertawa sampai sakit perut nonton ini ya allah;negatif;0.9953
41itFALrNU8;#ngopenk  PODCAST BERSAMA ALDI TAHER, OBROLAN PENUH FILOSOFIS;Tirta PengPengPeng;@mutia9967;Capeeee bngtttt😭😭;2026-05-12T21:14:19Z;1;capee bngtt;negatif;0.9817
41itFALrNU8;#ngopenk  PODCAST BERSAMA ALDI TAHER, OBROLAN PENUH FILOSOFIS;Tirta PengPengPeng;@ikinbray;43:21😂😂;2026-05-12T19:52:06Z;0;;positif;0.8912
41itFALrNU8;#ngopenk  PODCAST BERSAMA ALDI TAHER, OBROLAN PENUH FILOSOFIS;Tirta PengPengPeng;@biru79;Podcast macam apaaaa ini 🤣🤣;2026-05-12T19:25:59Z;2;podcast macam apaa ini;negatif;0.9914
41itFALrNU8;#ngopenk  PODCAST BERSAMA ALDI TAHER, OBROLAN PENUH FILOSOFIS;Tirta PengPengPeng;@agnneskurn;Ampek suap suapaaan 😭😫 bocil vibesnya ngebocil bgt;2026-05-12T18:43:02Z;0;ampek suap suapaan bocil vibesnya ngebocil sangat;positif;0.5918
41itFALrNU8;#ngopenk  PODCAST BERSAMA ALDI TAHER, OBROLAN PENUH FILOSOFIS;Tirta PengPengPeng;@saltedcvramel;disatuin malah nyatu;2026-05-12T16:55:27Z;0;disatuin malah nyatu;negatif;0.996
41itFALrNU8;#ngopenk  PODCAST BERSAMA ALDI TAHER, OBROLAN PENUH FILOSOFIS;Tirta PengPengPeng;@bagusadhiwicaksono7007;Ketika orang emosian ketmu suhu nya yang bikin emosi😅😂;2026-05-12T16:33:02Z;0;ketika orang emosian ketmu suhu nya yang bikin emosi;negatif;0.9955
41itFALrNU8;#ngopenk  PODCAST BERSAMA ALDI TAHER, OBROLAN PENUH FILOSOFIS;Tirta PengPengPeng;@DewiDewi-q2y;disinilah ujian dr,tirta yg sesungguh nya 😂🤣;2026-05-12T15:56:58Z;0;disinilah ujian dari tirta yang sesungguh nya;negatif;0.6202
41itFALrNU8;#ngopenk  PODCAST BERSAMA ALDI TAHER, OBROLAN PENUH FILOSOFIS;Tirta PengPengPeng;@listianaisnaeni;iq gua turun 1 point setelah nonton ini;2026-05-12T15:14:31Z;1;iq saya turun point setelah nonton ini;negatif;0.9763
41itFALrNU8;#ngopenk  PODCAST BERSAMA ALDI TAHER, OBROLAN PENUH FILOSOFIS;Tirta PengPengPeng;@anggitasoraya8159;Burger Monalisa Jogja ❤;2026-05-12T14:52:03Z;0;burger monalisa jogja;netral;0.9071
41itFALrNU8;#ngopenk  PODCAST BERSAMA ALDI TAHER, OBROLAN PENUH FILOSOFIS;Tirta PengPengPeng;@sandrarestu1171;Doooooook, itu tissue bekas lap mulutnya aldi taher langsung di lap lagi ke jidat dokter. Astagaaaaaaaaaa;2026-05-12T14:26:46Z;0;dook itu tissue bekas lap mulutnya aldi taher langsung di lap lagi ke jidat dokter astagaa;negatif;0.6841
41itFALrNU8;#ngopenk  PODCAST BERSAMA ALDI TAHER, OBROLAN PENUH FILOSOFIS;Tirta PengPengPeng;@urmyloverbby;openingnya aja udah ngakak😭;2026-05-12T14:16:14Z;0;openingnya saja sudah terbahak-bahak;negatif;0.9952
41itFALrNU8;#ngopenk  PODCAST BERSAMA ALDI TAHER, OBROLAN PENUH FILOSOFIS;Tirta PengPengPeng;@RismaRahmadanti11;ngakak btt😭😭;2026-05-12T13:53:25Z;0;terbahak-bahak btt;positif;0.8494
41itFALrNU8;#ngopenk  PODCAST BERSAMA ALDI TAHER, OBROLAN PENUH FILOSOFIS;Tirta PengPengPeng;@nadiatassyapratiwi8924;apa  inii astagaaa podcasstt apa ini 🤣😭😭😭;2026-05-12T13:46:45Z;0;apa inii astagaa podcasstt apa ini;negatif;0.856
41itFALrNU8;#ngopenk  PODCAST BERSAMA ALDI TAHER, OBROLAN PENUH FILOSOFIS;Tirta PengPengPeng;@lailaayunita;Kenapa gw mau nonton sampe selese 😭;2026-05-12T13:44:44Z;0;kenapa saya mau nonton sampai selese;negatif;0.9768
41itFALrNU8;#ngopenk  PODCAST BERSAMA ALDI TAHER, OBROLAN PENUH FILOSOFIS;Tirta PengPengPeng;@itsdrmks;Khodamnya dokter Tirta kok gak keluar sihhhh!!!!!.  W aja pengen nampar 😢😢😢😢😢;2026-05-12T13:36:34Z;0;khodamnya dokter tirta kok tidak keluar sihh saya saja ingin nampar;negatif;0.8812
41itFALrNU8;#ngopenk  PODCAST BERSAMA ALDI TAHER, OBROLAN PENUH FILOSOFIS;Tirta PengPengPeng;@taufikkautsar1410;Lama lama gw nonton ini jadi kaya orang bego😂;2026-05-12T13:23:36Z;0;lama lama saya nonton ini jadi kaya orang bodoh;negatif;0.996
41itFALrNU8;#ngopenk  PODCAST BERSAMA ALDI TAHER, OBROLAN PENUH FILOSOFIS;Tirta PengPengPeng;@devikhoirunnisa_;Asbun bgt wkwkwk;2026-05-12T12:53:39Z;0;asbun sangat wkwkwk;positif;0.7912
41itFALrNU8;#ngopenk  PODCAST BERSAMA ALDI TAHER, OBROLAN PENUH FILOSOFIS;Tirta PengPengPeng;@IlhamIam-yu5xi;Ngakak yaallah😂;2026-05-12T12:43:11Z;0;terbahak-bahak yaallah;negatif;0.7244
41itFALrNU8;#ngopenk  PODCAST BERSAMA ALDI TAHER, OBROLAN PENUH FILOSOFIS;Tirta PengPengPeng;@NamaGuaYUK69;"salam dari yuk69
“Usaha/bisnis kalo bangkrut itu bukan rugi, tapi rezekinya cuma segitu, rugi itu kalo di neraka” ~Aldi";2026-05-12T12:24:24Z;24;salam dari yuk69 usaha bisnis kalau bangkrut itu bukan rugi tapi rezekinya cuma segitu rugi itu kalau di neraka aldi;negatif;0.9953
41itFALrNU8;#ngopenk  PODCAST BERSAMA ALDI TAHER, OBROLAN PENUH FILOSOFIS;Tirta PengPengPeng;@Sihakimjir;ini podcast arahnya kemana sih😅;2026-05-12T12:16:45Z;1;ini podcast arahnya kemana sih;negatif;0.9933
41itFALrNU8;#ngopenk  PODCAST BERSAMA ALDI TAHER, OBROLAN PENUH FILOSOFIS;Tirta PengPengPeng;@tikaseptyana8675;Ayah, ini arahnya kemana ya;2026-05-12T11:47:25Z;0;ayah ini arahnya kemana ya;negatif;0.9938
41itFALrNU8;#ngopenk  PODCAST BERSAMA ALDI TAHER, OBROLAN PENUH FILOSOFIS;Tirta PengPengPeng;@JosephAriyanto;plenger;2026-05-12T11:21:39Z;0;plenger;netral;0.4374
41itFALrNU8;#ngopenk  PODCAST BERSAMA ALDI TAHER, OBROLAN PENUH FILOSOFIS;Tirta PengPengPeng;@angelinaandrea1426;RANDOM BGT SIAL😭😭;2026-05-12T10:59:30Z;1;random sangat sial;negatif;0.9961
41itFALrNU8;#ngopenk  PODCAST BERSAMA ALDI TAHER, OBROLAN PENUH FILOSOFIS;Tirta PengPengPeng;@isabel-yw9cs;aku nonton apasih ini sebenarnya HAHAHAHA GAKUAAAAT;2026-05-12T10:54:20Z;0;saya nonton apasih ini sebenarnya hahahaha gakuaat;negatif;0.988
41itFALrNU8;#ngopenk  PODCAST BERSAMA ALDI TAHER, OBROLAN PENUH FILOSOFIS;Tirta PengPengPeng;@tiaradyah3023;bro pede nyebut merek lain karena percaya rezeki udah ada yang ngatur;2026-05-12T09:37:02Z;0;bro pede nyebut merek lain karena percaya rezeki sudah ada yang ngatur;positif;0.9249
41itFALrNU8;#ngopenk  PODCAST BERSAMA ALDI TAHER, OBROLAN PENUH FILOSOFIS;Tirta PengPengPeng;@AdeWartini-v2i;yang nonton ikut plenger🤣🤣🤣🤣🤣;2026-05-12T09:23:37Z;1;yang nonton ikut plenger;netral;0.8138
41itFALrNU8;#ngopenk  PODCAST BERSAMA ALDI TAHER, OBROLAN PENUH FILOSOFIS;Tirta PengPengPeng;@amelliiaad;gelisah gw liat cara mereka makan;2026-05-12T09:19:30Z;2;gelisah saya liat cara mereka makan;negatif;0.9945
41itFALrNU8;#ngopenk  PODCAST BERSAMA ALDI TAHER, OBROLAN PENUH FILOSOFIS;Tirta PengPengPeng;@ArgoB.Sajiwo;39:44 gak Salah Sih HP (Hand Paper);2026-05-12T09:00:10Z;1;tidak salah sih hp hand paper;positif;0.9814
41itFALrNU8;#ngopenk  PODCAST BERSAMA ALDI TAHER, OBROLAN PENUH FILOSOFIS;Tirta PengPengPeng;@Idsa_Abdillah139;Hahahahahahahahah;2026-05-12T08:56:56Z;0;hahahahahahahahah;negatif;0.991
41itFALrNU8;#ngopenk  PODCAST BERSAMA ALDI TAHER, OBROLAN PENUH FILOSOFIS;Tirta PengPengPeng;@MyName-nd3yr;"akan saya ingat kata"" aldi.. bukan rugi tapi rejekinya emang segitu..";2026-05-12T08:55:13Z;1;akan saya ingat kata aldi bukan rugi tapi rejekinya memang segitu;negatif;0.9792
41itFALrNU8;#ngopenk  PODCAST BERSAMA ALDI TAHER, OBROLAN PENUH FILOSOFIS;Tirta PengPengPeng;@mewuryy;ini konten podcast atau mukbang 😭😭;2026-05-12T08:43:10Z;1;ini konten podcast atau mukbang;netral;0.9654
41itFALrNU8;#ngopenk  PODCAST BERSAMA ALDI TAHER, OBROLAN PENUH FILOSOFIS;Tirta PengPengPeng;@hambaAllah01327;"Benci bgttt😭😭😭 mana dr Tirta nyahut"" lagi";2026-05-12T08:00:24Z;0;benci bgtt mana dari tirta nyahut lagi;negatif;0.9962
41itFALrNU8;#ngopenk  PODCAST BERSAMA ALDI TAHER, OBROLAN PENUH FILOSOFIS;Tirta PengPengPeng;@oranggagal-s9z;gilaaaa ni chanel bisa datengin vocalisnya oasiss😅;2026-05-12T07:52:45Z;1;gilaa ini chanel bisa datengin vocalisnya oasiss;negatif;0.9949
41itFALrNU8;#ngopenk  PODCAST BERSAMA ALDI TAHER, OBROLAN PENUH FILOSOFIS;Tirta PengPengPeng;@della_aprilias;Harusnya durasinya 2 jam lebih🥲;2026-05-12T07:47:26Z;1;harusnya durasinya jam lebih;negatif;0.9958
41itFALrNU8;#ngopenk  PODCAST BERSAMA ALDI TAHER, OBROLAN PENUH FILOSOFIS;Tirta PengPengPeng;@AliRohman-ps4su;Dsini dr.tirta tenang bnget ya.. kyaknya sdah ketemu siapa pawangnya 🤣🤣🤣;2026-05-12T06:52:20Z;1;disini dari tirta tenang sangat ya sepertinya sudah ketemu siapa pawangnya;positif;0.964
41itFALrNU8;#ngopenk  PODCAST BERSAMA ALDI TAHER, OBROLAN PENUH FILOSOFIS;Tirta PengPengPeng;@KhevinAbdillah;untung bisa nyambung dan ngalir percakapannya😭😂;2026-05-12T06:45:34Z;0;untung bisa nyambung dan ngalir percakapannya;positif;0.9584
41itFALrNU8;#ngopenk  PODCAST BERSAMA ALDI TAHER, OBROLAN PENUH FILOSOFIS;Tirta PengPengPeng;@adrianrichky1213;Prestasi gua selama ini nonton podcast ini tanpa skip dari awal sampai akhir 😂😂😂;2026-05-12T06:07:04Z;0;prestasi saya selama ini nonton podcast ini tanpa skip dari awal sampai akhir;negatif;0.4793
41itFALrNU8;#ngopenk  PODCAST BERSAMA ALDI TAHER, OBROLAN PENUH FILOSOFIS;Tirta PengPengPeng;@kecutkecutdean5848;sepatu beli dmn ????????????;2026-05-12T05:48:56Z;0;sepatu beli dimana;netral;0.9159
41itFALrNU8;#ngopenk  PODCAST BERSAMA ALDI TAHER, OBROLAN PENUH FILOSOFIS;Tirta PengPengPeng;@ratihch8328;Dua entertain komedian baru yg kocak bngtt.., dr. Tirta mmg multitalented..🤣🤣🤣🤣🤣🤣;2026-05-12T05:19:11Z;0;dua entertain komedian baru yang kocak bngtt dari tirta memang multitalented;positif;0.5129
41itFALrNU8;#ngopenk  PODCAST BERSAMA ALDI TAHER, OBROLAN PENUH FILOSOFIS;Tirta PengPengPeng;@amarmaulana29;tiap nonton iq gua turun satu😂;2026-05-12T04:20:43Z;0;tiap nonton iq saya turun satu;negatif;0.9438
41itFALrNU8;#ngopenk  PODCAST BERSAMA ALDI TAHER, OBROLAN PENUH FILOSOFIS;Tirta PengPengPeng;@ayuclara3338;Disini dr Tirta pasti ga naik darah (tensinya normal), hahhaha... podcast isinya daging bgt ini, ada kulitnya jg, mie, bahkan ada kopinya...;2026-05-12T04:05:23Z;0;disini dari tirta pasti tidak naik darah tensinya normal hahhaha podcast isinya daging sangat ini ada kulitnya juga mie bahkan ada kopinya;positif;0.9495
41itFALrNU8;#ngopenk  PODCAST BERSAMA ALDI TAHER, OBROLAN PENUH FILOSOFIS;Tirta PengPengPeng;@dwimuslimawati5538;Siapa sih yg nyaranin ngundang aldi Taher 😭😭😭😭;2026-05-12T04:03:46Z;1;siapa sih yang nyaranin ngundang aldi taher;negatif;0.9781
41itFALrNU8;#ngopenk  PODCAST BERSAMA ALDI TAHER, OBROLAN PENUH FILOSOFIS;Tirta PengPengPeng;@retnojatirahayu5210;gakuatttt wkwkwkw lucu bgttttt;2026-05-12T03:59:05Z;1;gakuatt wkwkwkw lucu bgtt;positif;0.9686
41itFALrNU8;#ngopenk  PODCAST BERSAMA ALDI TAHER, OBROLAN PENUH FILOSOFIS;Tirta PengPengPeng;@leony8333;nonton apasi ga kuat😭;2026-05-12T03:50:25Z;0;nonton apasi tidak kuat;negatif;0.995
41itFALrNU8;#ngopenk  PODCAST BERSAMA ALDI TAHER, OBROLAN PENUH FILOSOFIS;Tirta PengPengPeng;@icaaaaaamzahr;HAHAHAHAHAHAHAAHAH KOCAK;2026-05-12T03:48:35Z;0;hahahahahahahaahah kocak;positif;0.8453
41itFALrNU8;#ngopenk  PODCAST BERSAMA ALDI TAHER, OBROLAN PENUH FILOSOFIS;Tirta PengPengPeng;@LidyaYarahma-gq1ug;Hahahahaaaa.... 😅😅❤;2026-05-12T03:41:58Z;0;hahahahaa;negatif;0.985
41itFALrNU8;#ngopenk  PODCAST BERSAMA ALDI TAHER, OBROLAN PENUH FILOSOFIS;Tirta PengPengPeng;@ZerroVerse;day 1 Dr. Tirta belajar SABAR😂;2026-05-12T03:41:43Z;0;day dari tirta belajar sabar;positif;0.9602
41itFALrNU8;#ngopenk  PODCAST BERSAMA ALDI TAHER, OBROLAN PENUH FILOSOFIS;Tirta PengPengPeng;@helmigo7657;Pasien dr.tirta sudah menggiring dr.tirta ke dunia yg sesungguhnya😂;2026-05-12T03:37:41Z;0;pasien dari tirta sudah menggiring dari tirta ke dunia yang sesungguhnya;negatif;0.6408
41itFALrNU8;#ngopenk  PODCAST BERSAMA ALDI TAHER, OBROLAN PENUH FILOSOFIS;Tirta PengPengPeng;@sunlight3937;pov : obrolan pria di jam 12 ke atas;2026-05-12T03:10:10Z;8;pov obrolan pria di jam ke atas;netral;0.9831
41itFALrNU8;#ngopenk  PODCAST BERSAMA ALDI TAHER, OBROLAN PENUH FILOSOFIS;Tirta PengPengPeng;@amarmaulana29;INI PODCAST APAAN SIK;2026-05-12T02:53:13Z;0;ini podcast apaan sik;negatif;0.9932
41itFALrNU8;#ngopenk  PODCAST BERSAMA ALDI TAHER, OBROLAN PENUH FILOSOFIS;Tirta PengPengPeng;@Wee1882;ini gw nonton apa sih😹;2026-05-12T02:49:17Z;0;ini saya nonton apa sih;negatif;0.9634
41itFALrNU8;#ngopenk  PODCAST BERSAMA ALDI TAHER, OBROLAN PENUH FILOSOFIS;Tirta PengPengPeng;@ayamgoyeng5802;"dari awal sampe akhir cuma mbatin: ""IKI KI OPO E SUUUU""";2026-05-12T02:38:34Z;0;dari awal sampai akhir cuma mbatin iki ki opo e suu;negatif;0.9841
41itFALrNU8;#ngopenk  PODCAST BERSAMA ALDI TAHER, OBROLAN PENUH FILOSOFIS;Tirta PengPengPeng;@ahmadnurkholis3665;😂😂😂;2026-05-12T02:31:55Z;0;;positif;0.8912
41itFALrNU8;#ngopenk  PODCAST BERSAMA ALDI TAHER, OBROLAN PENUH FILOSOFIS;Tirta PengPengPeng;@noorainadahliani6263;asbunya ngasbun banget, ya Allah 😭😭🙏🏻;2026-05-12T02:27:57Z;0;asbunya ngasbun sekali ya allah;negatif;0.996
41itFALrNU8;#ngopenk  PODCAST BERSAMA ALDI TAHER, OBROLAN PENUH FILOSOFIS;Tirta PengPengPeng;@johanali3519;ekwkwkwkwkw ngakakk bgt🥺;2026-05-12T02:22:17Z;0;ekwkwkwkwkw ngakakk sangat;negatif;0.9857
41itFALrNU8;#ngopenk  PODCAST BERSAMA ALDI TAHER, OBROLAN PENUH FILOSOFIS;Tirta PengPengPeng;@deamantiz;21:31 WUH GEDHE BANGET CUK, BAJILAK;2026-05-12T01:52:19Z;0;wuh gedhe sekali jancuk bajilak;negatif;0.9956
41itFALrNU8;#ngopenk  PODCAST BERSAMA ALDI TAHER, OBROLAN PENUH FILOSOFIS;Tirta PengPengPeng;@Maknahiidup;Dok bisa bisanya lu terkontaminasi  😂😂😢;2026-05-12T01:49:07Z;0;dok bisa bisanya kamu terkontaminasi;negatif;0.9833
41itFALrNU8;#ngopenk  PODCAST BERSAMA ALDI TAHER, OBROLAN PENUH FILOSOFIS;Tirta PengPengPeng;@Mledre69;Yang penting kemana aja 😅;2026-05-12T00:47:44Z;1;yang penting kemana saja;positif;0.8376
41itFALrNU8;#ngopenk  PODCAST BERSAMA ALDI TAHER, OBROLAN PENUH FILOSOFIS;Tirta PengPengPeng;@wiwitmawardani2496;Kakak adek yg terpisah ini mah 😭😭;2026-05-12T00:44:46Z;0;kakak adik yang terpisah ini mah;negatif;0.9896
41itFALrNU8;#ngopenk  PODCAST BERSAMA ALDI TAHER, OBROLAN PENUH FILOSOFIS;Tirta PengPengPeng;@ndoboss5255;Ini dua orang Minus x Minus = Plus;2026-05-12T00:36:06Z;0;ini dua orang minus x minus plus;negatif;0.9879
41itFALrNU8;#ngopenk  PODCAST BERSAMA ALDI TAHER, OBROLAN PENUH FILOSOFIS;Tirta PengPengPeng;@nalnalala;Kenapa saya nonton sampai selesai 😂😂;2026-05-12T00:05:15Z;0;kenapa saya nonton sampai selesai;negatif;0.863
41itFALrNU8;#ngopenk  PODCAST BERSAMA ALDI TAHER, OBROLAN PENUH FILOSOFIS;Tirta PengPengPeng;@inggisnovia3655;Ga kuad ngakakkkkk;2026-05-11T22:33:44Z;0;tidak kuad ngakakk;negatif;0.9911
41itFALrNU8;#ngopenk  PODCAST BERSAMA ALDI TAHER, OBROLAN PENUH FILOSOFIS;Tirta PengPengPeng;@inggisnovia3655;Ini plenger se olengernya dehhh;2026-05-11T22:33:32Z;0;ini plenger se olengernya dehh;positif;0.9206
41itFALrNU8;#ngopenk  PODCAST BERSAMA ALDI TAHER, OBROLAN PENUH FILOSOFIS;Tirta PengPengPeng;@irwankurnia85;satt😂;2026-05-11T22:33:22Z;0;satt;negatif;0.8168
41itFALrNU8;#ngopenk  PODCAST BERSAMA ALDI TAHER, OBROLAN PENUH FILOSOFIS;Tirta PengPengPeng;@nurailingasu;dr tirta, aldi taher, dr gia, indra frimawan gilaa sihhhh😂;2026-05-11T21:25:51Z;3;dari tirta aldi taher dari gia indra frimawan gilaa sihh;negatif;0.995
41itFALrNU8;#ngopenk  PODCAST BERSAMA ALDI TAHER, OBROLAN PENUH FILOSOFIS;Tirta PengPengPeng;@canliee8465;Bisa” video yt dr. Tirta yang berkualitas jdi gini😭;2026-05-11T19:59:02Z;0;bisa video yt dari tirta yang berkualitas jadi gini;positif;0.8332
41itFALrNU8;#ngopenk  PODCAST BERSAMA ALDI TAHER, OBROLAN PENUH FILOSOFIS;Tirta PengPengPeng;@LLENNswaa;SERU BANGET;2026-05-11T19:16:15Z;0;seru sekali;positif;0.9977
41itFALrNU8;#ngopenk  PODCAST BERSAMA ALDI TAHER, OBROLAN PENUH FILOSOFIS;Tirta PengPengPeng;@neniekamdn;tiba-tiba banget openingnya al-fatihah. best bangett Lord Aldiii! 🙌;2026-05-11T18:23:34Z;0;tiba tiba sekali openingnya al fatihah best sangat lord aldii;positif;0.9922
41itFALrNU8;#ngopenk  PODCAST BERSAMA ALDI TAHER, OBROLAN PENUH FILOSOFIS;Tirta PengPengPeng;@anggisaputra4947;Bisa bisanya gua nonton sampe abis😅😅;2026-05-11T18:17:40Z;1;bisa bisanya saya nonton sampai abis;negatif;0.9132
41itFALrNU8;#ngopenk  PODCAST BERSAMA ALDI TAHER, OBROLAN PENUH FILOSOFIS;Tirta PengPengPeng;@wisanggeni155;dr tirta.. setiap adegan anda sangat menghibur bagi yang paham, terutama pisuhan ambek karakter😭🤣. Sehat selalu abangku❤;2026-05-11T18:06:55Z;0;dari tirta setiap adegan anda sangat menghibur bagi yang paham terutama pisuhan ambek karakter sehat selalu abangku;positif;0.992
41itFALrNU8;#ngopenk  PODCAST BERSAMA ALDI TAHER, OBROLAN PENUH FILOSOFIS;Tirta PengPengPeng;@tommywesung6987;"Tapi cocok berdua nih... Vibes nya asik...  
Malah kayak se-frekuensi...😂😂";2026-05-11T17:14:50Z;0;tapi cocok berdua nih vibes nya asik malah mirip se frekuensi;negatif;0.6512
41itFALrNU8;#ngopenk  PODCAST BERSAMA ALDI TAHER, OBROLAN PENUH FILOSOFIS;Tirta PengPengPeng;@suryaisyailahi;ngakak 😂;2026-05-11T16:48:46Z;0;terbahak-bahak;positif;0.6179
41itFALrNU8;#ngopenk  PODCAST BERSAMA ALDI TAHER, OBROLAN PENUH FILOSOFIS;Tirta PengPengPeng;@oliffnr;Plisss ketawaa bgtt 😭😭;2026-05-11T16:12:32Z;0;pliss ketawaa bgtt;positif;0.9675
41itFALrNU8;#ngopenk  PODCAST BERSAMA ALDI TAHER, OBROLAN PENUH FILOSOFIS;Tirta PengPengPeng;@ahmadrozinun23;Plengerrr😂;2026-05-11T15:37:41Z;0;plengerr;netral;0.6939
41itFALrNU8;#ngopenk  PODCAST BERSAMA ALDI TAHER, OBROLAN PENUH FILOSOFIS;Tirta PengPengPeng;@mamamotret15;Ya Allahhh aku bengekk bangett kali ini. Kok bisa bisanya lawakan sebut cepet jadi bikin ngakakk;2026-05-11T15:21:27Z;0;ya allahh saya bengekk sangat kali ini kok bisa bisanya lawakan sebut cepat jadi bikin ngakakk;negatif;0.9955
41itFALrNU8;#ngopenk  PODCAST BERSAMA ALDI TAHER, OBROLAN PENUH FILOSOFIS;Tirta PengPengPeng;@amir.faiz._;Dok kok mau sama anomali?;2026-05-11T15:20:16Z;0;dok kok mau sama anomali;negatif;0.9945
41itFALrNU8;#ngopenk  PODCAST BERSAMA ALDI TAHER, OBROLAN PENUH FILOSOFIS;Tirta PengPengPeng;@mamamotret15;Huaahahaaahaaaa;2026-05-11T15:19:22Z;0;huaahahaahaa;positif;0.6443
41itFALrNU8;#ngopenk  PODCAST BERSAMA ALDI TAHER, OBROLAN PENUH FILOSOFIS;Tirta PengPengPeng;@dyn0656;Baru kali ini nonton podcast gk ada isinya tapi nonton sampek akhir tanpa skip😭😭😭😭😭😭😭🤣🤣;2026-05-11T15:02:44Z;0;baru kali ini nonton podcast tidak ada isinya tapi nonton sampek akhir tanpa skip;negatif;0.6244
41itFALrNU8;#ngopenk  PODCAST BERSAMA ALDI TAHER, OBROLAN PENUH FILOSOFIS;Tirta PengPengPeng;@YasminSuha;Liat aldi taher ngomong aja ngakak banget, apalagi pas dia ngomong+ketawa tambah ngakak gww anjirr😭😭😭;2026-05-11T14:56:31Z;8;liat aldi taher bicara saja terbahak-bahak sekali apalagi pas dia bicara tertawa tambah terbahak-bahak gww anjirr;negatif;0.5592
41itFALrNU8;#ngopenk  PODCAST BERSAMA ALDI TAHER, OBROLAN PENUH FILOSOFIS;Tirta PengPengPeng;@fianilam6795;capek banget nontonya.. 😅;2026-05-11T14:55:32Z;1;capai sekali nontonya;negatif;0.993
41itFALrNU8;#ngopenk  PODCAST BERSAMA ALDI TAHER, OBROLAN PENUH FILOSOFIS;Tirta PengPengPeng;@Lifaa-l6z;ini potcast atau tebak tebakan 😭;2026-05-11T14:47:57Z;0;ini potcast atau tebak tebakan;netral;0.5703
41itFALrNU8;#ngopenk  PODCAST BERSAMA ALDI TAHER, OBROLAN PENUH FILOSOFIS;Tirta PengPengPeng;@ahmadrizky1725;beda detik beda topik;2026-05-11T14:46:08Z;0;beda detik beda topik;netral;0.93
41itFALrNU8;#ngopenk  PODCAST BERSAMA ALDI TAHER, OBROLAN PENUH FILOSOFIS;Tirta PengPengPeng;@clistaafriawan;sefrekuensi inimah😭😭;2026-05-11T14:42:51Z;0;sefrekuensi inimah;negatif;0.8764
41itFALrNU8;#ngopenk  PODCAST BERSAMA ALDI TAHER, OBROLAN PENUH FILOSOFIS;Tirta PengPengPeng;@ayuu3118;suka nih yang gini², tambahin lg gasi podcast ma aldi taher🤣🙏🏻;2026-05-11T14:39:19Z;2;suka nih yang gini² tambahin lagi gasi podcast ma aldi taher;positif;0.994
41itFALrNU8;#ngopenk  PODCAST BERSAMA ALDI TAHER, OBROLAN PENUH FILOSOFIS;Tirta PengPengPeng;@SekolahRaAlAmaliyah;ya ALLAH🤣🤣;2026-05-11T14:34:38Z;0;ya allah;negatif;0.9914
41itFALrNU8;#ngopenk  PODCAST BERSAMA ALDI TAHER, OBROLAN PENUH FILOSOFIS;Tirta PengPengPeng;@nara-if;🤣🤣🤣🤣;2026-05-11T14:24:25Z;0;;positif;0.8912
41itFALrNU8;#ngopenk  PODCAST BERSAMA ALDI TAHER, OBROLAN PENUH FILOSOFIS;Tirta PengPengPeng;@M2F334;Podcast ndlogok😂;2026-05-11T14:12:24Z;0;podcast ndlogok;netral;0.9521
41itFALrNU8;#ngopenk  PODCAST BERSAMA ALDI TAHER, OBROLAN PENUH FILOSOFIS;Tirta PengPengPeng;@redimhilmi7357;😂ngalor ngidul ora tembus juta lebih gokil;2026-05-11T14:09:07Z;0;ngalor ngidul ora tembus juta lebih gokil;negatif;0.8846
41itFALrNU8;#ngopenk  PODCAST BERSAMA ALDI TAHER, OBROLAN PENUH FILOSOFIS;Tirta PengPengPeng;@kreasimamaknyawardah6057;Maaf ya, dokter... Aku ga nonton podcast ini. Bukan krna ga suka, tpi krna tkut lihat dokter tirta seketika hilang sabar... 😁;2026-05-11T14:07:44Z;0;maaf ya dokter saya tidak nonton podcast ini bukan karena tidak suka tapi karena tsayat lihat dokter tirta seketika hilang sabar;negatif;0.982
41itFALrNU8;#ngopenk  PODCAST BERSAMA ALDI TAHER, OBROLAN PENUH FILOSOFIS;Tirta PengPengPeng;@pahrulrzl3805;Neuralgin andalan 🙌;2026-05-11T13:59:21Z;0;neuralgin andalan;positif;0.9345
41itFALrNU8;#ngopenk  PODCAST BERSAMA ALDI TAHER, OBROLAN PENUH FILOSOFIS;Tirta PengPengPeng;@trilestari629;Ha..ha..ha.. Abang 2 ini emang kocak2.. ngakak terus saya.. 😂😂😂;2026-05-11T13:43:45Z;0;ha ha ha abang ini memang kocak2 terbahak-bahak terus saya;positif;0.967
41itFALrNU8;#ngopenk  PODCAST BERSAMA ALDI TAHER, OBROLAN PENUH FILOSOFIS;Tirta PengPengPeng;@rdnAg-d4w;aku nonton 13 menit isinya makanan semua. nanti aku komen lagi kao udah selesai nonton 😭😭😭;2026-05-11T13:37:37Z;0;saya nonton menit isinya makanan semua nanti saya komen lagi kao sudah selesai nonton;netral;0.9019
41itFALrNU8;#ngopenk  PODCAST BERSAMA ALDI TAHER, OBROLAN PENUH FILOSOFIS;Tirta PengPengPeng;@divadjox;Ini podcast apasi sebenernya;2026-05-11T13:31:31Z;0;ini podcast apasi sebenarnya;negatif;0.9865
41itFALrNU8;#ngopenk  PODCAST BERSAMA ALDI TAHER, OBROLAN PENUH FILOSOFIS;Tirta PengPengPeng;@esmuhaji;"😂😂😂😂
Dr Tirta ikutan miring";2026-05-11T13:27:35Z;0;dari tirta ikutan miring;negatif;0.9931
41itFALrNU8;#ngopenk  PODCAST BERSAMA ALDI TAHER, OBROLAN PENUH FILOSOFIS;Tirta PengPengPeng;@andrilesmana3753;tapi lucu 😂;2026-05-11T13:22:14Z;0;tapi lucu;negatif;0.9901
41itFALrNU8;#ngopenk  PODCAST BERSAMA ALDI TAHER, OBROLAN PENUH FILOSOFIS;Tirta PengPengPeng;@LanataXAU;Iq turun setelah nonton ini;2026-05-11T13:19:43Z;0;iq turun setelah nonton ini;negatif;0.9853
41itFALrNU8;#ngopenk  PODCAST BERSAMA ALDI TAHER, OBROLAN PENUH FILOSOFIS;Tirta PengPengPeng;@rifaarpa;Tapi nyambung lho mereka 😂😂😂;2026-05-11T13:13:05Z;0;tapi nyambung lho mereka;negatif;0.9957
41itFALrNU8;#ngopenk  PODCAST BERSAMA ALDI TAHER, OBROLAN PENUH FILOSOFIS;Tirta PengPengPeng;@teaus-fs3mp;Nonton iki malah melu gendeng...sabar🤣🤣🤣;2026-05-11T12:32:18Z;1;nonton iki malah melu gendeng sabar;negatif;0.9962
41itFALrNU8;#ngopenk  PODCAST BERSAMA ALDI TAHER, OBROLAN PENUH FILOSOFIS;Tirta PengPengPeng;@Tedhyzu24;banjir endorfin nonton ini;2026-05-11T12:22:46Z;0;banjir endorfin nonton ini;negatif;0.995
41itFALrNU8;#ngopenk  PODCAST BERSAMA ALDI TAHER, OBROLAN PENUH FILOSOFIS;Tirta PengPengPeng;@SyakiraGhinaKhairani;podcast yang bikin gua betah setelah podcast keluarga artis (karna ada aldi taher);2026-05-11T12:22:42Z;0;podcast yang bikin saya betah setelah podcast keluarga artis karena ada aldi taher;positif;0.8801
41itFALrNU8;#ngopenk  PODCAST BERSAMA ALDI TAHER, OBROLAN PENUH FILOSOFIS;Tirta PengPengPeng;@HafsaValleriusagata;Pernah makansi, abang w yg beliin tp abis segede itu sendiri sm w 😂;2026-05-11T12:22:05Z;0;pernah makansi abang saya yang beliin tapi abis segede itu sendiri sama saya;negatif;0.9673
41itFALrNU8;#ngopenk  PODCAST BERSAMA ALDI TAHER, OBROLAN PENUH FILOSOFIS;Tirta PengPengPeng;@AiYulianti-v2t;😂😂😂;2026-05-11T11:57:17Z;0;;positif;0.8912
41itFALrNU8;#ngopenk  PODCAST BERSAMA ALDI TAHER, OBROLAN PENUH FILOSOFIS;Tirta PengPengPeng;@hamidahlailaputy;Joke nya 😂 vibe zaman dahulu. Suka banget ❤ ngakak banget.. rasanya kayak nonton acara tv tahun 2010'an keatas;2026-05-11T11:52:23Z;0;joke nya vibe zaman dahulu suka sekali terbahak-bahak sekali rasanya mirip nonton acara tv tahun an keatas;positif;0.9933
41itFALrNU8;#ngopenk  PODCAST BERSAMA ALDI TAHER, OBROLAN PENUH FILOSOFIS;Tirta PengPengPeng;@AmlulKhikmah;Dua kali tonton prodcast ini lucu😂😂;2026-05-11T11:49:14Z;0;dua kali tonton prodcast ini lucu;positif;0.9946
41itFALrNU8;#ngopenk  PODCAST BERSAMA ALDI TAHER, OBROLAN PENUH FILOSOFIS;Tirta PengPengPeng;@agielstresd905;Ini yg ditunggu akhirnya collab alhamdulillah ya allah ❤❤❤;2026-05-11T11:15:57Z;0;ini yang ditunggu akhirnya collab alhamdulillah ya allah;positif;0.9429
41itFALrNU8;#ngopenk  PODCAST BERSAMA ALDI TAHER, OBROLAN PENUH FILOSOFIS;Tirta PengPengPeng;@AkhmadBarokah-q6m;Kok seneng ya lihat dr tirta dg aldi taher gak ada ngegas ngegasnya;2026-05-11T09:49:20Z;0;kok senang ya lihat dari tirta dengan aldi taher tidak ada ngegas ngegasnya;negatif;0.6508
41itFALrNU8;#ngopenk  PODCAST BERSAMA ALDI TAHER, OBROLAN PENUH FILOSOFIS;Tirta PengPengPeng;@ressawahyuramadon1024;ancur bener ini podcast wkwkwk;2026-05-11T09:09:14Z;0;hancur benar ini podcast wkwkwk;negatif;0.9957
41itFALrNU8;#ngopenk  PODCAST BERSAMA ALDI TAHER, OBROLAN PENUH FILOSOFIS;Tirta PengPengPeng;@stigmatra;Video kocak ngakak ini gua wkwkwkwkwkw;2026-05-11T09:08:43Z;0;video kocak terbahak-bahak ini saya wkwkwkwkwkw;negatif;0.7919
41itFALrNU8;#ngopenk  PODCAST BERSAMA ALDI TAHER, OBROLAN PENUH FILOSOFIS;Tirta PengPengPeng;@gayunghati8021;Ya opp to tak tonton malah ngunu cah😮;2026-05-11T08:23:36Z;0;ya opp to tak tonton malah ngunu cah;negatif;0.9954
41itFALrNU8;#ngopenk  PODCAST BERSAMA ALDI TAHER, OBROLAN PENUH FILOSOFIS;Tirta PengPengPeng;@rizkapermatasari2263;gua ngakak bgt anj😭😭😭😭;2026-05-11T08:19:16Z;0;saya terbahak-bahak sangat anj;positif;0.9636
41itFALrNU8;#ngopenk  PODCAST BERSAMA ALDI TAHER, OBROLAN PENUH FILOSOFIS;Tirta PengPengPeng;@gitaarieni7288;Luccuuuu;2026-05-11T08:15:08Z;0;luccuu;negatif;0.9844
41itFALrNU8;#ngopenk  PODCAST BERSAMA ALDI TAHER, OBROLAN PENUH FILOSOFIS;Tirta PengPengPeng;@gitaarieni7288;Cinta mati II dari Mulan;2026-05-11T08:03:36Z;0;cinta mati ii dari mulan;positif;0.9672
41itFALrNU8;#ngopenk  PODCAST BERSAMA ALDI TAHER, OBROLAN PENUH FILOSOFIS;Tirta PengPengPeng;@ElmiIndah-i4t;Mirip guru ip... Ipman😂😂😂;2026-05-11T07:58:40Z;0;mirip guru ip ipman;netral;0.6691
41itFALrNU8;#ngopenk  PODCAST BERSAMA ALDI TAHER, OBROLAN PENUH FILOSOFIS;Tirta PengPengPeng;@Okehe-n9w;Enak banget potcas mondar mandir: Aldi taher;2026-05-11T07:20:06Z;0;enak sekali potcas mondar mandir aldi taher;positif;0.9963
41itFALrNU8;#ngopenk  PODCAST BERSAMA ALDI TAHER, OBROLAN PENUH FILOSOFIS;Tirta PengPengPeng;@THIAGO-AR21;lebih ngaco drpada konten pas ventela vs compass wkwk;2026-05-11T07:19:33Z;0;lebih ngaco drpada konten pas ventela vs compass wkwk;negatif;0.8681
41itFALrNU8;#ngopenk  PODCAST BERSAMA ALDI TAHER, OBROLAN PENUH FILOSOFIS;Tirta PengPengPeng;@kinegoldwin;"ngobrol yang penting ❌ 
yang penting ngobrol✅

sabar bgt dok😭😭😭😭";2026-05-11T07:17:50Z;0;bicara yang penting yang penting bicara sabar sangat dok;positif;0.9931
41itFALrNU8;#ngopenk  PODCAST BERSAMA ALDI TAHER, OBROLAN PENUH FILOSOFIS;Tirta PengPengPeng;@dinamandasaririza2943;grab ko nga ada ya?namanya apa;2026-05-11T07:07:07Z;0;grab ko nga ada ya namanya apa;negatif;0.9633
41itFALrNU8;#ngopenk  PODCAST BERSAMA ALDI TAHER, OBROLAN PENUH FILOSOFIS;Tirta PengPengPeng;@lailamustiko2144;Baru ini podcast yg nggak berasa kyk podcast. Kyk orang lagi nongkrong depan rumah tapi di rekam 😂😂;2026-05-11T06:28:20Z;0;baru ini podcast yang tidak berasa kayak podcast kayak orang lagi nongkrong depan rumah tapi di rekam;negatif;0.8777
41itFALrNU8;#ngopenk  PODCAST BERSAMA ALDI TAHER, OBROLAN PENUH FILOSOFIS;Tirta PengPengPeng;@kirito2496;sepatunya knpa dilempar anjr kwkwkw;2026-05-11T06:10:02Z;0;sepatunya kenapa dilempar anjr kwkwkw;negatif;0.8349
41itFALrNU8;#ngopenk  PODCAST BERSAMA ALDI TAHER, OBROLAN PENUH FILOSOFIS;Tirta PengPengPeng;@mygarden-da03;Ternyata Dr. Tirta bisa sabar juga ya 😭 lebih sabar dari gue 🤣;2026-05-11T06:05:51Z;1;ternyata dari tirta bisa sabar juga ya lebih sabar dari saya;positif;0.9537
41itFALrNU8;#ngopenk  PODCAST BERSAMA ALDI TAHER, OBROLAN PENUH FILOSOFIS;Tirta PengPengPeng;@irceviertanti6480;Mereka berdua lagi ngapain sih? 😂😂😂😂😂😅;2026-05-11T05:43:27Z;0;mereka berdua lagi ngapain sih;negatif;0.9928
41itFALrNU8;#ngopenk  PODCAST BERSAMA ALDI TAHER, OBROLAN PENUH FILOSOFIS;Tirta PengPengPeng;@iinfardiah9771;Disini aldy kebanyakan ketawa, berarti ada yang lebih blenger dari aldy sendiri 😭;2026-05-11T04:54:44Z;0;disini aldy kebanyakan tertawa berarti ada yang lebih blenger dari aldy sendiri;positif;0.4844
41itFALrNU8;#ngopenk  PODCAST BERSAMA ALDI TAHER, OBROLAN PENUH FILOSOFIS;Tirta PengPengPeng;@gembelglamourfamilly;Wkwkwkkw 😂😂😂serah lah;2026-05-11T04:45:56Z;0;wkwkwkkw serah lah;negatif;0.8123
41itFALrNU8;#ngopenk  PODCAST BERSAMA ALDI TAHER, OBROLAN PENUH FILOSOFIS;Tirta PengPengPeng;@tengkumuhammadryan5993;Dr Tirta lagi nunjukin ke junior nya kalau lagi koas di RSJ😂, ini Lo cara ngadepin nyaa;2026-05-11T04:45:07Z;1;dari tirta lagi nunjukin ke junior nya kalau lagi koas di rsj ini kamu cara ngadepin nyaa;negatif;0.4779
41itFALrNU8;#ngopenk  PODCAST BERSAMA ALDI TAHER, OBROLAN PENUH FILOSOFIS;Tirta PengPengPeng;@JUNZZ.255;Maju mundur pengen nongton ini. Berharap dapet info sehat. Tapi yaudalah terlanjur nonton sampe slesai juga;2026-05-11T04:43:18Z;0;maju mundur ingin nongton ini berharap dapat info sehat tapi yaudalah terlanjur nonton sampai selesai juga;negatif;0.9683
41itFALrNU8;#ngopenk  PODCAST BERSAMA ALDI TAHER, OBROLAN PENUH FILOSOFIS;Tirta PengPengPeng;@kip1089;Gw kenapa sih guys, kok bisa nonton ini.;2026-05-11T04:36:30Z;0;saya kenapa sih guys kok bisa nonton ini;negatif;0.9946
41itFALrNU8;#ngopenk  PODCAST BERSAMA ALDI TAHER, OBROLAN PENUH FILOSOFIS;Tirta PengPengPeng;@kip1089;Kok bisa😂😂😂😂;2026-05-11T04:32:14Z;0;kok bisa;negatif;0.6723
41itFALrNU8;#ngopenk  PODCAST BERSAMA ALDI TAHER, OBROLAN PENUH FILOSOFIS;Tirta PengPengPeng;@ichacang;ngakak bgt pas sepatunya dibuang T___T apasiii;2026-05-11T04:25:26Z;0;terbahak-bahak sangat pas sepatunya dibuang t__t apasii;positif;0.5441
41itFALrNU8;#ngopenk  PODCAST BERSAMA ALDI TAHER, OBROLAN PENUH FILOSOFIS;Tirta PengPengPeng;@buntik7Listen;Dr. Tirta lupa cuci tangan. Abis pegabg kaos kaki mas Aldi 😅;2026-05-11T04:01:46Z;0;dari tirta lupa cuci tangan abis pegabg kaos kaki mas aldi;netral;0.9771
41itFALrNU8;#ngopenk  PODCAST BERSAMA ALDI TAHER, OBROLAN PENUH FILOSOFIS;Tirta PengPengPeng;@unsheathdrbellion;ngomongin cilok, diforward 10 detik tetiba habib ja’far cik 😭👊;2026-05-11T03:46:09Z;0;membicarakan cilok diforward detik tetiba habib ja far cik;netral;0.9815
41itFALrNU8;#ngopenk  PODCAST BERSAMA ALDI TAHER, OBROLAN PENUH FILOSOFIS;Tirta PengPengPeng;@AninditaDianFitria;disatuin malah sebesti ini ternyata;2026-05-11T03:21:32Z;1;disatuin malah sebesti ini ternyata;negatif;0.9954
41itFALrNU8;#ngopenk  PODCAST BERSAMA ALDI TAHER, OBROLAN PENUH FILOSOFIS;Tirta PengPengPeng;@hamukti;podho gendenge..!😂;2026-05-11T03:04:04Z;0;podho gendenge;netral;0.88
41itFALrNU8;#ngopenk  PODCAST BERSAMA ALDI TAHER, OBROLAN PENUH FILOSOFIS;Tirta PengPengPeng;@annisaafif2001;Nonton opo sihhh😂😂😂 plenger bgt mereka, tapi lucuuu seru bett join sirkel mereka apa ya😂;2026-05-11T02:56:15Z;0;nonton opo sihh plenger sangat mereka tapi lucuu seru bett join sirkel mereka apa ya;positif;0.9496
41itFALrNU8;#ngopenk  PODCAST BERSAMA ALDI TAHER, OBROLAN PENUH FILOSOFIS;Tirta PengPengPeng;@AnasLubis-i8w;Siapapun yg interaksi sm aldi, org yg pemarah bisa jadi sabar, yg biasanya sabar jadi pemarah haha;2026-05-11T02:50:40Z;0;siapapun yang interaksi sama aldi orang yang pemarah bisa jadi sabar yang biasanya sabar jadi pemarah haha;negatif;0.9361
41itFALrNU8;#ngopenk  PODCAST BERSAMA ALDI TAHER, OBROLAN PENUH FILOSOFIS;Tirta PengPengPeng;@wkwkwk515;"Aldi taher ni yg bikin aq pribadi berasa kyk kagum bgt tuh krna dia dikit2 ngelibatin Allah🥹
Tp banyak yg ngerasa dia aneh krna saking jarangnya org ngelibatin Allah dizaman skrg. 
Banyak bgt celetukan dia yg bikin aq ""HA?? IYA JUGA YA"" 🥲❤";2026-05-11T02:31:42Z;0;aldi taher ini yang bikin saya pribadi berasa kayak kagum sangat tuh karena dia dikit2 ngelibatin allah tapi banyak yang merasa dia aneh karena saking jarangnya orang ngelibatin allah dizaman sekarang banyak sangat celetukan dia yang bikin saya ha iya juga ya;negatif;0.6657
41itFALrNU8;#ngopenk  PODCAST BERSAMA ALDI TAHER, OBROLAN PENUH FILOSOFIS;Tirta PengPengPeng;@fitriwangsa8640;Napa dr tirta jadi sabar bgt yah 😂;2026-05-11T02:07:33Z;0;kenapa dari tirta jadi sabar sangat yah;positif;0.9168
41itFALrNU8;#ngopenk  PODCAST BERSAMA ALDI TAHER, OBROLAN PENUH FILOSOFIS;Tirta PengPengPeng;@Rafisqyevano-l5d;Apa 😭sih😭😭😭😭😭😭😭;2026-05-11T02:06:58Z;0;apa sih;negatif;0.9853
41itFALrNU8;#ngopenk  PODCAST BERSAMA ALDI TAHER, OBROLAN PENUH FILOSOFIS;Tirta PengPengPeng;@lissa_owl6715;😂😂😂😂;2026-05-11T01:47:43Z;0;;positif;0.8912
41itFALrNU8;#ngopenk  PODCAST BERSAMA ALDI TAHER, OBROLAN PENUH FILOSOFIS;Tirta PengPengPeng;@qinan7178;podcast full sponsor😂😂;2026-05-11T01:33:03Z;0;podcast full sponsor;positif;0.7389
41itFALrNU8;#ngopenk  PODCAST BERSAMA ALDI TAHER, OBROLAN PENUH FILOSOFIS;Tirta PengPengPeng;@nadakarimah1870;Yg nonton aja emosi bgt 😎😎😎;2026-05-11T01:26:06Z;0;yang nonton saja emosi sangat;negatif;0.9959
41itFALrNU8;#ngopenk  PODCAST BERSAMA ALDI TAHER, OBROLAN PENUH FILOSOFIS;Tirta PengPengPeng;@dyahlestari4700;Dari awal sampai akhir ngakak 😂;2026-05-11T01:04:42Z;0;dari awal sampai akhir terbahak-bahak;negatif;0.9907
41itFALrNU8;#ngopenk  PODCAST BERSAMA ALDI TAHER, OBROLAN PENUH FILOSOFIS;Tirta PengPengPeng;@FathiaReyhan-b6c;Ya Allah ngakak😂😂;2026-05-11T00:45:17Z;0;ya allah terbahak-bahak;negatif;0.9951
41itFALrNU8;#ngopenk  PODCAST BERSAMA ALDI TAHER, OBROLAN PENUH FILOSOFIS;Tirta PengPengPeng;@SriLestari-dz3rv;Baru kali ini gua ngakak lihat konten dr. Tirta🤣🤣 sangat menghibur;2026-05-11T00:25:37Z;0;baru kali ini saya terbahak-bahak lihat konten dari tirta sangat menghibur;positif;0.9925
41itFALrNU8;#ngopenk  PODCAST BERSAMA ALDI TAHER, OBROLAN PENUH FILOSOFIS;Tirta PengPengPeng;@tantanswantana171;Gw nonton ini sampe habis lho😂😂;2026-05-10T23:34:17Z;0;saya nonton ini sampai habis lho;negatif;0.9932
41itFALrNU8;#ngopenk  PODCAST BERSAMA ALDI TAHER, OBROLAN PENUH FILOSOFIS;Tirta PengPengPeng;@rendyasmanto5256;keren lu dok😅👍🏻;2026-05-10T23:13:24Z;1;keren kamu dok;positif;0.993
41itFALrNU8;#ngopenk  PODCAST BERSAMA ALDI TAHER, OBROLAN PENUH FILOSOFIS;Tirta PengPengPeng;@imaazizah7332;plenger😭;2026-05-10T23:04:51Z;0;plenger;netral;0.4374
41itFALrNU8;#ngopenk  PODCAST BERSAMA ALDI TAHER, OBROLAN PENUH FILOSOFIS;Tirta PengPengPeng;@wlnrma07;Ngakak banget setiap detik😭🤣;2026-05-10T22:36:24Z;0;terbahak-bahak sekali setiap detik;negatif;0.9443
41itFALrNU8;#ngopenk  PODCAST BERSAMA ALDI TAHER, OBROLAN PENUH FILOSOFIS;Tirta PengPengPeng;@masterpiece4338;Anjing sefrekuensi seenergi, ga expect wkwkwkw;2026-05-10T20:49:14Z;0;anjing sefrekuensi seenergi tidak expect wkwkwkw;negatif;0.8981
41itFALrNU8;#ngopenk  PODCAST BERSAMA ALDI TAHER, OBROLAN PENUH FILOSOFIS;Tirta PengPengPeng;@MuhammadIqbalSyahputraPurba;Ini bukan podcast tp tebak²an nama kayak mainan kecil dulu hahaha kocak berdua;2026-05-10T19:13:25Z;1;ini bukan podcast tapi tebak²an nama mirip mainan kecil dulu hahaha kocak berdua;negatif;0.8353
41itFALrNU8;#ngopenk  PODCAST BERSAMA ALDI TAHER, OBROLAN PENUH FILOSOFIS;Tirta PengPengPeng;@jky17v;Kurang pak purnomo polisi aja ni 😂;2026-05-10T19:06:01Z;0;kurang pak purnomo polisi saja ini;negatif;0.995
41itFALrNU8;#ngopenk  PODCAST BERSAMA ALDI TAHER, OBROLAN PENUH FILOSOFIS;Tirta PengPengPeng;@MediumRareRaen;Ternyata dokter Tirta beda jauh dari brandingannya slama ini. Baru ini liat dokter Tirta ketawa ngakak n kelihatan bener2 hepi😂 ngakak lg pas di bilang, abang kerja yaaa 😅;2026-05-10T17:57:02Z;0;ternyata dokter tirta beda jauh dari brandingannya slama ini baru ini liat dokter tirta tertawa terbahak-bahak n kelihatan benar-benar hepi terbahak-bahak lagi pas di bilang abang kerja yaa;negatif;0.7781
41itFALrNU8;#ngopenk  PODCAST BERSAMA ALDI TAHER, OBROLAN PENUH FILOSOFIS;Tirta PengPengPeng;@muhamadwahyudinnur;dr tirta sedang nongkrong sma pasien nya wowk;2026-05-10T17:52:31Z;0;dari tirta sedang nongkrong sma pasien nya wowk;positif;0.9067
41itFALrNU8;#ngopenk  PODCAST BERSAMA ALDI TAHER, OBROLAN PENUH FILOSOFIS;Tirta PengPengPeng;@BlastoiseInc;Obrolan laki² ketika tengah malem smpe fajar tiba😂;2026-05-10T17:46:09Z;1;obrolan laki² ketika tengah malam sampai fajar tiba;netral;0.9268
41itFALrNU8;#ngopenk  PODCAST BERSAMA ALDI TAHER, OBROLAN PENUH FILOSOFIS;Tirta PengPengPeng;@novita2878;Aldi taher smp terheran2 ada yg bisa sefrekuensi sama dia & diakui pula kyk ngeliat diri sendiri wkwk  23:21 😭😂;2026-05-10T17:44:49Z;11;aldi taher smp terheran2 ada yang bisa sefrekuensi sama dia diakui pula kayak ngeliat diri sendiri wkwk;positif;0.701
41itFALrNU8;#ngopenk  PODCAST BERSAMA ALDI TAHER, OBROLAN PENUH FILOSOFIS;Tirta PengPengPeng;@lettuce3749;obrolan sesuai rekomendasi keyboard;2026-05-10T17:43:05Z;0;obrolan sesuai rekomendasi keyboard;positif;0.9573
41itFALrNU8;#ngopenk  PODCAST BERSAMA ALDI TAHER, OBROLAN PENUH FILOSOFIS;Tirta PengPengPeng;@MREZAMISWAR;Tertawalah Rayakanlah😂;2026-05-10T17:42:53Z;0;tertawalah rayakanlah;negatif;0.5675
41itFALrNU8;#ngopenk  PODCAST BERSAMA ALDI TAHER, OBROLAN PENUH FILOSOFIS;Tirta PengPengPeng;@novita2878;Kok bisaaa sefrekuensi gini mereka hahahahahaha 🤣🤣;2026-05-10T17:34:36Z;0;kok bisa sefrekuensi gini mereka hahahahahaha;negatif;0.9905
41itFALrNU8;#ngopenk  PODCAST BERSAMA ALDI TAHER, OBROLAN PENUH FILOSOFIS;Tirta PengPengPeng;@kiro2378;Komenlah sesukamu, karna semua komen milik Allah, Alfathiha...;2026-05-10T16:57:24Z;0;komenlah sesukamu karena semua komen milik allah alfathiha;negatif;0.9901
41itFALrNU8;#ngopenk  PODCAST BERSAMA ALDI TAHER, OBROLAN PENUH FILOSOFIS;Tirta PengPengPeng;@kenzhogaming6473;"NGOMONG YANG PENTING❌
YANG PENTING NGOMONG✔️";2026-05-10T16:37:26Z;1;bicara yang penting yang penting bicara;positif;0.9792
41itFALrNU8;#ngopenk  PODCAST BERSAMA ALDI TAHER, OBROLAN PENUH FILOSOFIS;Tirta PengPengPeng;@Pileo885;Mereka 1 server.. 😅;2026-05-10T16:29:16Z;0;mereka server;negatif;0.9954
41itFALrNU8;#ngopenk  PODCAST BERSAMA ALDI TAHER, OBROLAN PENUH FILOSOFIS;Tirta PengPengPeng;@wahyuningprasetyamukti118;Gelar dokternya ternyata hanya gimmick 😂😅 ya Allah makasih dok sangat terhibur sampe ngik ngik hahaha;2026-05-10T15:53:52Z;0;gelar dokternya ternyata hanya gimmick ya allah makasih dok sangat terhibur sampai ngik ngik hahaha;positif;0.936
41itFALrNU8;#ngopenk  PODCAST BERSAMA ALDI TAHER, OBROLAN PENUH FILOSOFIS;Tirta PengPengPeng;@Kiaaaa1944;Ini apaan si 😭😭😭😭🙏🙏🙏🙏;2026-05-10T15:50:00Z;0;ini apaan si;negatif;0.9958
41itFALrNU8;#ngopenk  PODCAST BERSAMA ALDI TAHER, OBROLAN PENUH FILOSOFIS;Tirta PengPengPeng;@sigitarif4407;Jancvk  di dalem Mc donals😂😂😂;2026-05-10T15:48:06Z;0;jancvk di dalam mc donals;netral;0.9724
41itFALrNU8;#ngopenk  PODCAST BERSAMA ALDI TAHER, OBROLAN PENUH FILOSOFIS;Tirta PengPengPeng;@yasminzahirah4703;Kolom comment ngga kalah lucu akkk, capek banget 😭;2026-05-10T15:45:45Z;0;kolom comment tidak kalah lucu akk capai sekali;positif;0.9783
41itFALrNU8;#ngopenk  PODCAST BERSAMA ALDI TAHER, OBROLAN PENUH FILOSOFIS;Tirta PengPengPeng;@asthaguna2177;"Dok... pertolongan pertama pada petarung knock out gimana?
Soalnya temen saya ikut pencak dor dia K.O sama panitia di dirikan di goyang goyang kepalanya terus di suruh jalan... apakah tindakan seperti itu benar?... mohon di jawab";2026-05-10T15:21:06Z;0;dok pertolongan pertama pada petarung knock out gimana soalnya teman saya ikut pencak dor dia k o sama panitia di dirikan di goyang goyang kepalanya terus di suruh jalan apakah tindakan seperti itu benar mohon di jawab;negatif;0.9891
41itFALrNU8;#ngopenk  PODCAST BERSAMA ALDI TAHER, OBROLAN PENUH FILOSOFIS;Tirta PengPengPeng;@asthaguna2177;"Dok... pertolongan pertama pada petarung knock out gimana?
Soalnya temen saya ikut pencak dor dia K.O sama panitia di dirikan di goyang goyang kepalanya terus di suruh jalan... apakah tindakan seperti itu benar?... mohon di jawab";2026-05-10T15:20:58Z;0;dok pertolongan pertama pada petarung knock out gimana soalnya teman saya ikut pencak dor dia k o sama panitia di dirikan di goyang goyang kepalanya terus di suruh jalan apakah tindakan seperti itu benar mohon di jawab;negatif;0.9891
41itFALrNU8;#ngopenk  PODCAST BERSAMA ALDI TAHER, OBROLAN PENUH FILOSOFIS;Tirta PengPengPeng;@saturn-f1m;ini apa sih😭😭😭😭;2026-05-10T14:35:48Z;1;ini apa sih;negatif;0.9947
41itFALrNU8;#ngopenk  PODCAST BERSAMA ALDI TAHER, OBROLAN PENUH FILOSOFIS;Tirta PengPengPeng;@ilhamyzar;40:11 biar geli wkwkwkwkwk;2026-05-10T14:35:00Z;1;biar geli wkwkwkwkwk;negatif;0.9877
41itFALrNU8;#ngopenk  PODCAST BERSAMA ALDI TAHER, OBROLAN PENUH FILOSOFIS;Tirta PengPengPeng;@taqfundivision;Asbunnya gak ketolongg😭;2026-05-10T13:55:04Z;0;asbunnya tidak ketolongg;negatif;0.9669
41itFALrNU8;#ngopenk  PODCAST BERSAMA ALDI TAHER, OBROLAN PENUH FILOSOFIS;Tirta PengPengPeng;@mrbond7409;Hahahahahasuuuuu... Iso ngekek aq ndelok dr tirta..;2026-05-10T13:11:39Z;0;hahahahahasuu iso ngekek saya ndelok dari tirta;negatif;0.991
41itFALrNU8;#ngopenk  PODCAST BERSAMA ALDI TAHER, OBROLAN PENUH FILOSOFIS;Tirta PengPengPeng;@MultiDaliz;Kayak pasien masih setengah sadar 😂;2026-05-10T12:45:11Z;0;mirip pasien masih setengah sadar;negatif;0.9921
41itFALrNU8;#ngopenk  PODCAST BERSAMA ALDI TAHER, OBROLAN PENUH FILOSOFIS;Tirta PengPengPeng;@niaandriati2807;Aku nontonin apa sih ini??  😭😭😂😂;2026-05-10T12:38:10Z;0;saya nontonin apa sih ini;negatif;0.9939
41itFALrNU8;#ngopenk  PODCAST BERSAMA ALDI TAHER, OBROLAN PENUH FILOSOFIS;Tirta PengPengPeng;@naufalrsky1010;Podcast apa sih ini😂😂😂;2026-05-10T12:30:41Z;0;podcast apa sih ini;negatif;0.9846
41itFALrNU8;#ngopenk  PODCAST BERSAMA ALDI TAHER, OBROLAN PENUH FILOSOFIS;Tirta PengPengPeng;@lutfiafrizalakbar7131;ajigg haruss ada part 2 ini wkwkwkwkwkwkwk;2026-05-10T12:29:30Z;0;ajigg haruss ada part ini wkwkwkwkwkwkwk;negatif;0.6956
41itFALrNU8;#ngopenk  PODCAST BERSAMA ALDI TAHER, OBROLAN PENUH FILOSOFIS;Tirta PengPengPeng;@ARTIST_ns-k4k;ya Allah gapapa kan nonton iniii😭;2026-05-10T11:35:21Z;0;ya allah tidak apa-apa kan nonton inii;negatif;0.9938
41itFALrNU8;#ngopenk  PODCAST BERSAMA ALDI TAHER, OBROLAN PENUH FILOSOFIS;Tirta PengPengPeng;@Jiwoqlis;Dok Tirta ketemu PAWANG😂😂😂😂😂😂;2026-05-10T11:25:53Z;0;dok tirta ketemu pawang;netral;0.9758
41itFALrNU8;#ngopenk  PODCAST BERSAMA ALDI TAHER, OBROLAN PENUH FILOSOFIS;Tirta PengPengPeng;@syarnidiafaiviana;deskripsi serius potcast misterius;2026-05-10T11:23:06Z;0;deskripsi serius potcast misterius;negatif;0.5187
41itFALrNU8;#ngopenk  PODCAST BERSAMA ALDI TAHER, OBROLAN PENUH FILOSOFIS;Tirta PengPengPeng;@aniwarnengsih4556;Herman 1;2026-05-10T11:17:22Z;0;herman;netral;0.9615
41itFALrNU8;#ngopenk  PODCAST BERSAMA ALDI TAHER, OBROLAN PENUH FILOSOFIS;Tirta PengPengPeng;@vigavsa5779;Yang nonton ga kalah plenger;2026-05-10T11:15:45Z;0;yang nonton tidak kalah plenger;positif;0.9969
41itFALrNU8;#ngopenk  PODCAST BERSAMA ALDI TAHER, OBROLAN PENUH FILOSOFIS;Tirta PengPengPeng;@elmabaru914;nguras energi bangettt nontonya 😭😭;2026-05-10T11:10:07Z;0;nguras energi sangat nontonya;negatif;0.9823
41itFALrNU8;#ngopenk  PODCAST BERSAMA ALDI TAHER, OBROLAN PENUH FILOSOFIS;Tirta PengPengPeng;@JABEANSID;vo = voice over;2026-05-10T10:38:10Z;0;vo voice over;netral;0.9801
41itFALrNU8;#ngopenk  PODCAST BERSAMA ALDI TAHER, OBROLAN PENUH FILOSOFIS;Tirta PengPengPeng;@rizky1992able;Ini tuh sebenernya ngobrolin apa? 😂;2026-05-10T10:36:34Z;0;ini tuh sebenarnya ngobrolin apa;negatif;0.9955
41itFALrNU8;#ngopenk  PODCAST BERSAMA ALDI TAHER, OBROLAN PENUH FILOSOFIS;Tirta PengPengPeng;@boshidodinala5063;"Podcast burger spesial ni.
Isinya daging .. 😊";2026-05-10T09:43:12Z;0;podcast burger spesial ini isinya daging;positif;0.6128
41itFALrNU8;#ngopenk  PODCAST BERSAMA ALDI TAHER, OBROLAN PENUH FILOSOFIS;Tirta PengPengPeng;@firafebrina3073;ternyata sefrekuensi;2026-05-10T09:23:29Z;0;ternyata sefrekuensi;negatif;0.8846
41itFALrNU8;#ngopenk  PODCAST BERSAMA ALDI TAHER, OBROLAN PENUH FILOSOFIS;Tirta PengPengPeng;@Bellaichwana;Seng nang podcast wes jelas gendeng, tp seng nonton luwih gendeng, buktine d tonton sampe buyar hahahahah;2026-05-10T09:20:47Z;0;seng nang podcast wes jelas gendeng tapi seng nonton luwih gendeng buktine d tonton sampai buyar hahahahah;negatif;0.9751
41itFALrNU8;#ngopenk  PODCAST BERSAMA ALDI TAHER, OBROLAN PENUH FILOSOFIS;Tirta PengPengPeng;@ummuabang;Dr tirta ketemu pawangnya;2026-05-10T08:41:26Z;0;dari tirta ketemu pawangnya;netral;0.9614
41itFALrNU8;#ngopenk  PODCAST BERSAMA ALDI TAHER, OBROLAN PENUH FILOSOFIS;Tirta PengPengPeng;@maulanasyaikhan9597;Baru kali ini ada tamu podcast jalan jalan mulu;2026-05-10T08:33:33Z;0;baru kali ini ada tamu podcast jalan jalan terus;netral;0.8616
41itFALrNU8;#ngopenk  PODCAST BERSAMA ALDI TAHER, OBROLAN PENUH FILOSOFIS;Tirta PengPengPeng;@ImamSantoso-t8m;Aldi Taher itu sebenarnya kenapa sich;2026-05-10T08:33:05Z;0;aldi taher itu sebenarnya kenapa sich;negatif;0.9794
41itFALrNU8;#ngopenk  PODCAST BERSAMA ALDI TAHER, OBROLAN PENUH FILOSOFIS;Tirta PengPengPeng;@aisyahputri3689;Dan keplengeran ini ku tonton smpe abis😂;2026-05-10T08:31:47Z;0;dan keplengeran ini ku tonton sampai abis;negatif;0.9837
41itFALrNU8;#ngopenk  PODCAST BERSAMA ALDI TAHER, OBROLAN PENUH FILOSOFIS;Tirta PengPengPeng;@shasimaretaa;GUA NONTON APASIH😭😭😭😭😭😭;2026-05-10T08:22:56Z;0;saya nonton apasih;negatif;0.4683
41itFALrNU8;#ngopenk  PODCAST BERSAMA ALDI TAHER, OBROLAN PENUH FILOSOFIS;Tirta PengPengPeng;@anisanurmaidah2547;Gua capek banget nonton ini😂😂😂😂;2026-05-10T07:34:46Z;0;saya capai sekali nonton ini;negatif;0.9936
41itFALrNU8;#ngopenk  PODCAST BERSAMA ALDI TAHER, OBROLAN PENUH FILOSOFIS;Tirta PengPengPeng;@nurikays3136;Dari awal sampai akhir ngga berenti ketawa 😂;2026-05-10T07:32:27Z;0;dari awal sampai akhir tidak berhenti tertawa;positif;0.8859
41itFALrNU8;#ngopenk  PODCAST BERSAMA ALDI TAHER, OBROLAN PENUH FILOSOFIS;Tirta PengPengPeng;@Johanyell;Pancen asuu kok, tak tinggal kedip wes ganti topik😂;2026-05-10T07:20:30Z;0;pancen asuu kok tak tinggal kedip wes ganti topik;negatif;0.9925
41itFALrNU8;#ngopenk  PODCAST BERSAMA ALDI TAHER, OBROLAN PENUH FILOSOFIS;Tirta PengPengPeng;@ikan_kan;podcast apasih ini😭;2026-05-10T07:06:57Z;0;podcast apasih ini;negatif;0.9552
41itFALrNU8;#ngopenk  PODCAST BERSAMA ALDI TAHER, OBROLAN PENUH FILOSOFIS;Tirta PengPengPeng;@pipaocta;podcast berasa di rumah sendiri KWKWKKW 😂😂😂;2026-05-10T07:05:30Z;0;podcast berasa di rumah sendiri kwkwkkw;netral;0.7533
41itFALrNU8;#ngopenk  PODCAST BERSAMA ALDI TAHER, OBROLAN PENUH FILOSOFIS;Tirta PengPengPeng;@han-o9u;absolute cinema;2026-05-10T07:04:24Z;0;absolute cinema;positif;0.7697
41itFALrNU8;#ngopenk  PODCAST BERSAMA ALDI TAHER, OBROLAN PENUH FILOSOFIS;Tirta PengPengPeng;@annalysa67;"ini tayangan yg bikin aq happy tanpa syarat.. tanpa mikir, 
nada rendah bang Aldi kupakai utk komunikasi dg pasangan yg sdg nada tinggi.. masyaa Allah berhasil reda tuh marahnya❤❤❤❤ nuhun bang Aldi";2026-05-10T06:53:51Z;1;ini tayangan yang bikin saya happy tanpa syarat tanpa mikir nada rendah bang aldi kupakai untuk komunikasi dengan pasangan yang sedang nada tinggi masyaa allah berhasil reda tuh marahnya nuhun bang aldi;negatif;0.9892
41itFALrNU8;#ngopenk  PODCAST BERSAMA ALDI TAHER, OBROLAN PENUH FILOSOFIS;Tirta PengPengPeng;@AliVara-hy3tx;counternya dr tirta ternyata aldi taher;2026-05-10T06:49:51Z;1;counternya dari tirta ternyata aldi taher;netral;0.9526
41itFALrNU8;#ngopenk  PODCAST BERSAMA ALDI TAHER, OBROLAN PENUH FILOSOFIS;Tirta PengPengPeng;@cindull_;Sepertinya disini dr tirta menjadi spesial manusia jg;2026-05-10T06:22:32Z;0;sepertinya disini dari tirta menjadi spesial manusia juga;negatif;0.4839
41itFALrNU8;#ngopenk  PODCAST BERSAMA ALDI TAHER, OBROLAN PENUH FILOSOFIS;Tirta PengPengPeng;@yenifatmasari4664;Ini arahnya ke mana🥹🤣🤣🤣;2026-05-10T06:21:25Z;0;ini arahnya ke mana;negatif;0.3566
41itFALrNU8;#ngopenk  PODCAST BERSAMA ALDI TAHER, OBROLAN PENUH FILOSOFIS;Tirta PengPengPeng;@Dimas-h4y4f;Bahas apa sih ini😂;2026-05-10T06:08:49Z;0;bahas apa sih ini;negatif;0.9931
41itFALrNU8;#ngopenk  PODCAST BERSAMA ALDI TAHER, OBROLAN PENUH FILOSOFIS;Tirta PengPengPeng;@SiBull;Ini kelas si;2026-05-10T05:55:44Z;0;ini kelas si;negatif;0.9951
41itFALrNU8;#ngopenk  PODCAST BERSAMA ALDI TAHER, OBROLAN PENUH FILOSOFIS;Tirta PengPengPeng;@AlFattah-o7s;Gatau lah yang penting ngakak😂;2026-05-10T05:53:52Z;0;tidak tahu lah yang penting terbahak-bahak;negatif;0.995
41itFALrNU8;#ngopenk  PODCAST BERSAMA ALDI TAHER, OBROLAN PENUH FILOSOFIS;Tirta PengPengPeng;@cipoetcupid;ini podcast isinya penting bgt 😂😂;2026-05-10T05:50:26Z;0;ini podcast isinya penting sangat;positif;0.9963
41itFALrNU8;#ngopenk  PODCAST BERSAMA ALDI TAHER, OBROLAN PENUH FILOSOFIS;Tirta PengPengPeng;@erlandwiputra8124;Kacau;2026-05-10T05:43:42Z;0;kacau;negatif;0.996
41itFALrNU8;#ngopenk  PODCAST BERSAMA ALDI TAHER, OBROLAN PENUH FILOSOFIS;Tirta PengPengPeng;@yogipraicelevario8237;"Mbg (mineblowing) 🗿
Indra dan rigen (IR) ❌
Tirta dan taher (TT) ☑️";2026-05-10T05:36:38Z;1;mbg mineblowing indra dan rigen ir tirta dan taher tt;netral;0.9762
41itFALrNU8;#ngopenk  PODCAST BERSAMA ALDI TAHER, OBROLAN PENUH FILOSOFIS;Tirta PengPengPeng;@KaptenSudirman11;iq gue yang menurun keserep ni dua orang;2026-05-10T05:25:43Z;0;iq saya yang menurun keserep ini dua orang;negatif;0.9845
41itFALrNU8;#ngopenk  PODCAST BERSAMA ALDI TAHER, OBROLAN PENUH FILOSOFIS;Tirta PengPengPeng;@roastftbl;badjingseng;2026-05-10T05:22:36Z;0;badjingseng;netral;0.8095
41itFALrNU8;#ngopenk  PODCAST BERSAMA ALDI TAHER, OBROLAN PENUH FILOSOFIS;Tirta PengPengPeng;@guaganteng6364;Podcast hilang arah;2026-05-10T05:21:30Z;0;podcast hilang arah;negatif;0.9388
41itFALrNU8;#ngopenk  PODCAST BERSAMA ALDI TAHER, OBROLAN PENUH FILOSOFIS;Tirta PengPengPeng;@HwYaHw;Wkwwkk...15menit pertama banyakan absen nama🤣 kuat2an mental lu dok sama pasien😅;2026-05-10T05:20:21Z;0;wkwwkk 15menit pertama banyakan absen nama kuat2an mental kamu dok sama pasien;netral;0.4377
41itFALrNU8;#ngopenk  PODCAST BERSAMA ALDI TAHER, OBROLAN PENUH FILOSOFIS;Tirta PengPengPeng;@gantengbangetaku123;Cameraman kerja keras hahaha;2026-05-10T05:10:36Z;1;cameraman kerja keras hahaha;negatif;0.9838
41itFALrNU8;#ngopenk  PODCAST BERSAMA ALDI TAHER, OBROLAN PENUH FILOSOFIS;Tirta PengPengPeng;@aisyasofia7112;Ngga bisa bayangin kalo dr tirta, Aldi tahir sama fajar sadboy d satu in😂;2026-05-10T04:35:27Z;0;tidak bisa bayangin kalau dari tirta aldi tahir sama fajar sadboy d satu in;netral;0.6782
41itFALrNU8;#ngopenk  PODCAST BERSAMA ALDI TAHER, OBROLAN PENUH FILOSOFIS;Tirta PengPengPeng;@diahfitrianti6581;"Keren dr Tirta, respek banget sama Aldi Taher...
Super banget dok❤";2026-05-10T04:25:43Z;0;keren dari tirta respek sekali sama aldi taher super sekali dok;positif;0.9972
41itFALrNU8;#ngopenk  PODCAST BERSAMA ALDI TAHER, OBROLAN PENUH FILOSOFIS;Tirta PengPengPeng;@ErvaliaYuandraGustiani;WKWKWKWW NGAKAK😭😭😭;2026-05-10T04:25:21Z;0;wkwkwkww terbahak-bahak;netral;0.87
41itFALrNU8;#ngopenk  PODCAST BERSAMA ALDI TAHER, OBROLAN PENUH FILOSOFIS;Tirta PengPengPeng;@gadisfauziyah1259;😂😂;2026-05-10T04:19:54Z;0;;positif;0.8912
41itFALrNU8;#ngopenk  PODCAST BERSAMA ALDI TAHER, OBROLAN PENUH FILOSOFIS;Tirta PengPengPeng;@mbahekadabra4766;PUSSSSIIIIING;2026-05-10T04:06:36Z;1;pussiing;negatif;0.6152
41itFALrNU8;#ngopenk  PODCAST BERSAMA ALDI TAHER, OBROLAN PENUH FILOSOFIS;Tirta PengPengPeng;@novitapermatasari5872;gue yg stress jadinya nonton ini😭;2026-05-10T03:56:42Z;0;saya yang stress jadinya nonton ini;negatif;0.9956
41itFALrNU8;#ngopenk  PODCAST BERSAMA ALDI TAHER, OBROLAN PENUH FILOSOFIS;Tirta PengPengPeng;@34.resakurnia5d3;Sebenernya ini podcast apaa😭😭😭;2026-05-10T03:51:21Z;0;sebenarnya ini podcast apaa;negatif;0.9842
41itFALrNU8;#ngopenk  PODCAST BERSAMA ALDI TAHER, OBROLAN PENUH FILOSOFIS;Tirta PengPengPeng;@rizkaamaliarah;Diatas bayar ada berkah. Mantappp bang Aldiii 😂😂😂😂;2026-05-10T03:42:53Z;0;diatas bayar ada berkah mantapp bang aldii;positif;0.9973
41itFALrNU8;#ngopenk  PODCAST BERSAMA ALDI TAHER, OBROLAN PENUH FILOSOFIS;Tirta PengPengPeng;@saylab;Dia bisa serius gasi? Sama kya komeng susah bgt ngobrol serius 😂;2026-05-10T03:42:31Z;0;dia bisa serius gasi sama kya komeng susah sangat bicara serius;negatif;0.9902
41itFALrNU8;#ngopenk  PODCAST BERSAMA ALDI TAHER, OBROLAN PENUH FILOSOFIS;Tirta PengPengPeng;@rizkaamaliarah;Gilaa ngakakkk gakk jelasss banget ini 😂😂😂😂;2026-05-10T03:40:57Z;0;gilaa ngakakk gakk jelass sekali ini;negatif;0.9961
41itFALrNU8;#ngopenk  PODCAST BERSAMA ALDI TAHER, OBROLAN PENUH FILOSOFIS;Tirta PengPengPeng;@tinomomon9065;aku kalo ngobrol kaya aldi taher gini tapi dikatain gajelas 😅;2026-05-10T03:26:39Z;0;saya kalau bicara kaya aldi taher gini tapi dikatain tidak jelas;negatif;0.9937
41itFALrNU8;#ngopenk  PODCAST BERSAMA ALDI TAHER, OBROLAN PENUH FILOSOFIS;Tirta PengPengPeng;@affifmohamad575;kalo channel ini ibarat garmen gede, tayangan ini gombal perca, kaya sisa sisa tayangan dijadiin satu. gada isinyaaaa 😭😭😭;2026-05-10T02:59:41Z;0;kalau channel ini ibarat garmen gede tayangan ini gombal perca kaya sisa sisa tayangan dijadikan satu tidak ada isinyaa;negatif;0.9959
41itFALrNU8;#ngopenk  PODCAST BERSAMA ALDI TAHER, OBROLAN PENUH FILOSOFIS;Tirta PengPengPeng;@dimasuntungwaluyo9119;Kayaknya klo bisa nonton langsung gw bakal ngakak terus😂😂😂 bisa ga sih nonton langsung di studio??? Boleh ga dr tirta??;2026-05-10T02:38:11Z;0;kayaknya kalau bisa nonton langsung saya bakal terbahak-bahak terus bisa tidak sih nonton langsung di studio boleh tidak dari tirta;positif;0.4607
41itFALrNU8;#ngopenk  PODCAST BERSAMA ALDI TAHER, OBROLAN PENUH FILOSOFIS;Tirta PengPengPeng;@annisakesumaningrum22;"Ini podcast di luar nalar. Kok bisa nyatuin dr. Tirta sama Aldi taher 😂😂
dr. Tirta aslinya sopan dan baik banget pastinya. Tahu kalau Aldi jauh lebih tua, walaupun plenger juga dia masih respect. Dan terbukti butuh IQ tinggi buat nanggepin Aldi 😂😂😂";2026-05-10T02:34:27Z;0;ini podcast di luar nalar kok bisa nyatuin dari tirta sama aldi taher dari tirta aslinya sopan dan baik sekali pastinya tahu kalau aldi jauh lebih tua walaupun plenger juga dia masih respect dan terbukti butuh iq tinggi buat nanggepin aldi;positif;0.9561
41itFALrNU8;#ngopenk  PODCAST BERSAMA ALDI TAHER, OBROLAN PENUH FILOSOFIS;Tirta PengPengPeng;@dimasuntungwaluyo9119;Hanya dr tirta yg mengerti aldi taher👏👏👏👏👏;2026-05-10T02:22:18Z;0;hanya dari tirta yang mengerti aldi taher;netral;0.5851
41itFALrNU8;#ngopenk  PODCAST BERSAMA ALDI TAHER, OBROLAN PENUH FILOSOFIS;Tirta PengPengPeng;@yogisetiyaningsih8654;Mereka berdua jadi plenger abiezz😭😭😭;2026-05-10T01:33:47Z;0;mereka berdua jadi plenger abiezz;positif;0.4976
41itFALrNU8;#ngopenk  PODCAST BERSAMA ALDI TAHER, OBROLAN PENUH FILOSOFIS;Tirta PengPengPeng;@irsyadnuranshori;beda kedipan beda topik 😂;2026-05-10T01:22:13Z;0;beda kedipan beda topik;positif;0.4846
41itFALrNU8;#ngopenk  PODCAST BERSAMA ALDI TAHER, OBROLAN PENUH FILOSOFIS;Tirta PengPengPeng;@Ahnaf-f7v;Podcast wong stress😭😭;2026-05-10T01:18:38Z;0;podcast wong stress;negatif;0.9943
41itFALrNU8;#ngopenk  PODCAST BERSAMA ALDI TAHER, OBROLAN PENUH FILOSOFIS;Tirta PengPengPeng;@Hsnlinyhhhhhh;Ngakak 🤣🤣🤣🤣;2026-05-10T01:16:43Z;0;terbahak-bahak;positif;0.6179
41itFALrNU8;#ngopenk  PODCAST BERSAMA ALDI TAHER, OBROLAN PENUH FILOSOFIS;Tirta PengPengPeng;@rose_elf88;"Masya Alloh, dokter Tirta pandai mainkan peran. 
Sama dr. Gia bisa jadi villain, di sini bisa jadi Protagonist.😊";2026-05-10T01:11:07Z;0;masya alloh dokter tirta pandai mainkan peran sama dari gia bisa jadi villain di sini bisa jadi protagonist;positif;0.5327
41itFALrNU8;#ngopenk  PODCAST BERSAMA ALDI TAHER, OBROLAN PENUH FILOSOFIS;Tirta PengPengPeng;@nuruloktaviaini8335;16:21  perkara melon 😂😂 mataneee;2026-05-10T01:08:46Z;1;perkara melon matanee;positif;0.7237
41itFALrNU8;#ngopenk  PODCAST BERSAMA ALDI TAHER, OBROLAN PENUH FILOSOFIS;Tirta PengPengPeng;@linnn5519;obrolan kosong wkwk langsung beda topik;2026-05-09T22:39:51Z;0;obrolan kosong wkwk langsung beda topik;netral;0.8936
41itFALrNU8;#ngopenk  PODCAST BERSAMA ALDI TAHER, OBROLAN PENUH FILOSOFIS;Tirta PengPengPeng;@eliteloopup098;❤❤😂😂😂 kalian lucu seru bikin seneng;2026-05-09T22:26:13Z;0;kalian lucu seru bikin senang;positif;0.9974
41itFALrNU8;#ngopenk  PODCAST BERSAMA ALDI TAHER, OBROLAN PENUH FILOSOFIS;Tirta PengPengPeng;@KholiliNelsen;Baru liat podcast pertamanya alfatihah dulu😭🤣;2026-05-09T22:02:47Z;0;baru liat podcast pertamanya alfatihah dulu;netral;0.9745
41itFALrNU8;#ngopenk  PODCAST BERSAMA ALDI TAHER, OBROLAN PENUH FILOSOFIS;Tirta PengPengPeng;@Avif-ks9vt;Ngakak bangettt baru kali ini aku suka podcast alditaher sama dr tirta;2026-05-09T21:27:46Z;0;terbahak-bahak sangat baru kali ini saya suka podcast alditaher sama dari tirta;positif;0.9966
41itFALrNU8;#ngopenk  PODCAST BERSAMA ALDI TAHER, OBROLAN PENUH FILOSOFIS;Tirta PengPengPeng;@Geadaya-h1j;Abang siapa ya? 😂;2026-05-09T21:10:07Z;0;abang siapa ya;negatif;0.9513
41itFALrNU8;#ngopenk  PODCAST BERSAMA ALDI TAHER, OBROLAN PENUH FILOSOFIS;Tirta PengPengPeng;@RifdhoAlfiandra;ngakak anj;2026-05-09T20:02:13Z;0;terbahak-bahak anj;positif;0.8544
41itFALrNU8;#ngopenk  PODCAST BERSAMA ALDI TAHER, OBROLAN PENUH FILOSOFIS;Tirta PengPengPeng;@deaddust;obrolan yang didenger pas baru bangun tidur;2026-05-09T19:44:07Z;0;obrolan yang didengar pas baru bangun tidur;positif;0.5509
41itFALrNU8;#ngopenk  PODCAST BERSAMA ALDI TAHER, OBROLAN PENUH FILOSOFIS;Tirta PengPengPeng;@bungatrisilia5497;sefrekuensi anjir;2026-05-09T19:42:45Z;0;sefrekuensi anjir;netral;0.9169
41itFALrNU8;#ngopenk  PODCAST BERSAMA ALDI TAHER, OBROLAN PENUH FILOSOFIS;Tirta PengPengPeng;@HadidAlmatien;Semua burung ????;2026-05-09T19:15:11Z;0;semua burung;positif;0.909
41itFALrNU8;#ngopenk  PODCAST BERSAMA ALDI TAHER, OBROLAN PENUH FILOSOFIS;Tirta PengPengPeng;@deaddust;HERMAN 1;2026-05-09T19:10:12Z;0;herman;netral;0.9615
41itFALrNU8;#ngopenk  PODCAST BERSAMA ALDI TAHER, OBROLAN PENUH FILOSOFIS;Tirta PengPengPeng;@cellaluada;ngeliat ini setiap menitnya iqnya jadi turun;2026-05-09T17:53:45Z;0;ngeliat ini setiap menitnya iqnya jadi turun;negatif;0.9883
41itFALrNU8;#ngopenk  PODCAST BERSAMA ALDI TAHER, OBROLAN PENUH FILOSOFIS;Tirta PengPengPeng;@kapallaut6509;pov: dr. tirta males debat😂;2026-05-09T17:13:36Z;0;pov dari tirta males debat;netral;0.9615
41itFALrNU8;#ngopenk  PODCAST BERSAMA ALDI TAHER, OBROLAN PENUH FILOSOFIS;Tirta PengPengPeng;@muhammaddjffj;Dokter tirta udjang ustad Felix dong;2026-05-09T17:09:45Z;0;dokter tirta udjang ustad felix dong;negatif;0.8423
41itFALrNU8;#ngopenk  PODCAST BERSAMA ALDI TAHER, OBROLAN PENUH FILOSOFIS;Tirta PengPengPeng;@kapallaut6509;definisi kesabaran dr. gia menular ke dr. tirta😂;2026-05-09T16:57:19Z;0;definisi kesabaran dari gia menular ke dari tirta;netral;0.7112
41itFALrNU8;#ngopenk  PODCAST BERSAMA ALDI TAHER, OBROLAN PENUH FILOSOFIS;Tirta PengPengPeng;@orangimuttt3_3;kaya obrolan yg gua banyangin pas lagi sakitt😢😢;2026-05-09T16:57:19Z;0;kaya obrolan yang saya banyangin pas lagi sakitt;negatif;0.8214
41itFALrNU8;#ngopenk  PODCAST BERSAMA ALDI TAHER, OBROLAN PENUH FILOSOFIS;Tirta PengPengPeng;@radiologirsip1066;Dr Tirta ternyata sabar syekhaliiiiiiii;2026-05-09T16:10:09Z;0;dari tirta ternyata sabar syekhalii;positif;0.8828
41itFALrNU8;#ngopenk  PODCAST BERSAMA ALDI TAHER, OBROLAN PENUH FILOSOFIS;Tirta PengPengPeng;@seShasy;pemarah vs sumber amarah 😭🙏🏻;2026-05-09T16:09:25Z;0;pemarah vs sumber amarah;negatif;0.9954
41itFALrNU8;#ngopenk  PODCAST BERSAMA ALDI TAHER, OBROLAN PENUH FILOSOFIS;Tirta PengPengPeng;@novianlintang8434;Iki mbahas opo seh 😂;2026-05-09T16:06:14Z;0;iki mbahas opo seh;negatif;0.9927
41itFALrNU8;#ngopenk  PODCAST BERSAMA ALDI TAHER, OBROLAN PENUH FILOSOFIS;Tirta PengPengPeng;@rizkimisbah5259;gua pusing liatnya ini gmna 🤣;2026-05-09T16:04:30Z;0;saya pusing liatnya ini bagaimana;negatif;0.9959
41itFALrNU8;#ngopenk  PODCAST BERSAMA ALDI TAHER, OBROLAN PENUH FILOSOFIS;Tirta PengPengPeng;@midahidayanti5300;Ikut gila w😂;2026-05-09T15:50:44Z;0;ikut gila saya;negatif;0.9959
41itFALrNU8;#ngopenk  PODCAST BERSAMA ALDI TAHER, OBROLAN PENUH FILOSOFIS;Tirta PengPengPeng;@HuhuOsloo;Gampang banget kena distract cuyyy 😭😭😭 beda detik beda topik lagi;2026-05-09T15:36:45Z;0;gampang sekali kena distract cuyy beda detik beda topik lagi;negatif;0.4917
41itFALrNU8;#ngopenk  PODCAST BERSAMA ALDI TAHER, OBROLAN PENUH FILOSOFIS;Tirta PengPengPeng;@HuhuOsloo;Podcast terplenger yang pernah gue tonton 😭😭😭😭😭 ngakak bgt;2026-05-09T15:36:12Z;0;podcast terplenger yang pernah saya tonton terbahak-bahak sangat;positif;0.9848
41itFALrNU8;#ngopenk  PODCAST BERSAMA ALDI TAHER, OBROLAN PENUH FILOSOFIS;Tirta PengPengPeng;@abisuryo7246;Bahagia banget nih kembar siam;2026-05-09T15:26:48Z;0;bahagia sekali nih kembar siam;positif;0.9974
41itFALrNU8;#ngopenk  PODCAST BERSAMA ALDI TAHER, OBROLAN PENUH FILOSOFIS;Tirta PengPengPeng;@liii-nd1pf;dari awal sampai akhir ngakak terus😭😭;2026-05-09T15:25:56Z;0;dari awal sampai akhir terbahak-bahak terus;negatif;0.9739
41itFALrNU8;#ngopenk  PODCAST BERSAMA ALDI TAHER, OBROLAN PENUH FILOSOFIS;Tirta PengPengPeng;@couchpotatooo7085;Kaya mimpi pas demam;2026-05-09T15:16:27Z;0;kaya mimpi pas demam;negatif;0.5529
41itFALrNU8;#ngopenk  PODCAST BERSAMA ALDI TAHER, OBROLAN PENUH FILOSOFIS;Tirta PengPengPeng;@Rumah_Ilmu_Channel;WKWKWKWKWKWKWKWKWKW NGAKAK BANGEEEEETTTTT;2026-05-09T15:13:55Z;0;wkwkwkwkwkwkwkwkwkw terbahak-bahak bangeett;negatif;0.9443
41itFALrNU8;#ngopenk  PODCAST BERSAMA ALDI TAHER, OBROLAN PENUH FILOSOFIS;Tirta PengPengPeng;@andreelubis4839;Ini podcast apaan yaa 😂😂;2026-05-09T15:10:11Z;0;ini podcast apaan yaa;negatif;0.9924
41itFALrNU8;#ngopenk  PODCAST BERSAMA ALDI TAHER, OBROLAN PENUH FILOSOFIS;Tirta PengPengPeng;@widyajojo964;dr tirta ternyata sabar juga ya..;2026-05-09T15:06:33Z;0;dari tirta ternyata sabar juga ya;negatif;0.995
41itFALrNU8;#ngopenk  PODCAST BERSAMA ALDI TAHER, OBROLAN PENUH FILOSOFIS;Tirta PengPengPeng;@ulyarif;Iki opo seeeh😂;2026-05-09T15:05:04Z;0;iki opo seeh;negatif;0.9749
41itFALrNU8;#ngopenk  PODCAST BERSAMA ALDI TAHER, OBROLAN PENUH FILOSOFIS;Tirta PengPengPeng;@Rohman_wahid;Anjir dengerin aja udah capek banget 🤣🤣;2026-05-09T15:04:45Z;0;anjir dengerin saja sudah capai sekali;negatif;0.9901
41itFALrNU8;#ngopenk  PODCAST BERSAMA ALDI TAHER, OBROLAN PENUH FILOSOFIS;Tirta PengPengPeng;@aadismyy;SERUUUUUUUU;2026-05-09T15:02:27Z;0;seruu;negatif;0.9543
41itFALrNU8;#ngopenk  PODCAST BERSAMA ALDI TAHER, OBROLAN PENUH FILOSOFIS;Tirta PengPengPeng;@andreelubis4839;Original!;2026-05-09T14:58:50Z;0;original;positif;0.8664
41itFALrNU8;#ngopenk  PODCAST BERSAMA ALDI TAHER, OBROLAN PENUH FILOSOFIS;Tirta PengPengPeng;@ernaluve;Ya Allah capek banget ngetawain dr Tirta & Aldi Taher 😂😂😂😂;2026-05-09T14:58:37Z;0;ya allah capai sekali ngetawain dari tirta aldi taher;negatif;0.9926
41itFALrNU8;#ngopenk  PODCAST BERSAMA ALDI TAHER, OBROLAN PENUH FILOSOFIS;Tirta PengPengPeng;@chamdanikholis4814;IQ saya jd naik turun ngliat Chanel ini....😂😂;2026-05-09T14:48:06Z;0;iq saya jadi naik turun ngliat chanel ini;netral;0.4823
41itFALrNU8;#ngopenk  PODCAST BERSAMA ALDI TAHER, OBROLAN PENUH FILOSOFIS;Tirta PengPengPeng;@Nabilanurrohmah75;GUE CAPE NGETAWAIN TIAP DETIK😭😭;2026-05-09T14:46:50Z;0;saya capai ngetawain tiap detik;negatif;0.8776
41itFALrNU8;#ngopenk  PODCAST BERSAMA ALDI TAHER, OBROLAN PENUH FILOSOFIS;Tirta PengPengPeng;@juremyfao;herman1;2026-05-09T14:43:31Z;0;herman1;netral;0.8509
41itFALrNU8;#ngopenk  PODCAST BERSAMA ALDI TAHER, OBROLAN PENUH FILOSOFIS;Tirta PengPengPeng;@farahdyba592;obrolan sesama pasien😭;2026-05-09T14:36:14Z;0;obrolan sesama pasien;netral;0.9584
41itFALrNU8;#ngopenk  PODCAST BERSAMA ALDI TAHER, OBROLAN PENUH FILOSOFIS;Tirta PengPengPeng;@sofhagledek403;Anak gw sama temennya ngobrol aja ga sebegininya om 😅;2026-05-09T14:35:23Z;0;anak saya sama temennya bicara saja tidak sebegininya om;negatif;0.9458
41itFALrNU8;#ngopenk  PODCAST BERSAMA ALDI TAHER, OBROLAN PENUH FILOSOFIS;Tirta PengPengPeng;@ersyanihh;APAANSIH LUCU BGT TIAP MENIT KETAWA;2026-05-09T14:34:35Z;0;apaansih lucu sangat tiap menit tertawa;positif;0.9956
41itFALrNU8;#ngopenk  PODCAST BERSAMA ALDI TAHER, OBROLAN PENUH FILOSOFIS;Tirta PengPengPeng;@jenniejess2570;Capek Banget Nonton Aldi Taher 😂😂😂;2026-05-09T14:33:27Z;0;capai sekali nonton aldi taher;negatif;0.9902
41itFALrNU8;#ngopenk  PODCAST BERSAMA ALDI TAHER, OBROLAN PENUH FILOSOFIS;Tirta PengPengPeng;@caturpamungkas99;podcast opo ki ?;2026-05-09T14:30:09Z;0;podcast opo ki;netral;0.9751
41itFALrNU8;#ngopenk  PODCAST BERSAMA ALDI TAHER, OBROLAN PENUH FILOSOFIS;Tirta PengPengPeng;@farahdyba592;apasih ini😭🤣;2026-05-09T14:27:25Z;0;apasih ini;negatif;0.9805
41itFALrNU8;#ngopenk  PODCAST BERSAMA ALDI TAHER, OBROLAN PENUH FILOSOFIS;Tirta PengPengPeng;@aldi-ig5pn;Ak sk dr tita& bng aldi menghibur😅😅😅;2026-05-09T14:17:52Z;0;saya sk dari tita bng aldi menghibur;positif;0.9358
41itFALrNU8;#ngopenk  PODCAST BERSAMA ALDI TAHER, OBROLAN PENUH FILOSOFIS;Tirta PengPengPeng;@adeliaiwansaputra3824;sering sering colab pliss, lucuu cocok;2026-05-09T14:13:35Z;0;sering sering colab pliss lucuu cocok;positif;0.9967
41itFALrNU8;#ngopenk  PODCAST BERSAMA ALDI TAHER, OBROLAN PENUH FILOSOFIS;Tirta PengPengPeng;@kakinaruprojectfood1074;😂;2026-05-09T14:11:30Z;0;;positif;0.8912
41itFALrNU8;#ngopenk  PODCAST BERSAMA ALDI TAHER, OBROLAN PENUH FILOSOFIS;Tirta PengPengPeng;@farahdyba592;se frekuensi banget 😭;2026-05-09T14:01:04Z;0;se frekuensi sekali;positif;0.8221
41itFALrNU8;#ngopenk  PODCAST BERSAMA ALDI TAHER, OBROLAN PENUH FILOSOFIS;Tirta PengPengPeng;@Rinrin-w3k;kayak stress tapi dia asbunnya bener 😭😭😭;2026-05-09T13:59:28Z;0;mirip stress tapi dia asbunnya benar;negatif;0.9959
41itFALrNU8;#ngopenk  PODCAST BERSAMA ALDI TAHER, OBROLAN PENUH FILOSOFIS;Tirta PengPengPeng;@NaomiFebrianti-r2y;Obrolan taek;2026-05-09T13:49:48Z;0;obrolan taek;netral;0.8653
41itFALrNU8;#ngopenk  PODCAST BERSAMA ALDI TAHER, OBROLAN PENUH FILOSOFIS;Tirta PengPengPeng;@aeri_unchinaga00;nakal ihh😭😭😭;2026-05-09T13:37:48Z;0;nakal ihh;negatif;0.9961
41itFALrNU8;#ngopenk  PODCAST BERSAMA ALDI TAHER, OBROLAN PENUH FILOSOFIS;Tirta PengPengPeng;@aureeoct;asbun nya ngasbun banget😭;2026-05-09T13:36:00Z;1;asbun nya ngasbun sekali;negatif;0.9953
41itFALrNU8;#ngopenk  PODCAST BERSAMA ALDI TAHER, OBROLAN PENUH FILOSOFIS;Tirta PengPengPeng;@user-11912;❤ Arsenal 🤩 Manchester united 💚 chelsea 💯;2026-05-09T13:34:10Z;0;arsenal manchester united chelsea;netral;0.9524
41itFALrNU8;#ngopenk  PODCAST BERSAMA ALDI TAHER, OBROLAN PENUH FILOSOFIS;Tirta PengPengPeng;@oncomenak7383;"nontonya lucu, baca komenannya jg lucu"" 😂😂😂";2026-05-09T13:26:11Z;0;nontonya lucu baca komenannya juga lucu;positif;0.9939
41itFALrNU8;#ngopenk  PODCAST BERSAMA ALDI TAHER, OBROLAN PENUH FILOSOFIS;Tirta PengPengPeng;@kartikaade206;Hahah baru nonton beberapa detik tp udah ngakak😅;2026-05-09T13:23:40Z;0;hahah baru nonton beberapa detik tapi sudah terbahak-bahak;negatif;0.9958
41itFALrNU8;#ngopenk  PODCAST BERSAMA ALDI TAHER, OBROLAN PENUH FILOSOFIS;Tirta PengPengPeng;@merlin344;kosong nya ngosong banget;2026-05-09T13:10:33Z;0;kosong nya ngosong sekali;negatif;0.9962
41itFALrNU8;#ngopenk  PODCAST BERSAMA ALDI TAHER, OBROLAN PENUH FILOSOFIS;Tirta PengPengPeng;@BestYoung-o9u;Ngakak bet😂;2026-05-09T12:57:25Z;0;terbahak-bahak bet;positif;0.8495
41itFALrNU8;#ngopenk  PODCAST BERSAMA ALDI TAHER, OBROLAN PENUH FILOSOFIS;Tirta PengPengPeng;@SilvanaYasmin;dari awal sampe akhir nonton masih ga ngerti bahas apa 😭, tiap kedip beda topik;2026-05-09T12:56:40Z;0;dari awal sampai akhir nonton masih tidak ngerti bahas apa tiap kedip beda topik;negatif;0.9866
41itFALrNU8;#ngopenk  PODCAST BERSAMA ALDI TAHER, OBROLAN PENUH FILOSOFIS;Tirta PengPengPeng;@isnaayu_m;Emang malah aku yang jadi stress bang😭;2026-05-09T12:52:41Z;0;memang malah saya yang jadi stress bang;negatif;0.9958
41itFALrNU8;#ngopenk  PODCAST BERSAMA ALDI TAHER, OBROLAN PENUH FILOSOFIS;Tirta PengPengPeng;@Shatami93;Tim makan burger, makan kebab, pakai nasi 🙌🏻🙌🏻;2026-05-09T12:50:48Z;0;tim makan burger makan kebab pakai nasi;positif;0.9563
41itFALrNU8;#ngopenk  PODCAST BERSAMA ALDI TAHER, OBROLAN PENUH FILOSOFIS;Tirta PengPengPeng;@vuhaming;ternyata bener kawan pembicaraan bisa merubah orang;2026-05-09T12:43:08Z;0;ternyata benar kawan pembicaraan bisa merubah orang;negatif;0.8116
41itFALrNU8;#ngopenk  PODCAST BERSAMA ALDI TAHER, OBROLAN PENUH FILOSOFIS;Tirta PengPengPeng;@cihuyyyCH;nonton beginian iq gua naik❤❤❤;2026-05-09T12:28:24Z;0;nonton beginian iq saya naik;negatif;0.9799
41itFALrNU8;#ngopenk  PODCAST BERSAMA ALDI TAHER, OBROLAN PENUH FILOSOFIS;Tirta PengPengPeng;@najwapane6239;Ini kenapa gue nonton sih. Tapi lucunya sampe abis😂;2026-05-09T12:23:07Z;0;ini kenapa saya nonton sih tapi lucunya sampai abis;negatif;0.967
41itFALrNU8;#ngopenk  PODCAST BERSAMA ALDI TAHER, OBROLAN PENUH FILOSOFIS;Tirta PengPengPeng;@nisafamayaamalia1436;paling juarak ini sih... 😅😂;2026-05-09T12:16:01Z;0;paling juarak ini sih;positif;0.9922
41itFALrNU8;#ngopenk  PODCAST BERSAMA ALDI TAHER, OBROLAN PENUH FILOSOFIS;Tirta PengPengPeng;@mwadventure3323;Dr Tirta tersabar no 1;2026-05-09T12:04:49Z;0;dari tirta tersabar no;netral;0.9582
41itFALrNU8;#ngopenk  PODCAST BERSAMA ALDI TAHER, OBROLAN PENUH FILOSOFIS;Tirta PengPengPeng;@Mewiwi12;Akhirnyaa bisa menikmati jokes aldi taher saat usia gue udah  25 tahun ini 😭😭;2026-05-09T11:59:49Z;7;akhirnyaa bisa menikmati jokes aldi taher saat usia saya sudah tahun ini;positif;0.5902
41itFALrNU8;#ngopenk  PODCAST BERSAMA ALDI TAHER, OBROLAN PENUH FILOSOFIS;Tirta PengPengPeng;@DeviMya;Podcast apa sihh iniii 😂;2026-05-09T11:58:17Z;1;podcast apa sihh inii;negatif;0.993
41itFALrNU8;#ngopenk  PODCAST BERSAMA ALDI TAHER, OBROLAN PENUH FILOSOFIS;Tirta PengPengPeng;@rendouzlous6199;Hahahah;2026-05-09T11:40:12Z;0;hahahah;negatif;0.991
41itFALrNU8;#ngopenk  PODCAST BERSAMA ALDI TAHER, OBROLAN PENUH FILOSOFIS;Tirta PengPengPeng;@syifanuraeni4444;Ternyata counternya dr Tirta adalah Aldi Taher;2026-05-09T11:37:32Z;0;ternyata counternya dari tirta adalah aldi taher;netral;0.878
41itFALrNU8;#ngopenk  PODCAST BERSAMA ALDI TAHER, OBROLAN PENUH FILOSOFIS;Tirta PengPengPeng;@syifanuraeni4444;Dulu gue kira yang asbun itu Vicky Prasetyo, ternyata dia gaada apa apanya dibanding Aldi Taher;2026-05-09T11:36:32Z;0;dulu saya kira yang asbun itu vicky prasetyo ternyata dia tidak ada apa apanya dibanding aldi taher;negatif;0.9701
41itFALrNU8;#ngopenk  PODCAST BERSAMA ALDI TAHER, OBROLAN PENUH FILOSOFIS;Tirta PengPengPeng;@nakamijo7702;Ini ngobrolin apa njir;2026-05-09T11:27:57Z;0;ini ngobrolin apa njir;negatif;0.9955
41itFALrNU8;#ngopenk  PODCAST BERSAMA ALDI TAHER, OBROLAN PENUH FILOSOFIS;Tirta PengPengPeng;@SitiKhadijah-rx2xg;Baru x ini nonton brodcas seru bikin ngakak gk ngebosenin, sukses selalu untuk Adi Taher dan Dr.Tirta kalian luar biasa 🎉🎉👍👍;2026-05-09T11:26:44Z;0;baru x ini nonton brodcas seru bikin terbahak-bahak tidak ngebosenin sukses selalu untuk adi taher dan dari tirta kalian luar biasa;positif;0.995
41itFALrNU8;#ngopenk  PODCAST BERSAMA ALDI TAHER, OBROLAN PENUH FILOSOFIS;Tirta PengPengPeng;@keiko900;Harusnya cek tekanan darah abis podcast sama aldi taher dok wkwkwk;2026-05-09T11:15:43Z;0;harusnya cek tekanan darah abis podcast sama aldi taher dok wkwkwk;negatif;0.8161
41itFALrNU8;#ngopenk  PODCAST BERSAMA ALDI TAHER, OBROLAN PENUH FILOSOFIS;Tirta PengPengPeng;@mayangtrii;Podcast dokter Tirta terseru 🤣🤣🤣 jujur dokter Tirta bisa semenyenangkan ini jugaaa;2026-05-09T11:02:58Z;1;podcast dokter tirta terseru jujur dokter tirta bisa semenyenangkan ini jugaa;netral;0.9623
41itFALrNU8;#ngopenk  PODCAST BERSAMA ALDI TAHER, OBROLAN PENUH FILOSOFIS;Tirta PengPengPeng;@CitraCitra-n3p;Inginku berkata kasar hahahaha.. menghibur sekali 2 orang ini, seperti melihat 2 anak laki2 lagi main bareng..;2026-05-09T10:55:59Z;0;inginku berkata kasar hahahaha menghibur sekali orang ini seperti melihat anak laki2 lagi main bareng;negatif;0.9953
41itFALrNU8;#ngopenk  PODCAST BERSAMA ALDI TAHER, OBROLAN PENUH FILOSOFIS;Tirta PengPengPeng;@rizkichaniagooo;"Ini podcast apa weeyy
Ini menurutku podcast yg paling Ngakak dari awal sampe akhir😂😂😂";2026-05-09T10:49:33Z;2;ini podcast apa weeyy ini menurutku podcast yang paling terbahak-bahak dari awal sampai akhir;positif;0.9405
41itFALrNU8;#ngopenk  PODCAST BERSAMA ALDI TAHER, OBROLAN PENUH FILOSOFIS;Tirta PengPengPeng;@itzfayyaza;bahas apa sih 😭😭😭;2026-05-09T10:47:33Z;1;bahas apa sih;negatif;0.9462
41itFALrNU8;#ngopenk  PODCAST BERSAMA ALDI TAHER, OBROLAN PENUH FILOSOFIS;Tirta PengPengPeng;@channelsheill7104;😭😭😭😭😭😭😭;2026-05-09T10:40:42Z;0;;positif;0.8912
41itFALrNU8;#ngopenk  PODCAST BERSAMA ALDI TAHER, OBROLAN PENUH FILOSOFIS;Tirta PengPengPeng;@SoniGalang-9;gini doang 49 menit, ga kebayang klo omongan aldi dibantah trus ngajak debat😂😂😂;2026-05-09T10:39:09Z;44;gini saja menit tidak kebayang kalau omongan aldi dibantah terus mengajak debat;negatif;0.9906
41itFALrNU8;#ngopenk  PODCAST BERSAMA ALDI TAHER, OBROLAN PENUH FILOSOFIS;Tirta PengPengPeng;@Haaa121;Ini yg dibahas apa?? 😭;2026-05-09T10:23:22Z;1;ini yang dibahas apa;negatif;0.9169
41itFALrNU8;#ngopenk  PODCAST BERSAMA ALDI TAHER, OBROLAN PENUH FILOSOFIS;Tirta PengPengPeng;@riaadriyani5575;Hahahahaha... Heran ma diri w, kok bisa ya nonton Ampe abis, ngakak... Tapi gak tau yg dibahas apaan😂😂;2026-05-09T09:51:23Z;2;hahahahaha heran ma diri saya kok bisa ya nonton ampe abis terbahak-bahak tapi tidak tahu yang dibahas apaan;negatif;0.9957
41itFALrNU8;#ngopenk  PODCAST BERSAMA ALDI TAHER, OBROLAN PENUH FILOSOFIS;Tirta PengPengPeng;@CarangKuning247;😂😂😂😂;2026-05-09T09:15:13Z;0;;positif;0.8912
41itFALrNU8;#ngopenk  PODCAST BERSAMA ALDI TAHER, OBROLAN PENUH FILOSOFIS;Tirta PengPengPeng;@khusnaazzafauzia4199;Edan tapi kok saya nonton ya;2026-05-09T09:11:08Z;2;edan tapi kok saya nonton ya;negatif;0.9955
41itFALrNU8;#ngopenk  PODCAST BERSAMA ALDI TAHER, OBROLAN PENUH FILOSOFIS;Tirta PengPengPeng;@hadlinazmi2593;jujur cocokk;2026-05-09T08:53:08Z;1;jujur cocokk;positif;0.9923
41itFALrNU8;#ngopenk  PODCAST BERSAMA ALDI TAHER, OBROLAN PENUH FILOSOFIS;Tirta PengPengPeng;@leamonik4020;Wkwkwk.. Start dari awal gw udah ngakak.👍;2026-05-09T08:45:59Z;5;wkwkwk start dari awal saya sudah terbahak-bahak;netral;0.4959
41itFALrNU8;#ngopenk  PODCAST BERSAMA ALDI TAHER, OBROLAN PENUH FILOSOFIS;Tirta PengPengPeng;@keishaanindyatinoberta3251;Ngakak dari awal sampai akhir dok😂😂😂;2026-05-09T08:38:31Z;1;terbahak-bahak dari awal sampai akhir dok;positif;0.9508
41itFALrNU8;#ngopenk  PODCAST BERSAMA ALDI TAHER, OBROLAN PENUH FILOSOFIS;Tirta PengPengPeng;@yoodahlah1440;😂 ente kadang kadang nt;2026-05-09T08:38:25Z;1;anda kadang kadang nt;negatif;0.5545
41itFALrNU8;#ngopenk  PODCAST BERSAMA ALDI TAHER, OBROLAN PENUH FILOSOFIS;Tirta PengPengPeng;@suratnoadmojo3892;Ini bukan podcast sih... Jatuhnya 😂😅;2026-05-09T07:55:02Z;1;ini bukan podcast sih jatuhnya;negatif;0.9947
41itFALrNU8;#ngopenk  PODCAST BERSAMA ALDI TAHER, OBROLAN PENUH FILOSOFIS;Tirta PengPengPeng;@Jojostillinthehouse;ini bahas apasi sebenernya😭;2026-05-09T07:41:25Z;1;ini bahas apasi sebenarnya;negatif;0.9936
41itFALrNU8;#ngopenk  PODCAST BERSAMA ALDI TAHER, OBROLAN PENUH FILOSOFIS;Tirta PengPengPeng;@Nothing-sb1pz;dr tirta nurut bgt kaya lagi dibilangin gurunya😭;2026-05-09T07:34:09Z;1;dari tirta nurut sangat kaya lagi dibilangin gurunya;positif;0.6162
41itFALrNU8;#ngopenk  PODCAST BERSAMA ALDI TAHER, OBROLAN PENUH FILOSOFIS;Tirta PengPengPeng;@HannanFadlinAkbar;podcast naon aih sbnrnya;2026-05-09T07:33:30Z;1;podcast naon aih sebenarnya;negatif;0.8654
41itFALrNU8;#ngopenk  PODCAST BERSAMA ALDI TAHER, OBROLAN PENUH FILOSOFIS;Tirta PengPengPeng;@Adelyayoh;ini apa sih 😭;2026-05-09T07:27:43Z;1;ini apa sih;negatif;0.9947
41itFALrNU8;#ngopenk  PODCAST BERSAMA ALDI TAHER, OBROLAN PENUH FILOSOFIS;Tirta PengPengPeng;@DJMYONTHEMIX199;SUMPAH NGAKAK MELULU LIHAT INI PODCAST 😂😂😂😂😂😂;2026-05-09T07:14:36Z;2;sumpah terbahak-bahak selalu lihat ini podcast;positif;0.7395
41itFALrNU8;#ngopenk  PODCAST BERSAMA ALDI TAHER, OBROLAN PENUH FILOSOFIS;Tirta PengPengPeng;@achingmariati1452;Aq maju mundur bt nnton konten in... Ternyata bener dugaan qu 😭😭😭;2026-05-09T07:01:08Z;1;saya maju mundur bt nonton konten in ternyata benar dugaan qu;netral;0.5758
41itFALrNU8;#ngopenk  PODCAST BERSAMA ALDI TAHER, OBROLAN PENUH FILOSOFIS;Tirta PengPengPeng;@fitrianurmelinda2662;"kata gua ini alesan dokter tirta suka meledak2 sama orang lain, 
karna dia memendam klo ketemu orang2 begini🥲";2026-05-09T06:55:42Z;4;kata saya ini alasan dokter tirta suka meledak2 sama orang lain karena dia memendam kalau ketemu orang2 begini;negatif;0.9891
41itFALrNU8;#ngopenk  PODCAST BERSAMA ALDI TAHER, OBROLAN PENUH FILOSOFIS;Tirta PengPengPeng;@nory.ramadhani;Dimana ada aldi taher disana kesabaran mulai di uji;2026-05-09T06:48:28Z;3;dimana ada aldi taher disana kesabaran mulai di uji;netral;0.9134
41itFALrNU8;#ngopenk  PODCAST BERSAMA ALDI TAHER, OBROLAN PENUH FILOSOFIS;Tirta PengPengPeng;@nory.ramadhani;😂😂😂😂😂😂;2026-05-09T06:28:12Z;1;;positif;0.8912
41itFALrNU8;#ngopenk  PODCAST BERSAMA ALDI TAHER, OBROLAN PENUH FILOSOFIS;Tirta PengPengPeng;@vastaband;Plis bikin grup 👆😍;2026-05-09T06:17:47Z;0;tolong bikin grup;negatif;0.9193
41itFALrNU8;#ngopenk  PODCAST BERSAMA ALDI TAHER, OBROLAN PENUH FILOSOFIS;Tirta PengPengPeng;@nanikwiqdad5834;Sambil membayangkan klnadr tirta jd mentri agama 😅;2026-05-09T06:04:35Z;1;sambil membayangkan klnadr tirta jadi mentri agama;netral;0.6965
41itFALrNU8;#ngopenk  PODCAST BERSAMA ALDI TAHER, OBROLAN PENUH FILOSOFIS;Tirta PengPengPeng;@aengPro666;goks dr. ciperta X aldis taHero ❤️‍🔥❤️‍🔥❤️‍🔥;2026-05-09T05:54:07Z;1;goks dari ciperta x aldis tahero;netral;0.9655
41itFALrNU8;#ngopenk  PODCAST BERSAMA ALDI TAHER, OBROLAN PENUH FILOSOFIS;Tirta PengPengPeng;@ayukisweet7604;😅ngakak abis gw nonton ini .. bener2 lucu.apalagi pas aldi lap2 dr.tirta sambil bilang geli .. 🤣ketawa gw ga henti2 dooong;2026-05-09T05:35:50Z;1;terbahak-bahak abis saya nonton ini benar-benar lucu apalagi pas aldi lap2 dari tirta sambil bilang geli tertawa saya tidak henti2 doong;positif;0.9957
41itFALrNU8;#ngopenk  PODCAST BERSAMA ALDI TAHER, OBROLAN PENUH FILOSOFIS;Tirta PengPengPeng;@senjaa-c8x;Pengen sinting ,. Saya tonton;2026-05-09T05:31:02Z;1;ingin sinting saya tonton;positif;0.4178
41itFALrNU8;#ngopenk  PODCAST BERSAMA ALDI TAHER, OBROLAN PENUH FILOSOFIS;Tirta PengPengPeng;@ismuarintaka1913;Skill dokter tirta : bisa menyesuaikan siapa saja narasumbernya 👏;2026-05-09T05:26:44Z;1;skill dokter tirta bisa menyesuaikan siapa saja narasumbernya;netral;0.9693
41itFALrNU8;#ngopenk  PODCAST BERSAMA ALDI TAHER, OBROLAN PENUH FILOSOFIS;Tirta PengPengPeng;@PoppyMagdalena;Saya suka dr Tirta tapi  setelah liat video ini jadi tmbah sukaaa bgt! Ternyata dr Tirta juga bisa ngelawak n natural bgt .  Emang orang cerdasss gampang menyesuaikan diri dgn segala setuasi tersulit sekalipun n jadi lucuuuu bgt!!!😅😅😅😅👍👍👍🫰🫰🫰🫰;2026-05-09T05:25:59Z;88;saya suka dari tirta tapi setelah liat video ini jadi tambah sukaa sangat ternyata dari tirta juga bisa ngelawak n natural sangat memang orang cerdass gampang menyesuaikan diri dengan segala setuasi tersulit sekalipun n jadi lucuu sangat;positif;0.9971
41itFALrNU8;#ngopenk  PODCAST BERSAMA ALDI TAHER, OBROLAN PENUH FILOSOFIS;Tirta PengPengPeng;@ifaniaanggraini3697;stres semua stres😭;2026-05-09T05:17:56Z;603;stres semua stres;negatif;0.9924
41itFALrNU8;#ngopenk  PODCAST BERSAMA ALDI TAHER, OBROLAN PENUH FILOSOFIS;Tirta PengPengPeng;@keysaamup;21:21 dokter tirta TAWON 😂;2026-05-09T05:14:17Z;6;dokter tirta tawon;netral;0.9804
41itFALrNU8;#ngopenk  PODCAST BERSAMA ALDI TAHER, OBROLAN PENUH FILOSOFIS;Tirta PengPengPeng;@DinaHaniva;Dokter dan pasiennya. 😂;2026-05-09T05:00:37Z;2;dokter dan pasiennya;negatif;0.8376
41itFALrNU8;#ngopenk  PODCAST BERSAMA ALDI TAHER, OBROLAN PENUH FILOSOFIS;Tirta PengPengPeng;@ferryfirmansyah8249;setiap detik resah njir nontonnya 😅😂😅😂😅😂;2026-05-09T04:41:18Z;8;setiap detik resah njir nontonnya;negatif;0.9956
41itFALrNU8;#ngopenk  PODCAST BERSAMA ALDI TAHER, OBROLAN PENUH FILOSOFIS;Tirta PengPengPeng;@pevinurafifah4093;yang nonton ikutan SETRES 😭😭;2026-05-09T04:38:28Z;1;yang nonton ikutan setres;netral;0.9405
41itFALrNU8;#ngopenk  PODCAST BERSAMA ALDI TAHER, OBROLAN PENUH FILOSOFIS;Tirta PengPengPeng;@keysaamup;ngakak bangett sumpahh sepanjang obrolan😭😭;2026-05-09T04:31:38Z;9;terbahak-bahak sangat sumpahh sepanjang obrolan;positif;0.9592
41itFALrNU8;#ngopenk  PODCAST BERSAMA ALDI TAHER, OBROLAN PENUH FILOSOFIS;Tirta PengPengPeng;@my.rooftop5;Ga nyangka banget dr. Tirtawon sefrekuensi sama Aldi Taher;2026-05-09T04:22:50Z;1;tidak sangka sekali dari tirtawon sefrekuensi sama aldi taher;positif;0.7784
