video_id;video_title;channel;author;comment;published_at;like_count;clean;sentiment;confidence
c9bHbB8z7Cg;Eksklusif: Prabowo Subianto Bicara | Mata Najwa;Najwa Shihab;@danixyw;Bowo omon' sja;2026-06-05T13:09:04Z;0;bowo omon saja;negatif;0.9831
c9bHbB8z7Cg;Eksklusif: Prabowo Subianto Bicara | Mata Najwa;Najwa Shihab;@wickedhero3764;Menyesalkan, WKWKWK;2026-06-05T05:04:23Z;0;menyesalkan wkwkwk;negatif;0.9931
c9bHbB8z7Cg;Eksklusif: Prabowo Subianto Bicara | Mata Najwa;Najwa Shihab;@Davidewww17;Akun @ariffajar1060 buzzer;2026-06-04T01:28:31Z;0;akun buzzer;netral;0.945
c9bHbB8z7Cg;Eksklusif: Prabowo Subianto Bicara | Mata Najwa;Najwa Shihab;@KholwatunNafisah;Makanya harus dengerin masyarakat negara bukan kepunyaaant mbg di stop lah dari pada melatih korupsi di keruk pakai nasi;2026-06-04T00:09:42Z;0;makanya harus dengerin masyarakat negara bukan kepunyaant mbg di stop lah dari pada melatih korupsi di keruk pakai nasi;negatif;0.9944
c9bHbB8z7Cg;Eksklusif: Prabowo Subianto Bicara | Mata Najwa;Najwa Shihab;@yukbernyanyi1120;HNCURRRRRRE;2026-05-27T09:02:33Z;0;hncurre;netral;0.9665
c9bHbB8z7Cg;Eksklusif: Prabowo Subianto Bicara | Mata Najwa;Najwa Shihab;@baguswu;Saya balik kesini dr tahun 2026, dollar meroket, MBG bermasalah, ikn mandek.. 😊😊;2026-05-25T20:44:02Z;1;saya balik kesini dari tahun dollar meroket mbg bermasalah ikn mandek;negatif;0.9629
c9bHbB8z7Cg;Eksklusif: Prabowo Subianto Bicara | Mata Najwa;Najwa Shihab;@sumiatiayyanafia;🎉5😊;2026-05-23T14:26:12Z;0;;positif;0.8912
c9bHbB8z7Cg;Eksklusif: Prabowo Subianto Bicara | Mata Najwa;Najwa Shihab;@MatrutySimon;"Sy juga,pak prabowo meletup-letub(Najwq shihab)
Kajian yulen";2026-05-23T12:15:44Z;0;saya juga pak prabowo meletup letub najwq shihab kajian yulen;netral;0.9713
c9bHbB8z7Cg;Eksklusif: Prabowo Subianto Bicara | Mata Najwa;Najwa Shihab;@MatrutySimon;"Isu HAM.Fitnah
Yulen";2026-05-23T12:10:57Z;0;isu ham fitnah yulen;negatif;0.9926
c9bHbB8z7Cg;Eksklusif: Prabowo Subianto Bicara | Mata Najwa;Najwa Shihab;@ratusejagad8965;"11/100
OMON OMON";2026-05-23T08:44:07Z;0;omon omon;negatif;0.6655
c9bHbB8z7Cg;Eksklusif: Prabowo Subianto Bicara | Mata Najwa;Najwa Shihab;@sahripudinSahripudin-k9r;gelang.si.patu;2026-05-19T15:40:40Z;0;gelang si patu;negatif;0.9954
c9bHbB8z7Cg;Eksklusif: Prabowo Subianto Bicara | Mata Najwa;Najwa Shihab;@Nooo.02;1:47:11;2026-05-18T10:55:40Z;1;;positif;0.8912
c9bHbB8z7Cg;Eksklusif: Prabowo Subianto Bicara | Mata Najwa;Najwa Shihab;@fairushsn;"Sebuah wawancara yang membuka mata. Terlepas dari pro dan kontra politik, argumen Pak Prabowo mengenai ketahanan nasional, kedaulatan pangan, dan geopolitik global (""the strong will do what they can, and the weak suffer what they must"") adalah realitas dingin yang harus dihadapi bangsa ini. Pemimpin memang harus memiliki visi makro jangka panjang dan tidak terjebak dalam comfort zone. Salut untuk Mbak Nana yang selalu tajam dalam membedah isi kepala narasumber.";2026-05-18T08:03:49Z;1;sebuah wawancara yang membuka mata terlepas dari pro dan kontra politik argumen pak prabowo mengenai ketahanan nasional kedaulatan pangan dan geopolitik global the strong will do what they can and the weak suffer what they must adalah realitas dingin yang harus dihadapi bangsa ini pemimpin memang harus memiliki visi makro jangka panjang dan tidak terjebak dalam comfort zone salut untuk mbak nana yang selalu tajam dalam membedah isi kepala narasumber;positif;0.9931
c9bHbB8z7Cg;Eksklusif: Prabowo Subianto Bicara | Mata Najwa;Najwa Shihab;@kelanadriansyah;Tapirayatmasih punyajalan buatpaprabowo kaloindonesia pengenmakmur rayatnya sigibranmajulkan anisgantinyabaru majuindonesia percaya pakaaing;2026-05-16T18:50:44Z;0;tapirayatmasih punyajalan buatpaprabowo kaloindonesia pengenmakmur rayatnya sigibranmajulkan anisgantinyabaru majuindonesia percaya pakaaing;positif;0.9408
c9bHbB8z7Cg;Eksklusif: Prabowo Subianto Bicara | Mata Najwa;Najwa Shihab;@kelanadriansyah;Kamirayatyakin prabowotida akankorupsi tapiprabowosalah nerapkeun mentri2 titipanjokowi shirnya kebijakan paprabowo dirusak;2026-05-16T18:39:42Z;0;kamirayatyakin prabowotida akankorupsi tapiprabowosalah nerapkeun mentri2 titipanjokowi shirnya kebijakan paprabowo dirusak;negatif;0.9498
c9bHbB8z7Cg;Eksklusif: Prabowo Subianto Bicara | Mata Najwa;Najwa Shihab;@dokterferrygunawan;🤡💩;2026-05-12T10:38:09Z;0;;positif;0.8912
c9bHbB8z7Cg;Eksklusif: Prabowo Subianto Bicara | Mata Najwa;Najwa Shihab;@Lutfi-o9y;yops iya keren.;2026-05-11T22:19:28Z;0;yops iya keren;positif;0.754
c9bHbB8z7Cg;Eksklusif: Prabowo Subianto Bicara | Mata Najwa;Najwa Shihab;@EprianaNurriyansah;Mau nyalon lagi gak ada yang bakal pilih sampean 100%yakin;2026-05-10T09:32:45Z;0;mau nyalon lagi tidak ada yang bakal pilih sampean yakin;positif;0.5514
c9bHbB8z7Cg;Eksklusif: Prabowo Subianto Bicara | Mata Najwa;Najwa Shihab;@EprianaNurriyansah;Cuma mbg, ples koprasi merah putih, sedangkan di setiap desa ada KUD, ada juga pegadaian ngapain aneh aneh seolah paling benar, sedangkan dilapangan ancur garagara mbg 11ribu bpjs yang dibiayai negara sekarang dinon aktifkan pdahal buanyak orang yang butuh banget untuk brobat coba bayangin milih mbg atau bpjs  coba mikir pilih kesehatan untuk rakyat /mbg!!!! Tolol bner;2026-05-10T09:31:13Z;0;cuma mbg ples koprasi merah putih sedangkan di setiap desa ada kud ada juga pegadaian ngapain aneh aneh seolah paling benar sedangkan dilapangan hancur garagara mbg 11ribu bpjs yang dibiayai negara sekarang dinon aktifkan padahal buanyak orang yang butuh sekali untuk brobat coba bayangin pilih mbg atau bpjs coba mikir pilih kesehatan untuk rakyat mbg tolol benar;negatif;0.9959
c9bHbB8z7Cg;Eksklusif: Prabowo Subianto Bicara | Mata Najwa;Najwa Shihab;@SuhartiHar-o2y3j;Aminnnn pk;2026-05-09T00:41:50Z;0;aminn pk;netral;0.9757
c9bHbB8z7Cg;Eksklusif: Prabowo Subianto Bicara | Mata Najwa;Najwa Shihab;@SuhartiHar-o2y3j;Za pk betull ini hebat top;2026-05-09T00:41:15Z;0;za pk betull ini hebat top;positif;0.9959
c9bHbB8z7Cg;Eksklusif: Prabowo Subianto Bicara | Mata Najwa;Najwa Shihab;@SuhartiHar-o2y3j;Zaa pk buuutuull tip  pk Prabowo;2026-05-09T00:39:30Z;0;zaa pk buutuull tip pk prabowo;netral;0.9789
c9bHbB8z7Cg;Eksklusif: Prabowo Subianto Bicara | Mata Najwa;Najwa Shihab;@SuhartiHar-o2y3j;Pk prsdeñ baik3 ??? Dn juga pk mntriii pkprbya juga sht3 pk zihh;2026-05-09T00:37:51Z;0;pk prsdeñ baik3 dn juga pk mntrii pkprbya juga sht3 pk zihh;netral;0.9693
c9bHbB8z7Cg;Eksklusif: Prabowo Subianto Bicara | Mata Najwa;Najwa Shihab;@SuhartiHar-o2y3j;Buuutuull pk prsdenn masukk tetap semangat pk prsdenn  top  ryt mendukung  slmt sht  pk prsdenn;2026-05-09T00:35:31Z;0;buutuull pk prsdenn masukk tetap semangat pk prsdenn top ryt mendukung selamat sht pk prsdenn;positif;0.5855
c9bHbB8z7Cg;Eksklusif: Prabowo Subianto Bicara | Mata Najwa;Najwa Shihab;@RudiZx-z1s;Mbg;2026-05-07T12:47:56Z;0;mbg;negatif;0.9842
c9bHbB8z7Cg;Eksklusif: Prabowo Subianto Bicara | Mata Najwa;Najwa Shihab;@alfiirach;Omon2;2026-04-30T18:35:47Z;0;omon2;netral;0.705
c9bHbB8z7Cg;Eksklusif: Prabowo Subianto Bicara | Mata Najwa;Najwa Shihab;@alfiirach;Presiden omon2;2026-04-30T18:34:38Z;0;presiden omon2;netral;0.9679
c9bHbB8z7Cg;Eksklusif: Prabowo Subianto Bicara | Mata Najwa;Najwa Shihab;@Tawolohoadmin1234toeabangka;Itu Prabowo sekarang pascabowo;2026-04-30T03:49:34Z;0;itu prabowo sekarang pascabowo;negatif;0.9723
c9bHbB8z7Cg;Eksklusif: Prabowo Subianto Bicara | Mata Najwa;Najwa Shihab;@abiyan_zamran;Langkah kayak gini bisa jadi role model buat daerah lain biar ikutan bikin kebijakan positif;2026-04-29T16:05:30Z;0;langkah mirip gini bisa jadi role model buat daerah lain biar ikutan bikin kebijakan positif;netral;0.8919
c9bHbB8z7Cg;Eksklusif: Prabowo Subianto Bicara | Mata Najwa;Najwa Shihab;@bahagiaitusederhana1709;Wahhh, ternyata makan bubur Kita beda cara.;2026-04-25T17:24:39Z;0;wahh ternyata makan bubur kita beda cara;positif;0.5603
c9bHbB8z7Cg;Eksklusif: Prabowo Subianto Bicara | Mata Najwa;Najwa Shihab;@SikinSikin-q2b;mundur pak plis;2026-04-17T19:03:32Z;0;mundur pak tolong;negatif;0.8962
c9bHbB8z7Cg;Eksklusif: Prabowo Subianto Bicara | Mata Najwa;Najwa Shihab;@Abdulbasid-n5t;99% bacot.1%kerja.;2026-04-15T19:51:14Z;2;bacot kerja;negatif;0.9952
c9bHbB8z7Cg;Eksklusif: Prabowo Subianto Bicara | Mata Najwa;Najwa Shihab;@BudionoTKT-g4o;Presiden no 1 Soekarno n Prabowo no 2;2026-04-11T18:54:51Z;0;presiden no soekarno n prabowo no;netral;0.9786
c9bHbB8z7Cg;Eksklusif: Prabowo Subianto Bicara | Mata Najwa;Najwa Shihab;@riskitristian7260;Bacot do4ng nih n4jw4 ga 4da mnfaatny4  k4ya em4k2 gib4h ,ny4ri biy4r tmb4h ten4r ,UDH GA JAMAN ...kaya bu lita gading tuh  ga bnyak pert4ntanyaan tind4kan ny4ta memperjuangkan penghapusan pensiunan DPR ..;2026-04-05T03:53:34Z;0;bacot do4ng nih n4jw4 tidak 4da mnfaatny4 k4ya em4k2 gib4h ny4ri biy4r tmb4h ten4r sudah tidak jaman kaya bu lita gading tuh tidak banyak pert4ntanyaan tind4kan ny4ta memperjuangkan penghapusan pensiunan dpr;negatif;0.8999
c9bHbB8z7Cg;Eksklusif: Prabowo Subianto Bicara | Mata Najwa;Najwa Shihab;@rifkiyogapradana3276;kapan yah 1:47:13;2026-03-25T02:57:25Z;0;kapan yah;negatif;0.9884
c9bHbB8z7Cg;Eksklusif: Prabowo Subianto Bicara | Mata Najwa;Najwa Shihab;@cybercrimenegara;Meanwhile setelah 2 tahun .😶;2026-03-21T20:48:19Z;1;meanwhile setelah tahun;netral;0.9322
c9bHbB8z7Cg;Eksklusif: Prabowo Subianto Bicara | Mata Najwa;Najwa Shihab;@hautumn2;Komennya pada sarkas kah?;2026-03-20T07:11:43Z;1;komennya pada sarkas kah;negatif;0.9959
c9bHbB8z7Cg;Eksklusif: Prabowo Subianto Bicara | Mata Najwa;Najwa Shihab;@dka_nugraha;Cocok banget nih kebijakan sama kebutuhan sekarang, pas banget momennya, terima kasih untuk perhatian ke rakyat;2026-03-19T18:10:50Z;0;cocok sekali nih kebijakan sama kebutuhan sekarang pas sekali momennya terima kasih untuk perhatian ke rakyat;positif;0.9968
c9bHbB8z7Cg;Eksklusif: Prabowo Subianto Bicara | Mata Najwa;Najwa Shihab;@ullesakhy7401;25:44 Tapi kenapa masih banyak yg miskin kalau negara kita kaya akan hasil alam..bertanya dgn nada lembut🤪;2026-03-19T13:26:17Z;0;tapi kenapa masih banyak yang miskin kalau negara kita kaya akan hasil alam bertanya dengan nada lembut;negatif;0.5004
c9bHbB8z7Cg;Eksklusif: Prabowo Subianto Bicara | Mata Najwa;Najwa Shihab;@Semangat45-w7m;Hostnya sedang menikmati kue 😅;2026-03-17T00:44:04Z;0;hostnya sedang menikmati kue;positif;0.9971
c9bHbB8z7Cg;Eksklusif: Prabowo Subianto Bicara | Mata Najwa;Najwa Shihab;@ktgdchandra658;Maaf pk prabowo..anda ngomong aja sdh berantakan begitu aplagi mau ngurus negara dan skrg terbukti indonesia kacau balau anda bikin;2026-03-16T18:44:51Z;1;maaf pk prabowo anda bicara saja sudah berantakan begitu aplagi mau urus negara dan sekarang terbukti indonesia kacau balau anda bikin;negatif;0.9958
c9bHbB8z7Cg;Eksklusif: Prabowo Subianto Bicara | Mata Najwa;Najwa Shihab;@SabrinaAzura-h1n;Mantap yg dulu pendukung prabowo..rasakan lah skrng..hai antek2 asing..😂😂😂;2026-03-14T13:51:18Z;0;mantap yang dulu pendukung prabowo rasakan lah sekarang hai antek2 asing;negatif;0.9939
c9bHbB8z7Cg;Eksklusif: Prabowo Subianto Bicara | Mata Najwa;Najwa Shihab;@PutraAji-m1f7p;Tidak sesuai pas sudah jadi presiden semuaa hanya angin;2026-03-11T21:37:47Z;1;tidak sesuai pas sudah jadi presiden semuaa hanya angin;negatif;0.9956
c9bHbB8z7Cg;Eksklusif: Prabowo Subianto Bicara | Mata Najwa;Najwa Shihab;@jacsweet7089;kekecewaan saya paling mendalam adalah memilih Dia,,😥😥 semoga banyak yg sadar;2026-03-06T19:07:15Z;1;kekecewaan saya paling mendalam adalah memilih dia semoga banyak yang sadar;negatif;0.9943
c9bHbB8z7Cg;Eksklusif: Prabowo Subianto Bicara | Mata Najwa;Najwa Shihab;@dka_nugraha;Beneran effort pemerintah nggak sia-sia, rakyat puas;2026-03-06T10:31:14Z;2;benar effort pemerintah tidak sia sia rakyat puas;positif;0.9965
c9bHbB8z7Cg;Eksklusif: Prabowo Subianto Bicara | Mata Najwa;Najwa Shihab;@rizalrisqi3378;Presiden PLIN PLAN;2026-03-05T21:52:20Z;0;presiden plin plan;netral;0.9185
c9bHbB8z7Cg;Eksklusif: Prabowo Subianto Bicara | Mata Najwa;Najwa Shihab;@pramanayoga26;Ancur ancur;2026-03-03T16:02:35Z;0;hancur hancur;negatif;0.9956
c9bHbB8z7Cg;Eksklusif: Prabowo Subianto Bicara | Mata Najwa;Najwa Shihab;@Anemo-py4vi;Aku dari masa depan dan Iyah, sangat maju indonesia;2026-03-02T23:39:37Z;7;saya dari masa depan dan iyah sangat maju indonesia;positif;0.9965
c9bHbB8z7Cg;Eksklusif: Prabowo Subianto Bicara | Mata Najwa;Najwa Shihab;@MuhammadAlif-w9v-m5r;"Anies-Muhaimin condong ke AS/Barat
Prabowo-Gibran condong ke Rusia
Ganjar-Mahfud condong ke Tiongkok";2026-02-27T15:41:40Z;0;anies muhaimin condong ke as barat prabowo gibran condong ke rusia ganjar mahfud condong ke tiongkok;netral;0.9819
c9bHbB8z7Cg;Eksklusif: Prabowo Subianto Bicara | Mata Najwa;Najwa Shihab;@wahyusaptanugraha3221;"HAY MALING MALING
HAY KORUPTOR KORUPTOR 
PRABOWO GIBRAN TIDAK AKAN PERNAH GENTAR MENGHADAPI KALIAN 
HIDUP JOKOWI";2026-02-27T09:11:51Z;0;hay maling maling hay koruptor koruptor prabowo gibran tidak akan pernah gentar menghadapi kalian hidup jokowi;negatif;0.9956
c9bHbB8z7Cg;Eksklusif: Prabowo Subianto Bicara | Mata Najwa;Najwa Shihab;@sahripudinSahripudin-k9r;Puspa.sibang.;2026-02-26T19:59:51Z;0;puspa sibang;netral;0.8485
c9bHbB8z7Cg;Eksklusif: Prabowo Subianto Bicara | Mata Najwa;Najwa Shihab;@DavidVerdiansyah-iw2nv;Serem sih;2026-02-25T03:40:22Z;0;seram sih;negatif;0.9956
c9bHbB8z7Cg;Eksklusif: Prabowo Subianto Bicara | Mata Najwa;Najwa Shihab;@rezabredo1581;Omon omon😂;2026-02-23T19:54:36Z;0;omon omon;negatif;0.6655
c9bHbB8z7Cg;Eksklusif: Prabowo Subianto Bicara | Mata Najwa;Najwa Shihab;@husni3549;Pasti pada nyesal;2026-02-16T15:24:56Z;1;pasti pada nyesal;positif;0.9473
c9bHbB8z7Cg;Eksklusif: Prabowo Subianto Bicara | Mata Najwa;Najwa Shihab;@acekkuadrat;HALO, ADA NGGA YANG BARU NONTON VIDEO INI DI TAHUN 16 FEB 2026?;2026-02-16T04:40:22Z;17;halo ada tidak yang baru nonton video ini di tahun feb;netral;0.95
c9bHbB8z7Cg;Eksklusif: Prabowo Subianto Bicara | Mata Najwa;Najwa Shihab;@FrelaTucostina;Ruang dialog di media menjadi bagian penting dalam demokrasi;2026-02-14T07:11:49Z;1;ruang dialog di media menjadi bagian penting dalam demokrasi;netral;0.6352
c9bHbB8z7Cg;Eksklusif: Prabowo Subianto Bicara | Mata Najwa;Najwa Shihab;@Sugi-d7l;emangnya ada yg menghina,orang berpangkat,orang kaya, orang penting kok di hina,gak masuk di akal, itu bukan menghina namanya pejabat publik wajar di kritik, apalagi sistem di negara kita yg tertinggi kedudukannya adalah Rakyat meskipun realita ny rakyat gak bisa berbuat apa2 kecuali hanya bisa mengkritik,,;2026-02-10T17:19:50Z;1;memangnya ada yang menghina orang berpangkat orang kaya orang penting kok di hina tidak masuk di akal itu bukan menghina namanya pejabat publik wajar di kritik apalagi sistem di negara kita yang tertinggi kedudukannya adalah rakyat meskipun realita ny rakyat tidak bisa berbuat apa2 kecuali hanya bisa mengkritik;negatif;0.9941
c9bHbB8z7Cg;Eksklusif: Prabowo Subianto Bicara | Mata Najwa;Najwa Shihab;@growthdzz;ini yang komen pada sarkas gak sih?;2026-02-10T13:42:50Z;0;ini yang komen pada sarkas tidak sih;negatif;0.996
c9bHbB8z7Cg;Eksklusif: Prabowo Subianto Bicara | Mata Najwa;Najwa Shihab;@lagucoverai;Video ini muncul kembali ke beranda. Sy berharap banyak dulu kepada pak presiden, tp skrg kecewa luar biasa karena memaafkan koruptor. Sy kira beliau tegas 😢;2026-01-31T22:47:52Z;1;video ini muncul kembali ke beranda saya berharap banyak dulu kepada pak presiden tapi sekarang kecewa luar biasa karena memaafkan koruptor saya kira beliau tegas;negatif;0.994
c9bHbB8z7Cg;Eksklusif: Prabowo Subianto Bicara | Mata Najwa;Najwa Shihab;@bangtoba2553;Yg hina dan olok² ente itu dulu termul tg ada di kabinetmu kini😅;2026-01-24T05:18:26Z;0;yang hina dan olok² anda itu dulu termul tg ada di kabinetmu kini;negatif;0.9958
c9bHbB8z7Cg;Eksklusif: Prabowo Subianto Bicara | Mata Najwa;Najwa Shihab;@JanuarAhmad-l9c;Memang Hebat Pak Jokowi, gak ada Duanya.;2026-01-12T18:25:11Z;0;memang hebat pak jokowi tidak ada duanya;positif;0.9952
c9bHbB8z7Cg;Eksklusif: Prabowo Subianto Bicara | Mata Najwa;Najwa Shihab;@cipta_perwira77;Kalo pemerintah terus kayak gini, optimis masa depan Indonesia makin cerah;2026-01-12T14:12:28Z;0;kalau pemerintah terus mirip gini optimis masa depan indonesia makin cerah;positif;0.9903
c9bHbB8z7Cg;Eksklusif: Prabowo Subianto Bicara | Mata Najwa;Najwa Shihab;@BasitNurdiyan-nx5qu;Gak lah trauma dulu.....smga pk prbwo udah brubah;2026-01-02T18:02:04Z;2;tidak lah trauma dulu semoga pk prbwo sudah brubah;netral;0.9217
c9bHbB8z7Cg;Eksklusif: Prabowo Subianto Bicara | Mata Najwa;Najwa Shihab;@tamambuhro;Orang munafiq;2025-12-30T19:00:07Z;0;orang munafiq;negatif;0.9958
c9bHbB8z7Cg;Eksklusif: Prabowo Subianto Bicara | Mata Najwa;Najwa Shihab;@baguzeka4857;Kenapa sekarang banyak yg bilang kalo prabowo itu bapak omon2😢;2025-12-29T02:56:23Z;0;kenapa sekarang banyak yang bilang kalau prabowo itu bapak omon2;negatif;0.9897
c9bHbB8z7Cg;Eksklusif: Prabowo Subianto Bicara | Mata Najwa;Najwa Shihab;@ikafitria6720;51:54 sekarang hutan sumatra bapak tebang;2025-12-25T22:16:24Z;2;sekarang hutan sumatra bapak tebang;negatif;0.8462
c9bHbB8z7Cg;Eksklusif: Prabowo Subianto Bicara | Mata Najwa;Najwa Shihab;@indomanik_store;Kok malah modcas 😢;2025-12-22T16:09:51Z;0;kok malah modcas;negatif;0.9893
c9bHbB8z7Cg;Eksklusif: Prabowo Subianto Bicara | Mata Najwa;Najwa Shihab;@PariyonoPariyono-q1d;Mohon undang undangnya di revisi dirubah pak;2025-12-21T18:22:02Z;0;mohon undang undangnya di revisi dirubah pak;netral;0.9805
c9bHbB8z7Cg;Eksklusif: Prabowo Subianto Bicara | Mata Najwa;Najwa Shihab;@PariyonoPariyono-q1d;Pak Prabowo Mohon lah Pak lapangan kerja didesa saya masalah pekerjaan pengambilan batu dan Tanah didesa Begal diberi izin;2025-12-21T18:20:15Z;0;pak prabowo mohon lah pak lapangan kerja didesa saya masalah pekerjaan pengambilan batu dan tanah didesa begal diberi izin;netral;0.9638
c9bHbB8z7Cg;Eksklusif: Prabowo Subianto Bicara | Mata Najwa;Najwa Shihab;@PariyonoPariyono-q1d;MASjid maksud saya;2025-12-21T18:16:58Z;0;masjid maksud saya;positif;0.9398
c9bHbB8z7Cg;Eksklusif: Prabowo Subianto Bicara | Mata Najwa;Najwa Shihab;@PariyonoPariyono-q1d;PEngumandang Adzan 25 Nabi Nabi aktif dengan kontrol waktu dengan kalende dengan TOA di Masj8d Hadir;2025-12-21T18:16:24Z;0;pengumandang adzan nabi nabi aktif dengan kontrol waktu dengan kalende dengan toa di masj8d hadir;netral;0.9733
c9bHbB8z7Cg;Eksklusif: Prabowo Subianto Bicara | Mata Najwa;Najwa Shihab;@satriaardinugroho420;kentut;2025-12-18T14:45:23Z;0;kentut;negatif;0.9958
c9bHbB8z7Cg;Eksklusif: Prabowo Subianto Bicara | Mata Najwa;Najwa Shihab;@dudibadrudin4536;20 tahun tanpa kekuasaan, banyak aset yang mandeg;2025-12-16T19:21:54Z;1;tahun tanpa kekuasaan banyak aset yang mandeg;negatif;0.984
c9bHbB8z7Cg;Eksklusif: Prabowo Subianto Bicara | Mata Najwa;Najwa Shihab;@Angkasa.69;"Boleh Berfikir Positif karena Aura akan nampak Positif  tetapi tidak semua Orang itu baik  Pak....
Contoh : 
Genosida dgn alibi Covid , Demokrasi dan Negri di acak2 demi Dinasti kekuasaan , banyak pengkhianat di Negeri ini Pak...
Saya yaqin kecintaan  Bpk terhadap Negeri ini..
Wujudkan Kesejateraan Rakyat Pak...
Sudah saatnya Negeri bangkit  meningkat peradababan....Bangunlah jiwanýa- bangunlah badannya , jayalah indonesiaku...Aamin";2025-12-13T23:02:06Z;0;boleh berfikir positif karena aura akan nampak positif tetapi tidak semua orang itu baik pak contoh genosida dengan alibi covid demokrasi dan negeri di acak2 demi dinasti kekuasaan banyak pengkhianat di negeri ini pak saya yaqin kecintaan bapak terhadap negeri ini wujudkan kesejateraan rakyat pak sudah saatnya negeri bangkit meningkat peradababan bangunlah jiwanýa bangunlah badannya jayalah indonesiaku aamin;positif;0.9166
c9bHbB8z7Cg;Eksklusif: Prabowo Subianto Bicara | Mata Najwa;Najwa Shihab;@radenmasplenggong1731;Canal Sundelbolong muncul lagi;2025-12-13T08:52:52Z;0;canal sundelbolong muncul lagi;negatif;0.6413
c9bHbB8z7Cg;Eksklusif: Prabowo Subianto Bicara | Mata Najwa;Najwa Shihab;@radenmasplenggong1731;Canal Sundelbolong muncul lagi;2025-12-13T08:52:19Z;0;canal sundelbolong muncul lagi;negatif;0.6413
c9bHbB8z7Cg;Eksklusif: Prabowo Subianto Bicara | Mata Najwa;Najwa Shihab;@radenmasplenggong1731;Canal Sundelbolong muncul lagi;2025-12-13T08:51:47Z;0;canal sundelbolong muncul lagi;negatif;0.6413
c9bHbB8z7Cg;Eksklusif: Prabowo Subianto Bicara | Mata Najwa;Najwa Shihab;@radenmasplenggong1731;Canal Sundelbolong muncul lagi;2025-12-13T08:51:15Z;0;canal sundelbolong muncul lagi;negatif;0.6413
c9bHbB8z7Cg;Eksklusif: Prabowo Subianto Bicara | Mata Najwa;Najwa Shihab;@radenmasplenggong1731;Muncul Sundelbolong muncul lagi;2025-12-13T08:50:44Z;0;muncul sundelbolong muncul lagi;negatif;0.8829
c9bHbB8z7Cg;Eksklusif: Prabowo Subianto Bicara | Mata Najwa;Najwa Shihab;@radenmasplenggong1731;Canal Sundelbolong muncul lagi;2025-12-13T08:50:10Z;0;canal sundelbolong muncul lagi;negatif;0.6413
c9bHbB8z7Cg;Eksklusif: Prabowo Subianto Bicara | Mata Najwa;Najwa Shihab;@radenmasplenggong1731;Canal Sundelbolong muncul lagi;2025-12-13T08:49:37Z;0;canal sundelbolong muncul lagi;negatif;0.6413
c9bHbB8z7Cg;Eksklusif: Prabowo Subianto Bicara | Mata Najwa;Najwa Shihab;@radenmasplenggong1731;Canal Sundelbolong muncul lagi;2025-12-13T08:49:03Z;0;canal sundelbolong muncul lagi;negatif;0.6413
c9bHbB8z7Cg;Eksklusif: Prabowo Subianto Bicara | Mata Najwa;Najwa Shihab;@radenmasplenggong1731;Canal Sundel bolong muncul  lagi;2025-12-13T08:48:29Z;0;canal sundel bolong muncul lagi;negatif;0.9899
c9bHbB8z7Cg;Eksklusif: Prabowo Subianto Bicara | Mata Najwa;Najwa Shihab;@AhmadArifin-vj6yr;Nazwa Anda bawa statement  Anda.menggiring opini rakyat yg membuat rakyat pesimis;2025-12-12T18:18:54Z;0;nazwa anda bawa statement anda menggiring opini rakyat yang membuat rakyat pesimis;negatif;0.9909
c9bHbB8z7Cg;Eksklusif: Prabowo Subianto Bicara | Mata Najwa;Najwa Shihab;@muhammadsyahfi5899;😊;2025-12-09T18:00:37Z;0;;positif;0.8912
c9bHbB8z7Cg;Eksklusif: Prabowo Subianto Bicara | Mata Najwa;Najwa Shihab;@MaulanasupriatinSupriatin;❤;2025-12-06T15:50:11Z;0;;positif;0.8912
c9bHbB8z7Cg;Eksklusif: Prabowo Subianto Bicara | Mata Najwa;Najwa Shihab;@muhammadsyahfi5899;😊;2025-12-04T16:48:35Z;0;;positif;0.8912
c9bHbB8z7Cg;Eksklusif: Prabowo Subianto Bicara | Mata Najwa;Najwa Shihab;@NurFauzia-h9w;The Best Prabowo;2025-12-01T18:30:33Z;0;the best prabowo;positif;0.9971
c9bHbB8z7Cg;Eksklusif: Prabowo Subianto Bicara | Mata Najwa;Najwa Shihab;@HanaChan-q6m;Bismillahirrahmanirrahim Waalaikumslm wth slm hati cinta bt rakyat dll dlm lindungan Allah SWT aamiin aamiin aamiin aamiin dari ikn;2025-11-29T13:06:46Z;1;bismillahirrahmanirrahim waalaikumslm wth salam hati cinta bt rakyat dan lain dalam lindungan allah swt amin amin amin amin dari ikn;positif;0.9952
c9bHbB8z7Cg;Eksklusif: Prabowo Subianto Bicara | Mata Najwa;Najwa Shihab;@FatmawatiSyam-j9e;ANDA HANYA KURANG BERHATI- HATI SAJA BAPAK PRABOWO... ADA SARAN DARI AYAH SAYA YG BISA ANDA PAKAI DALAM BERSIKAP DAN BERTINGKAH LAKU BAPAK PRABOWO.. .. TIDAK SEMUA ORANG ITU BAIK... JADI HATI HATI... JANGAN TERLALU BANYAK BICARA... PERBANYAKLAH MENGAMATI DAN MELIHAT SEGALA SESUATUNYA SEBELUM BERTINDAK... AGAR TIDAK SALAH DALAM MENGAMBIL KEPUTUSAN... MULAILAH DARI SEKARANG... AGAR JANGAN SALAH LAGI DALAM BERTINDAK... SEE YOU SOME TIME... SAYA AKAN BERDOA UTK ANDA DAN TEAM ANDA AGAR BISA MEWUJUTKAN INDINESIA EMAS SEPERTI CITA CITA ANDA... JAZAKUMULLAH KHOIR.. BAPAK PRABOWO...... Wassalam;2025-11-24T16:21:30Z;2;anda hanya kurang berhati hati saja bapak prabowo ada saran dari ayah saya yang bisa anda pakai dalam bersikap dan bertingkah laku bapak prabowo tidak semua orang itu baik jadi hati hati jangan terlalu banyak bicara perbanyaklah mengamati dan melihat segala sesuatunya sebelum bertindak agar tidak salah dalam mengambil keputusan mulailah dari sekarang agar jangan salah lagi dalam bertindak see you some time saya akan berdoa untuk anda dan team anda agar bisa mewujutkan indinesia emas seperti cita cita anda jazakumullah khoir bapak prabowo wassalam;positif;0.7977
c9bHbB8z7Cg;Eksklusif: Prabowo Subianto Bicara | Mata Najwa;Najwa Shihab;@kelvbeverly;Serius kynya klo didenger2 bnykan omon2nya drpd tindakan realistis ya?;2025-11-22T19:42:56Z;1;serius kynya kalau didenger2 bnykan omon2nya daripada tindakan realistis ya;negatif;0.5102
c9bHbB8z7Cg;Eksklusif: Prabowo Subianto Bicara | Mata Najwa;Najwa Shihab;@Patungcapibara;Pdhal anis sama ganjar rivalnya dia tapi he never talking shit about them 😢 meanwhile these two have the urge to rate the Prabowo 11/100 lol;2025-11-21T10:16:08Z;1;padahal anis sama ganjar rivalnya dia tapi he never talking tahi about them meanwhile these two have the urge to rate the prabowo lol;negatif;0.9912
c9bHbB8z7Cg;Eksklusif: Prabowo Subianto Bicara | Mata Najwa;Najwa Shihab;@sahripudinSahripudin-k9r;Aria.karia.tomas;2025-11-15T12:58:43Z;0;aria karia tomas;netral;0.6625
c9bHbB8z7Cg;Eksklusif: Prabowo Subianto Bicara | Mata Najwa;Najwa Shihab;@dhanucokro646;"Keren emang prabowo dari bicaranya udah sangat"" cinta tanah air ini, sehat selalu terus membela kepentingan rakyat banyak,prabowo";2025-11-06T07:49:41Z;2;keren memang prabowo dari bicaranya sudah sangat cinta tanah air ini sehat selalu terus membela kepentingan rakyat banyak prabowo;positif;0.9941
c9bHbB8z7Cg;Eksklusif: Prabowo Subianto Bicara | Mata Najwa;Najwa Shihab;@LamIbispaint;"1:47:09
Doksli";2025-11-03T08:50:54Z;1;doksli;netral;0.8994
c9bHbB8z7Cg;Eksklusif: Prabowo Subianto Bicara | Mata Najwa;Najwa Shihab;@EvanAhnat;Selamt sore;2025-11-02T09:47:54Z;0;selamt sore;netral;0.9541
c9bHbB8z7Cg;Eksklusif: Prabowo Subianto Bicara | Mata Najwa;Najwa Shihab;@nurmal5839;Pantas Sekali Bapak Prabowo, Memimpin Bangsa yang sangat Besar, Dengan Masyarakat Yang Majemuk, Karena Dialah Patriot Sejati dimasa kini. Maju Terus Pak Sampai Cita Cita Bapak Tercapai, Karena Saya Menginginkan Bapak Bangsa ini Maju Terus. Aamiin Aamiin Aamiin Yaa Rabbal Aalamiin.;2025-11-02T04:47:54Z;0;pantas sekali bapak prabowo memimpin bangsa yang sangat besar dengan masyarakat yang majemuk karena dialah patriot sejati dimasa kini maju terus pak sampai cita cita bapak tercapai karena saya menginginkan bapak bangsa ini maju terus amin amin amin yaa rabbal aalamiin;positif;0.9957
c9bHbB8z7Cg;Eksklusif: Prabowo Subianto Bicara | Mata Najwa;Najwa Shihab;@danikasihpriyana5043;Selamat bekerja presiden RI;2025-10-31T17:16:08Z;1;selamat bekerja presiden ri;positif;0.8178
c9bHbB8z7Cg;Eksklusif: Prabowo Subianto Bicara | Mata Najwa;Najwa Shihab;@winamaouli;Fffffyyy😅😅😅😅ftgyfftyyfyf😅f😅yf😅fff😅😅fyfy😅yyy di fyyyfy😅yffy😅 fyfy ffffffy😅yf😅fyft😅😅ff😅y GG yaa aku mau ke ufuk fytfyfftfyyy😅fy ftgyfftyyfyffyf TT yg GG g GG yaa g ftgyfftyyfyffyf ftgyfftyyfyffyf y yg ftgyfftyyfyffyf TT TT yg 6g5 ftgyfftyyfyffyf fdffffdddd😅fffufffyddddddddffyfddddddddffddddddddddddydyd6dddddddddddddddddddddddddddddddddddddddfffffdddddddddydddydyddddffdddyyfyfdydffdddddyddyyfdd yd6gd6yyd😅 ydfddddddy ftgyfftyyfyffyf gf6ddgffffdddddddd dd fdffdfdddgyfdddd7dddddddddffyyyu yg ada apa Dengan FPI dan di yuddddddyyddddddddd5yffffffdydd6dddddyfyydddddyddd yg fffufyffffyyfyyffdddd😅u6ddfffydyyydyyddddfdd6dddddd6ddyd6ddyydddddfyyfyfdddg gua 55😅;2025-10-29T19:01:53Z;1;ffyy ftgyfftyyfyf f yf ff fyfy yy di fyyfy yffy fyfy ffy yf fyft ff y gg yaa saya mau ke ufuk fytfyfftfyy fy ftgyfftyyfyffyf tt yang gg tidak gg yaa tidak ftgyfftyyfyffyf ftgyfftyyfyffyf y yang ftgyfftyyfyffyf tt tt yang 6g5 ftgyfftyyfyffyf fdffdd ffuffyddffyfddffddydyd6ddffddyddydyddffddyyfyfdydffddyddyyfdd yd6gd6yyd ydfddy ftgyfftyyfyffyf gf6ddgffdd dd fdffdfddgyfdd7ddffyyu yang ada apa dengan fpi dan di yuddyydd5yffdydd6ddyfyyddydd yang ffufyffyyfyyffdd u6ddffydyydyyddfdd6dd6ddyd6ddyyddfyyfyfddg saya;netral;0.9378
c9bHbB8z7Cg;Eksklusif: Prabowo Subianto Bicara | Mata Najwa;Najwa Shihab;@Iwandoang-g9c;RAKYAT  minta  Pak  PRESIDEN  PRABOWO  , Agar  RAKYAT  Sejahtera   HUKUM  Di  Perbaiki   Agar  Para  MAFIA  dan  KORUPTOR   tidak  Berani  Lagi  !!  Kalau  Tidak  di  Perbaiki  KORUPSI  tidak kan  Pernah  BERHENTI   !!!  di  NEGARA   INDONESIA  INI   !!!;2025-10-28T15:46:50Z;1;rakyat minta pak presiden prabowo agar rakyat sejahtera hukum di perbaiki agar para mafia dan koruptor tidak berani lagi kalau tidak di perbaiki korupsi tidak kan pernah berhenti di negara indonesia ini;negatif;0.9935
c9bHbB8z7Cg;Eksklusif: Prabowo Subianto Bicara | Mata Najwa;Najwa Shihab;@BangJemb;"Yang dia bilang omong kosong smua...
Kaya tapi di kuasai asing..
Kuat tapi masih tunduk sama barat..
Lebih berpatok sama ramalan...
Inti nya selagi partai2 masih merajalela. Indonesia akan hancur...
Lain Mentri lain daerah lain2 pula sistem hukum nya. Lain partai lain pengikut. Maka lain pula menjalan kan misi2 nya... Jadi Indonesia hnya di kuasai partai hnya untuk anggota. Bukan untuk rakyat. Mampuuss la kita sebagai rkyat yg di jadikan kambing hitam terus menerus.. itu makanya pendidikan kita terendah di dunia. Di ajar dari kecil untuk jadi bego....";2025-10-28T14:46:40Z;4;yang dia bilang omong kosong semua kaya tapi di kuasai asing kuat tapi masih tunduk sama barat lebih berpatok sama ramalan inti nya selagi partai2 masih merajalela indonesia akan hancur lain mentri lain daerah lain2 pula sistem hukum nya lain partai lain pengikut maka lain pula menjalan kan misi2 nya jadi indonesia hanya di kuasai partai hanya untuk anggota bukan untuk rakyat mampuuss la kita sebagai rkyat yang di jadikan kambing hitam terus menerus itu makanya pendidikan kita terendah di dunia di ajar dari kecil untuk jadi bodoh;negatif;0.9962
c9bHbB8z7Cg;Eksklusif: Prabowo Subianto Bicara | Mata Najwa;Najwa Shihab;@KenyaSatria;Bismillah karena Allah,Semoga pak Presiden Prabowo,Sehat selalu dlm lindungan Allah S.W.T,Beliaw menjadi Presiden yg Amanah yg Selalu Menjunjung tinggi membela Rakyat indonesia menjadi lebih baik lagi dan segala Aspirasi dan tuntutan Rakyatnya di dengraar dan menjadi wujud nyata yg mengemban tanggung jawab besar yg turun temurun dari keluarga Bpk.Presiden Prabowo membuat rakyatnya Adil sejahtera dan merata Sesuai 7 Turunan dlm lingkungan Keluargga nya.Kita sebagai Warga indonesia Patut Bangga Memiliki Presiden yg Cerdas dan Memiliki/Memegang teguh dan Jujur dlm komitmen sesuai sumpah jabatan Militer dan Sumpah presiden nya Beliaw Wujudkan,Tegas dan TerLaksana dgn Bukti nyata indonesia Harus Hidup Tenang Damai,Perekonomian stabil Murah terjangkau di dlm Negri Sendiri dan Wajib Mahal Harga Bahan Hasil Tambang Untuk Exsport/Inport keluar Negri utk membayar Hutang Negara kita dgn Lunas tampa Hutang Dan mencerdaskan Utk Anak”indonesia Agar bisa ikut langkah jejak Beliaw yg Cerdas,Jujur Dan Pemberani.Harapan Saya Ada Tambahan Les Geratis Di Seluruh Sekolah indonesia terutama Les Bahasa Inggris,Atau Les Matematika yg Utk Mencerdaskan Anak”Indonesia,Utk Bahasa Antarlintas Negara,Baik di Tingkat Tk/SD dan Perguruan tinggi.Dan Pengebrakan Pertanian Penanaman Padi ,Sayur mayur dan Ketahanan Pokok  pangan Utk rakyat yg Tdk harus membeli keluar Negri lagi dan Harus di pertahan kan ke Anak Cucu,tdk lapar kekeringan saat jaman penjajahan yg tdk Mati kelaparan.Dan bisa Menangulangi Buat bendungan penahan Banjir dimana”Di saat musim penghujan dan jalanan Umum transportasi Harus merata sampak di plosok” utk Anak” indonesia layak menikmati jalan yg mulus tdk menyeberang sungai harus  melalui Ada  nyaJembatan dan tdk Berlumpur utk Memudahkan Tranportasi lintas Menyalurkan hasil panen dgn Akses jalanan yg mulus dan lancar.Utk Semangkin Maju bukti besar dgn nyata selama Pak Presiden Prabowo Menjabat dan Terpilih lanjut ke Periode Berikutnya yg Di Harapkan Kesejahteraan yg Merata Dari Sabang hinga Merouke,Merata.Ada Benarnya jgn import kalau Rakyatnya Menjerit Bahan Pangan/Pokok utk makan Sendiri Mahal selangit dan Di plosok” pedalaman Papua Serba Mahal,Masih sistem Barter,Tukar menukar Barang dgn Barang Seperti Jaman Batu,Ada ikan di tukar dgn Mie instan atau roti.Bebaskan dan Merdekakan Rakyat Di Papua tdk perang,Damai sentosa Seluruh rakyat indonesia menyeluruh dan Merata. tampa Ada Kesenjangan Anak tiri atau Anak Kandung Merangkul Merata Utk Bangkit semangat Buat Muda-Mudi Anak inonesia yg Cerdas dan Berkualitas dan Semangat menembus tantangan Ke internasional Atas Dukungan Bapak Presiden Prabowo yg kita Hormati dan kita Cintai.Sehat -Sukses selalu Dlm Langkah Pak Presiden Prabowo Di kedepan harinya yg Penuh Halangan rintangan dan Cobaan yg selalu Penuh Ujian.;2025-10-27T19:51:11Z;1;bismillah karena allah semoga pak presiden prabowo sehat selalu dalam lindungan allah s saya t beliaw menjadi presiden yang amanah yang selalu menjunjung tinggi membela rakyat indonesia menjadi lebih baik lagi dan segala aspirasi dan tuntutan rakyatnya di dengraar dan menjadi wujud nyata yang mengemban tanggung jawab besar yang turun temurun dari keluarga bapak presiden prabowo membuat rakyatnya adil sejahtera dan merata sesuai turunan dalam lingkungan keluargga nya kita sebagai warga indonesia patut bangga memiliki presiden yang cerdas dan memiliki memegang teguh dan jujur dalam komitmen sesuai sumpah jabatan militer dan sumpah presiden nya beliaw wujudkan tegas dan terlaksana dengan bukti nyata indonesia harus hidup tenang damai perekonomian stabil murah terjangkau di dalam negeri sendiri dan wajib mahal harga bahan hasil tambang untuk exsport inport keluar negeri untuk membayar hutang negara kita dengan lunas tampa hutang dan mencerdaskan untuk anak indonesia agar bisa ikut langkah jejak beliaw yang cerdas jujur dan pemberani harapan saya ada tambahan les geratis di seluruh sekolah indonesia terutama les bahasa inggris atau les matematika yang untuk mencerdaskan anak indonesia untuk bahasa antarlintas negara baik di tingkat tk sd dan perguruan tinggi dan pengebrakan pertanian penanaman padi sayur mayur dan ketahanan pokok pangan untuk rakyat yang tidak harus membeli keluar negeri lagi dan harus di pertahan kan ke anak cucu tidak lapar kekeringan saat jaman penjajahan yang tidak mati kelaparan dan bisa menangulangi buat bendungan penahan banjir dimana di saat musim penghujan dan jalanan umum transportasi harus merata sampak di plosok untuk anak indonesia layak menikmati jalan yang mulus tidak menyeberang sungai harus melalui ada nyajembatan dan tidak berlumpur untuk memudahkan tranportasi lintas menyalurkan hasil panen dengan akses jalanan yang mulus dan lancar untuk semangkin maju bukti besar dengan nyata selama pak presiden prabowo menjabat dan terpilih lanjut ke periode berikutnya yang di harapkan kesejahteraan yang merata dari sabang hinga merouke merata ada benarnya jangan import kalau rakyatnya menjerit bahan pangan pokok untuk makan sendiri mahal selangit dan di plosok pedalaman papua serba mahal masih sistem barter tukar menukar barang dengan barang seperti jaman batu ada ikan di tukar dengan mie instan atau roti bebaskan dan merdekakan rakyat di papua tidak perang damai sentosa seluruh rakyat indonesia menyeluruh dan merata tampa ada kesenjangan anak tiri atau anak kandung merangkul merata untuk bangkit semangat buat muda mudi anak inonesia yang cerdas dan berkualitas dan semangat menembus tantangan ke internasional atas dukungan bapak presiden prabowo yang kita hormati dan kita cintai sehat sukses selalu dalam langkah pak presiden prabowo di kedepan harinya yang penuh halangan rintangan dan cobaan yang selalu penuh ujian;positif;0.9956
c9bHbB8z7Cg;Eksklusif: Prabowo Subianto Bicara | Mata Najwa;Najwa Shihab;@septikrismonnalti6702;Pak ❤❤;2025-10-25T22:24:56Z;0;pak;positif;0.9972
c9bHbB8z7Cg;Eksklusif: Prabowo Subianto Bicara | Mata Najwa;Najwa Shihab;@SuyadiBae-jo7ft;❤💋🥰;2025-10-24T18:08:41Z;0;;positif;0.8912
c9bHbB8z7Cg;Eksklusif: Prabowo Subianto Bicara | Mata Najwa;Najwa Shihab;@muhammadfaridwajdi7631;❤;2025-10-23T16:11:27Z;0;;positif;0.8912
c9bHbB8z7Cg;Eksklusif: Prabowo Subianto Bicara | Mata Najwa;Najwa Shihab;@Yulipuspa219;Maaf ya pak dulu ketika bapak mencalon kan jadi presiden dari tahun 2014  saya belum bisa ikut pemilihan umum pak tapi pertama kami saya memberikan hak suara saya untuk memilih saya pilih Bapak prabowo sehat selalu pak panjang umur 🫡🤍❤️;2025-10-23T08:42:08Z;2;maaf ya pak dulu ketika bapak mencalon kan jadi presiden dari tahun saya belum bisa ikut pemilihan umum pak tapi pertama kami saya memberikan hak suara saya untuk memilih saya pilih bapak prabowo sehat selalu pak panjang umur;positif;0.9943
c9bHbB8z7Cg;Eksklusif: Prabowo Subianto Bicara | Mata Najwa;Najwa Shihab;@GatutTopan;Pak Prabowo hatinya sungguh lapang dan ikhlas,tulus...❤❤❤;2025-10-21T19:23:12Z;0;pak prabowo hatinya sungguh lapang dan ikhlas tulus;positif;0.9967
c9bHbB8z7Cg;Eksklusif: Prabowo Subianto Bicara | Mata Najwa;Najwa Shihab;@RANTIAbdulah;Wanita berkwalitas teratas.pintar, cerdas dan berwibawa.Mata Najwa👍👍;2025-10-21T11:17:17Z;6;wanita berkwalitas teratas pintar cerdas dan berwibawa mata najwa;positif;0.9812
c9bHbB8z7Cg;Eksklusif: Prabowo Subianto Bicara | Mata Najwa;Najwa Shihab;@nando4340;Najua kan pasti dukung anis...!!;2025-10-20T15:47:53Z;0;najua kan pasti dukung anis;negatif;0.9232
c9bHbB8z7Cg;Eksklusif: Prabowo Subianto Bicara | Mata Najwa;Najwa Shihab;@EniWati-g1u;Nana .. Berikanlah Pertanyaan yang mengandung Unsur buat MEMAJUKAN NEGERI ini .. Jangan selalu memberikan pertanyaan yang bertolak belakang ..;2025-10-19T08:18:49Z;1;nana berikanlah pertanyaan yang mengandung unsur buat memajukan negeri ini jangan selalu memberikan pertanyaan yang bertolak belakang;negatif;0.9174
c9bHbB8z7Cg;Eksklusif: Prabowo Subianto Bicara | Mata Najwa;Najwa Shihab;@HelmiWitu;Pak Prabowo sememangnya orang yang hebat dan ambil peduli terhadap negara nya.;2025-10-19T07:06:28Z;1;pak prabowo sememangnya orang yang hebat dan ambil peduli terhadap negara nya;positif;0.9789
c9bHbB8z7Cg;Eksklusif: Prabowo Subianto Bicara | Mata Najwa;Najwa Shihab;@yoyojewe76;Buktikan ucapan itu atau sejarah akan mencatat mantan jendral itu hanya melewatkan sebagai presiden yang lemah dan banyak alasan ketika menyandang presiden gagal.;2025-10-19T01:42:23Z;1;buktikan ucapan itu atau sejarah akan mencatat mantan jendral itu hanya melewatkan sebagai presiden yang lemah dan banyak alasan ketika menyandang presiden gagal;negatif;0.9949
c9bHbB8z7Cg;Eksklusif: Prabowo Subianto Bicara | Mata Najwa;Najwa Shihab;@FitriaSabila-p1s;najwa sikat gigi dulu;2025-10-18T04:52:36Z;0;najwa sikat gigi dulu;netral;0.9716
c9bHbB8z7Cg;Eksklusif: Prabowo Subianto Bicara | Mata Najwa;Najwa Shihab;@Suryati-wl3mh;prsiden pa prbowo pemimpin yang tanggung jawab;2025-10-08T16:03:14Z;0;prsiden pa prbowo pemimpin yang tanggung jawab;netral;0.9771
c9bHbB8z7Cg;Eksklusif: Prabowo Subianto Bicara | Mata Najwa;Najwa Shihab;@ThenataJohanes;BPP KORUPR ROKOK UANG 💰💰💰💰💰💰💰 TUTUPAN  MASUKASEL HUKUMATIBPP UANG BMM KORUPTOR UAN;2025-10-05T18:24:27Z;1;bpp korupr rokok uang tutupan masukasel hukumatibpp uang bmm koruptor uan;netral;0.9588
c9bHbB8z7Cg;Eksklusif: Prabowo Subianto Bicara | Mata Najwa;Najwa Shihab;@ThenataJohanes;BPP TANGKAP ROKOK KORUPTOR UANG 💰💰💰💰💰💰 MASUKASEL HUKUMATI BPP UANG 💰💰💰💰💰💰💰 TUTUMATI HUKUMATI MASUKASEL KPU UANG 💰💰💰 MASUKASEL;2025-10-05T08:11:29Z;0;bpp tangkap rokok koruptor uang masukasel hukumati bpp uang tutumati hukumati masukasel kpu uang masukasel;netral;0.9825
c9bHbB8z7Cg;Eksklusif: Prabowo Subianto Bicara | Mata Najwa;Najwa Shihab;@SpoilerManclips;Mayoritas pejabat KORUP..... Berat Pak kalau ingin MAJU!!!! Mayoritas masuk kantong pribadi!!!!;2025-10-01T23:18:28Z;0;mayoritas pejabat korup berat pak kalau ingin maju mayoritas masuk kantong pribadi;negatif;0.9959
c9bHbB8z7Cg;Eksklusif: Prabowo Subianto Bicara | Mata Najwa;Najwa Shihab;@Katiri-o9q;Menurut sy pak prabowo itu orang jujur baik ikhlas terus belas kasih pada sesama.inilah presiden yg tiadatara. Aku bangga punya presiden seperti dia. Bagaimana kalau di pimpin bukan dia..ayo maju trs pak ..;2025-10-01T21:06:47Z;0;menurut saya pak prabowo itu orang jujur baik ikhlas terus belas kasih pada sesama inilah presiden yang tiadatara saya bangga punya presiden seperti dia bagaimana kalau di pimpin bukan dia ayo maju terus pak;positif;0.9695
c9bHbB8z7Cg;Eksklusif: Prabowo Subianto Bicara | Mata Najwa;Najwa Shihab;@filma7124;yg komen satu tahun yg lalu.. py kabarmu.. dan saya ucapkan slamat menikmati pilihan anda;2025-09-28T20:25:52Z;0;yang komen satu tahun yang lalu py kabarmu dan saya ucapkan selamat menikmati pilihan anda;positif;0.9848
c9bHbB8z7Cg;Eksklusif: Prabowo Subianto Bicara | Mata Najwa;Najwa Shihab;@NomensenS;Prrs Prabowo Subianto  tolong jangan terlalu dekat dgn Jokowi ,sebab Jokowi bukan atasannya;2025-09-24T13:55:13Z;2;prrs prabowo subianto tolong jangan terlalu dekat dengan jokowi sebab jokowi bukan atasannya;negatif;0.8426
c9bHbB8z7Cg;Eksklusif: Prabowo Subianto Bicara | Mata Najwa;Najwa Shihab;@Karwan123-xw2zs;Alhamdulillah  🇮🇩💘👆💪;2025-09-20T04:35:31Z;10;alhamdulillah;positif;0.9975
c9bHbB8z7Cg;Eksklusif: Prabowo Subianto Bicara | Mata Najwa;Najwa Shihab;@affamultimedia;Penonton 2025 ❤;2025-09-13T17:10:36Z;0;penonton;positif;0.8987
c9bHbB8z7Cg;Eksklusif: Prabowo Subianto Bicara | Mata Najwa;Najwa Shihab;@MariaSimbolon-j2e;1:26:30,Kalau anies atau ganjar yg ditanya sudah jadi bahan empuk buat jelekin lawan nya 😂😂😂;2025-09-10T11:53:46Z;2;kalau anies atau ganjar yang ditanya sudah jadi bahan empuk buat jelekin lawan nya;negatif;0.996
c9bHbB8z7Cg;Eksklusif: Prabowo Subianto Bicara | Mata Najwa;Najwa Shihab;@balyanyabrinasution3682;Iya pak, perbanyak artis jadi anggota dewan, yg penting terkenal ? Terpilih duduk jadi dewan;2025-09-07T17:18:13Z;2;iya pak perbanyak artis jadi anggota dewan yang penting terkenal terpilih duduk jadi dewan;positif;0.9368
c9bHbB8z7Cg;Eksklusif: Prabowo Subianto Bicara | Mata Najwa;Najwa Shihab;@balyanyabrinasution3682;Rakyat pasti dukung pak, tapi, lagu seperti yg bapak sampaikanbitu, sudah sering kami dengar dari pemimpin sebelum2 bapak. Faktanya rakyat kecewa ? Siapa yg diuntungkan pada akhirnya ? apakah rakyat ?;2025-09-07T17:13:54Z;1;rakyat pasti dukung pak tapi lagu seperti yang bapak sampaikanbitu sudah sering kami dengar dari pemimpin sebelum2 bapak faktanya rakyat kecewa siapa yang diuntungkan pada akhirnya apakah rakyat;negatif;0.9959
c9bHbB8z7Cg;Eksklusif: Prabowo Subianto Bicara | Mata Najwa;Najwa Shihab;@balyanyabrinasution3682;Kalau terbukti, food estetnya, rakyat pasti tak bertanya ?;2025-09-07T17:09:19Z;0;kalau terbukti food estetnya rakyat pasti tak bertanya;positif;0.6478
c9bHbB8z7Cg;Eksklusif: Prabowo Subianto Bicara | Mata Najwa;Najwa Shihab;@balyanyabrinasution3682;Faktanya selama ini, hutan habis, rakyat tak dapat apa2. Contohnya hutan Riau ?;2025-09-07T17:07:34Z;0;faktanya selama ini hutan habis rakyat tak dapat apa2 contohnya hutan riau;negatif;0.9894
c9bHbB8z7Cg;Eksklusif: Prabowo Subianto Bicara | Mata Najwa;Najwa Shihab;@balyanyabrinasution3682;Pak mana food estetnya mana pak ? Kok muter2 ?;2025-09-07T17:05:49Z;1;pak mana food estetnya mana pak kok muter2;negatif;0.9822
c9bHbB8z7Cg;Eksklusif: Prabowo Subianto Bicara | Mata Najwa;Najwa Shihab;@PramukaGas;Yeyyyyyf c;2025-09-05T20:48:25Z;0;yeyyf c;netral;0.9511
c9bHbB8z7Cg;Eksklusif: Prabowo Subianto Bicara | Mata Najwa;Najwa Shihab;@syeikhsideijenar7541;Kalau guru politiknya waaahh entar sen kanan belok kiri 😅;2025-09-05T20:19:17Z;0;kalau guru politiknya waahh nanti sen kanan belok kiri;netral;0.8269
c9bHbB8z7Cg;Eksklusif: Prabowo Subianto Bicara | Mata Najwa;Najwa Shihab;@syeikhsideijenar7541;Omongannya ga berbobot 😊;2025-09-05T20:17:43Z;0;omongannya tidak berbobot;negatif;0.9951
c9bHbB8z7Cg;Eksklusif: Prabowo Subianto Bicara | Mata Najwa;Najwa Shihab;@Coroosann;1:47:13 when yah...;2025-09-04T17:49:46Z;1;when yah;negatif;0.9927
c9bHbB8z7Cg;Eksklusif: Prabowo Subianto Bicara | Mata Najwa;Najwa Shihab;@Ahmadnursolikin-w7s;P;2025-08-31T20:33:45Z;0;p;netral;0.9535
c9bHbB8z7Cg;Eksklusif: Prabowo Subianto Bicara | Mata Najwa;Najwa Shihab;@zaspard787Solid;1:47:13;2025-08-29T12:26:49Z;2;;positif;0.8912
c9bHbB8z7Cg;Eksklusif: Prabowo Subianto Bicara | Mata Najwa;Najwa Shihab;@Silviani1705;selamat datang bergabung di chenel YouTube saya mama silviani RATU ADIL ( jiwa terpilih) sebelum saya ucapkan terima kasih banyak kepada: Najwa sihab;2025-08-29T10:35:20Z;0;selamat datang bergabung di chenel youtube saya mama silviani ratu adil jiwa terpilih sebelum saya ucapkan terima kasih banyak kepada najwa sihab;positif;0.9384
c9bHbB8z7Cg;Eksklusif: Prabowo Subianto Bicara | Mata Najwa;Najwa Shihab;@itsceilaaa;gelo banyak banget jejak buzzer di sini. silauuuuuuuuu;2025-08-28T07:15:37Z;0;gelo banyak sekali jejak buzzer di sini silauu;positif;0.9731
c9bHbB8z7Cg;Eksklusif: Prabowo Subianto Bicara | Mata Najwa;Najwa Shihab;@campuraduk3668;Pretttttttt 2025 08 20.05:19wib;2025-08-19T22:19:46Z;0;prett 19wib;netral;0.9779
c9bHbB8z7Cg;Eksklusif: Prabowo Subianto Bicara | Mata Najwa;Najwa Shihab;@pejuangkeadilan;Mencaplok ide Anies tapi tak menguasai sehingga realisasinya Ambu radul;2025-08-15T18:59:52Z;0;mencaplok ide anies tapi tak menguasai sehingga realisasinya ambu radul;negatif;0.9961
c9bHbB8z7Cg;Eksklusif: Prabowo Subianto Bicara | Mata Najwa;Najwa Shihab;@p.hasibuan3685;Macan Kopasus masuk perangkap cebong menjadi macan OMPONG;2025-08-13T06:52:54Z;0;macan kopasus masuk perangkap cebong menjadi macan ompong;negatif;0.9034
c9bHbB8z7Cg;Eksklusif: Prabowo Subianto Bicara | Mata Najwa;Najwa Shihab;@p.hasibuan3685;Macan masuk perangkapnya kambing;2025-08-13T06:51:37Z;0;macan masuk perangkapnya kambing;negatif;0.9947
c9bHbB8z7Cg;Eksklusif: Prabowo Subianto Bicara | Mata Najwa;Najwa Shihab;@ThrealpinochioJk;deforesasi dengan harus dan wajib mementingkan HAK PRIBUMI  dan sistemnya harus hijau dan emisi terkontroll , gitu aja susah bet pak bowo ngmong;2025-08-12T06:42:20Z;1;deforesasi dengan harus dan wajib mementingkan hak pribumi dan sistemnya harus hijau dan emisi terkontroll begitu saja susah bet pak bowo ngmong;negatif;0.9904
c9bHbB8z7Cg;Eksklusif: Prabowo Subianto Bicara | Mata Najwa;Najwa Shihab;@ThrealpinochioJk;pers dan media itu memang menyorot momen yang menurut mereka laku dijual ke masyarakat yang minim literasi dan edukasi mengenai mencari fakta aktual ... dan itu lumrah ...;2025-08-12T06:07:30Z;0;pers dan media itu memang menyorot momen yang menurut mereka laku dijual ke masyarakat yang minim literasi dan edukasi mengenai mencari fakta aktual dan itu lumrah;negatif;0.9668
c9bHbB8z7Cg;Eksklusif: Prabowo Subianto Bicara | Mata Najwa;Najwa Shihab;@Suryati-wl3mh;pa prbowo orang yang tranpran jawab apa ada nya jujur tida ada yang di tutupi itu orang yang menujuh sukses;2025-08-12T04:18:33Z;0;pa prbowo orang yang tranpran jawab apa ada nya jujur tidak ada yang di tutupi itu orang yang menujuh sukses;negatif;0.987
c9bHbB8z7Cg;Eksklusif: Prabowo Subianto Bicara | Mata Najwa;Najwa Shihab;@Suryati-wl3mh;bapa prsiden pa prbowo cerdas mau melaksanakan bahan dari dalem.negri akan di proses sendiri di jadi kan indonesa lebih ebat tangguh;2025-08-12T04:12:10Z;0;bapa prsiden pa prbowo cerdas mau melaksanakan bahan dari dalam negeri akan di proses sendiri di jadi kan indonesa lebih ebat tangguh;positif;0.6213
c9bHbB8z7Cg;Eksklusif: Prabowo Subianto Bicara | Mata Najwa;Najwa Shihab;@Suryati-wl3mh;pa bowo orang yang kuwat tanggung jawab keras sangat bijak;2025-08-12T03:41:23Z;0;pa bowo orang yang kuwat tanggung jawab keras sangat bijak;positif;0.9945
c9bHbB8z7Cg;Eksklusif: Prabowo Subianto Bicara | Mata Najwa;Najwa Shihab;@Suryati-wl3mh;prsiden pa prbowo tegas ta kala bicara mersama mb nadjwa berdebat janda tawa yang  luwar biyasa;2025-08-12T03:38:47Z;0;prsiden pa prbowo tegas ta kala bicara mersama mb nadjwa berdebat janda tawa yang luwar biyasa;netral;0.9741
c9bHbB8z7Cg;Eksklusif: Prabowo Subianto Bicara | Mata Najwa;Najwa Shihab;@OmRamayana.MusikOfficial;Saat ini tidak sesuai dng bicaranya saat kampanye;2025-08-07T18:30:31Z;2;saat ini tidak sesuai dengan bicaranya saat kampanye;negatif;0.9942
c9bHbB8z7Cg;Eksklusif: Prabowo Subianto Bicara | Mata Najwa;Najwa Shihab;@dianwahyuputra412;😂😂😂😂😂😂😂😂😂😂😂😂😂KETAWA GUA BACA KOMENTAR SEMUA ORANG;2025-08-05T23:41:08Z;1;tertawa saya baca komentar semua orang;negatif;0.9817
c9bHbB8z7Cg;Eksklusif: Prabowo Subianto Bicara | Mata Najwa;Najwa Shihab;@uyyuyy1285;😊;2025-08-05T00:16:51Z;0;;positif;0.8912
c9bHbB8z7Cg;Eksklusif: Prabowo Subianto Bicara | Mata Najwa;Najwa Shihab;@arashilham9070;Po mb v 49:39;2025-08-02T22:49:28Z;0;po mb v;netral;0.9811
c9bHbB8z7Cg;Eksklusif: Prabowo Subianto Bicara | Mata Najwa;Najwa Shihab;@HeryHaryadi-d9g;Lembek lah sang jendral TDK sekuat tukang kayu😂;2025-08-01T16:14:14Z;0;lembek lah sang jendral tidak sekuat tukang kayu;negatif;0.9959
c9bHbB8z7Cg;Eksklusif: Prabowo Subianto Bicara | Mata Najwa;Najwa Shihab;@junaedijunedi7344;Hukumati koruptor buktikan jgn blg ksian ank cucu ini mslah negara bkan kluarga pribadi;2025-07-31T12:43:33Z;0;hukumati koruptor buktikan jangan bilang kasihan anak cucu ini mslah negara bukan kluarga pribadi;negatif;0.9954
c9bHbB8z7Cg;Eksklusif: Prabowo Subianto Bicara | Mata Najwa;Najwa Shihab;@junaedijunedi7344;Skrg udh jdi buktikan jgn bnyk mnyusahkn rakyat;2025-07-31T12:42:31Z;1;sekarang sudah jadi buktikan jangan banyak mnyusahkn rakyat;negatif;0.9952
c9bHbB8z7Cg;Eksklusif: Prabowo Subianto Bicara | Mata Najwa;Najwa Shihab;@AnjasMoro-u2r;Ah gak ada nyali rasanya sih.;2025-07-29T19:12:07Z;0;ah tidak ada nyali rasanya sih;negatif;0.9669
c9bHbB8z7Cg;Eksklusif: Prabowo Subianto Bicara | Mata Najwa;Najwa Shihab;@RULEME;1:47:13;2025-07-29T05:32:58Z;1;;positif;0.8912
c9bHbB8z7Cg;Eksklusif: Prabowo Subianto Bicara | Mata Najwa;Najwa Shihab;@herdiansyahputra112;1:47:08 ini kan yg kalian cari;2025-07-28T03:09:58Z;3;ini kan yang kalian cari;negatif;0.9961
c9bHbB8z7Cg;Eksklusif: Prabowo Subianto Bicara | Mata Najwa;Najwa Shihab;@Karinem-g5v;Kak , sekarang Prabowo Subianto ga pernah tampil dan  kerja nyata nya gak ada, juga gak pernah blusukan;2025-07-19T19:31:49Z;0;kak sekarang prabowo subianto tidak pernah tampil dan kerja nyata nya tidak ada juga tidak pernah blusukan;negatif;0.639
c9bHbB8z7Cg;Eksklusif: Prabowo Subianto Bicara | Mata Najwa;Najwa Shihab;@Hendrisilvas;Bukan omong mulu lgag rubah  pk sistem segera klo mmg memihak ke rkyt klo ngomong nulu kelamaan diam aj tapi ada fakta itu sang pemimpin sejati😂;2025-07-17T05:59:35Z;0;bukan omong terus lgag rubah pk sistem segera kalau memang memihak ke rkyt kalau bicara nulu kelamaan diam saja tapi ada fakta itu sang pemimpin sejati;negatif;0.9953
c9bHbB8z7Cg;Eksklusif: Prabowo Subianto Bicara | Mata Najwa;Najwa Shihab;@BintangSatria-j6t;Iya pak bener buktinya najwa dihapus, risiq sihab, bahar Semit dll😅😅😅;2025-07-14T20:16:36Z;0;iya pak benar buktinya najwa dihapus risiq sihab bahar semit dan lain;negatif;0.9813
c9bHbB8z7Cg;Eksklusif: Prabowo Subianto Bicara | Mata Najwa;Najwa Shihab;@wmnyooo11;Awokawokawok hidup jokoweee;2025-07-07T13:35:40Z;1;awokawokawok hidup jokowee;netral;0.9807
c9bHbB8z7Cg;Eksklusif: Prabowo Subianto Bicara | Mata Najwa;Najwa Shihab;@muhammadyasri747;Presiden omon omon;2025-07-05T19:04:41Z;3;presiden omon omon;netral;0.9417
c9bHbB8z7Cg;Eksklusif: Prabowo Subianto Bicara | Mata Najwa;Najwa Shihab;@infobatui;Pda akhirnya yang kaya raya itu keluarga jokwi. Bahlil dan keluarga opung luhut😂😂😂😂;2025-07-04T01:11:10Z;0;pda akhirnya yang kaya raya itu keluarga jokwi bahlil dan keluarga opung luhut;positif;0.4462
c9bHbB8z7Cg;Eksklusif: Prabowo Subianto Bicara | Mata Najwa;Najwa Shihab;@risdabayu1216;🎉🎉;2025-07-03T18:50:42Z;0;;positif;0.8912
c9bHbB8z7Cg;Eksklusif: Prabowo Subianto Bicara | Mata Najwa;Najwa Shihab;@risdabayu1216;🎉;2025-07-03T18:50:42Z;0;;positif;0.8912
c9bHbB8z7Cg;Eksklusif: Prabowo Subianto Bicara | Mata Najwa;Najwa Shihab;@imronsatah6579;"Assalamua'laikum,ibu Najwa dan bkp,Presiden RI trhormat,bid politik,kita tdk ingin diremehkan ,kita hrs di segani.
Bid,energi ini dampak trberat,misalnya minyak hrs ada subsidi pemerinah,bila minyak naik  semua naik ,alasanbea transfortasi ,dampak kemasyarakat hrs nambah penghasilan.ya klau bisa......itu sedikit narasi yg kita ,masyarakat alami ,mhn maap pk,Presiden RI yg kita hormati ,cintai.mga bpk di brikan kekuatan lhr& bathin oleh Allah sehingga dpt membangun indonesia  ,dri negara brkembang menjadi negara maju,industri aamiin YRA🙏🏼👍👍👍❤️😊🤠🤲";2025-06-30T08:36:26Z;1;assalamua laikum ibu najwa dan bkp presiden ri trhormat bid politik kita tidak ingin diremehkan kita harus di segani bid energi ini dampak trberat misalnya minyak harus ada subsidi pemerinah bila minyak naik semua naik alasanbea transfortasi dampak kemasyarakat harus tambah penghasilan ya kalau bisa itu sedikit narasi yang kita masyarakat alami mhn maaf pk presiden ri yang kita hormati cintai mga bapak di brikan kekuatan lhr bathin oleh allah sehingga dapat membangun indonesia dari negara brkembang menjadi negara maju industri amin yra;positif;0.9719
c9bHbB8z7Cg;Eksklusif: Prabowo Subianto Bicara | Mata Najwa;Najwa Shihab;@sugionojoyodiningrat3614;Nasfa hos gk punya etika;2025-06-27T23:09:26Z;0;nasfa hos tidak punya etika;negatif;0.9906
c9bHbB8z7Cg;Eksklusif: Prabowo Subianto Bicara | Mata Najwa;Najwa Shihab;@hermawans9960;Kepreeeetttt, presiden ompong;2025-06-26T19:41:43Z;1;kepreett presiden ompong;netral;0.9469
c9bHbB8z7Cg;Eksklusif: Prabowo Subianto Bicara | Mata Najwa;Najwa Shihab;@axxciom;"1:47:09 
Sama sama";2025-06-22T13:28:52Z;12;sama sama;positif;0.9806
c9bHbB8z7Cg;Eksklusif: Prabowo Subianto Bicara | Mata Najwa;Najwa Shihab;@erwinanthony5415;"@Najwa Shihab
Di tunggu klafifikasi soal demo bayaran Marsela.
Jangan bisanya bahas yang arahnya kekurangan pemerintah. Sebagai jurnalis yang katanya konon hebat, bongkar siapa dalang pendanaan marsela. Karena marsela cuma babu saja, bohirnya masih bebas.
Ini tantangan / challange buat Najwa Shihab.";2025-06-21T09:02:34Z;0;shihab di tunggu klafifikasi soal demo bayaran marsela jangan bisanya bahas yang arahnya kekurangan pemerintah sebagai jurnalis yang katanya konon hebat bongkar siapa dalang pendanaan marsela karena marsela cuma babu saja bohirnya masih bebas ini tantangan challange buat najwa shihab;negatif;0.9708
c9bHbB8z7Cg;Eksklusif: Prabowo Subianto Bicara | Mata Najwa;Najwa Shihab;@PuangTija;TllMau;2025-06-21T00:28:56Z;0;tllmau;netral;0.9515
c9bHbB8z7Cg;Eksklusif: Prabowo Subianto Bicara | Mata Najwa;Najwa Shihab;@deyounchanel;😊😊😊😊😊😊😊😊😊😊😊😊😊😊😊😊😊😊😊😊😊;2025-06-20T22:55:14Z;1;;positif;0.8912
c9bHbB8z7Cg;Eksklusif: Prabowo Subianto Bicara | Mata Najwa;Najwa Shihab;@EstuRatri;Kdm Lebih BTS;2025-06-19T04:33:53Z;0;kdm lebih bts;positif;0.6704
c9bHbB8z7Cg;Eksklusif: Prabowo Subianto Bicara | Mata Najwa;Najwa Shihab;@BOIM_OFICIAL;Ga jokowi gak prabowo sam aja sifatnya ga ngerti arti dari kritikan itu sy jelaskan arti dari kritikan itu pak sebagai protes keras kepada  pemimpin Indonesia karna adanya kekurangan di dalam memimpin negerinyya;2025-06-18T19:05:59Z;0;tidak jokowi tidak prabowo sam saja sifatnya tidak ngerti arti dari kritikan itu saya jelaskan arti dari kritikan itu pak sebagai protes keras kepada pemimpin indonesia karena adanya kekurangan di dalam memimpin negerinyya;negatif;0.9944
c9bHbB8z7Cg;Eksklusif: Prabowo Subianto Bicara | Mata Najwa;Najwa Shihab;@V2418Vivo;Waw prabowo keren;2025-06-16T17:46:24Z;0;waw prabowo keren;negatif;0.8883
c9bHbB8z7Cg;Eksklusif: Prabowo Subianto Bicara | Mata Najwa;Najwa Shihab;@rocker-s1j;10.4jt keren Kaka najwa;2025-06-11T23:42:52Z;0;4jt keren kakak najwa;positif;0.9439
c9bHbB8z7Cg;Eksklusif: Prabowo Subianto Bicara | Mata Najwa;Najwa Shihab;@muslimforever7851;"habis selesai 5 tahun di Jabar. ke jakarta dulu pak🙏

tapi kalo mau langsung RI 1 sy dukung juga pak..👍";2025-06-10T18:58:01Z;1;habis selesai tahun di jabar ke jakarta dulu pak tapi kalau mau langsung ri saya dukung juga pak;positif;0.9595
c9bHbB8z7Cg;Eksklusif: Prabowo Subianto Bicara | Mata Najwa;Najwa Shihab;@ibnunugroho5367;Dan skrng tidak terbukti😑;2025-06-10T17:56:58Z;1;dan sekarang tidak terbukti;negatif;0.996
c9bHbB8z7Cg;Eksklusif: Prabowo Subianto Bicara | Mata Najwa;Najwa Shihab;@SatosYoman-l6g;Anake najwa syihab gak ada ygkuiah. Anakmu wnita. Berarti tdk ada.;2025-06-10T14:17:42Z;0;anake najwa syihab tidak ada ygkuiah anakmu wnita berarti tidak ada;negatif;0.8342
c9bHbB8z7Cg;Eksklusif: Prabowo Subianto Bicara | Mata Najwa;Najwa Shihab;@carabelajarhipnotis6559;Ngga Salah Gusdur;2025-06-09T03:36:10Z;0;tidak salah gusdur;positif;0.9548
c9bHbB8z7Cg;Eksklusif: Prabowo Subianto Bicara | Mata Najwa;Najwa Shihab;@sumiree9743;taeklah prabowo mentang2 dr tni semua pemerintahan mau pakai tni;2025-06-08T04:17:32Z;1;taeklah prabowo mentang2 dari tni semua pemerintahan mau pakai tni;netral;0.6231
c9bHbB8z7Cg;Eksklusif: Prabowo Subianto Bicara | Mata Najwa;Najwa Shihab;@PasoraTumanggar09;Zq;2025-06-07T23:31:22Z;0;zq;netral;0.7218
c9bHbB8z7Cg;Eksklusif: Prabowo Subianto Bicara | Mata Najwa;Najwa Shihab;@VeraWati-ge6kt;Mbak majwa = pasti di tembak ke luar negri = kajwa jahat = presiden bijak kita punya = bpk segala bpk kita.;2025-06-05T23:47:22Z;0;mbak majwa pasti di tembak ke luar negeri kajwa jahat presiden bijak kita punya bapak segala bapak kita;negatif;0.8447
c9bHbB8z7Cg;Eksklusif: Prabowo Subianto Bicara | Mata Najwa;Najwa Shihab;@VeraWati-ge6kt;"Pak brabowo presiden kita = rakyat kejam buang sampah atau maling percaya karma ""' di tembak mereka semua di luar negri""' = biadap negara sendiri.";2025-06-05T23:43:59Z;1;pak brabowo presiden kita rakyat kejam buang sampah atau maling percaya karma di tembak mereka semua di luar negeri biadap negara sendiri;negatif;0.9958
c9bHbB8z7Cg;Eksklusif: Prabowo Subianto Bicara | Mata Najwa;Najwa Shihab;@VeraWati-ge6kt;"Sayang abang pa....
Mama abanģ itu pa....";2025-06-05T23:39:28Z;0;sayang abang pa mama abanģ itu pa;positif;0.9434
c9bHbB8z7Cg;Eksklusif: Prabowo Subianto Bicara | Mata Najwa;Najwa Shihab;@VeraWati-ge6kt;Saya ok kata istri presiden prabowo anak presiden baik.;2025-06-05T23:38:23Z;0;saya oke kata istri presiden prabowo anak presiden baik;positif;0.93
c9bHbB8z7Cg;Eksklusif: Prabowo Subianto Bicara | Mata Najwa;Najwa Shihab;@VeraWati-ge6kt;Biadap kiri presiden pak prabòwo mulut ular ber bisa = mati saya.;2025-06-05T23:37:34Z;0;biadap kiri presiden pak prabòwo mulut ular ber bisa mati saya;negatif;0.9922
c9bHbB8z7Cg;Eksklusif: Prabowo Subianto Bicara | Mata Najwa;Najwa Shihab;@VeraWati-ge6kt;Baru sadar presiden = kemana saja saya kecil tuan tuan semua presiden pintar teknologi tuan tuan hancurkan senang uang koruptor.;2025-06-05T23:36:19Z;0;baru sadar presiden kemana saja saya kecil tuan tuan semua presiden pintar teknologi tuan tuan hancurkan senang uang koruptor;negatif;0.9953
c9bHbB8z7Cg;Eksklusif: Prabowo Subianto Bicara | Mata Najwa;Najwa Shihab;@Comedy_putar;Kapan tikus 2 koroptor d hukum mati agar negri ini sejahtera;2025-06-05T21:07:50Z;0;kapan tikus koroptor d hukum mati agar negeri ini sejahtera;negatif;0.6311
c9bHbB8z7Cg;Eksklusif: Prabowo Subianto Bicara | Mata Najwa;Najwa Shihab;@ihzafilia5866;hhmmmmmm;2025-06-05T03:09:32Z;0;hhmm;positif;0.9397
c9bHbB8z7Cg;Eksklusif: Prabowo Subianto Bicara | Mata Najwa;Najwa Shihab;@SovanSmarjido;Prabowo sudah tenang karena sudah mendapatkan dukungan dari Jokowi denga taktik curang.., di jamin menang;2025-06-03T19:14:42Z;0;prabowo sudah tenang karena sudah mendapatkan dukungan dari jokowi denga taktik curang di jamin menang;positif;0.5728
c9bHbB8z7Cg;Eksklusif: Prabowo Subianto Bicara | Mata Najwa;Najwa Shihab;@teguhhardono7763;Dari mentri pak prabowo sudah membidik posisi RI 1 dgn aman;2025-06-01T23:26:12Z;0;dari mentri pak prabowo sudah membidik posisi ri dengan aman;netral;0.9755
c9bHbB8z7Cg;Eksklusif: Prabowo Subianto Bicara | Mata Najwa;Najwa Shihab;@deliondelora;1:47:12 ketika lu ditanya kapan nikah;2025-06-01T21:02:04Z;1;ketika kamu ditanya kapan nikah;negatif;0.5732
c9bHbB8z7Cg;Eksklusif: Prabowo Subianto Bicara | Mata Najwa;Najwa Shihab;@fedrihusaena7853;56:47;2025-06-01T20:39:52Z;2;;positif;0.8912
c9bHbB8z7Cg;Eksklusif: Prabowo Subianto Bicara | Mata Najwa;Najwa Shihab;@widihartono8517;Tombol kecewa;2025-05-31T00:15:30Z;0;tombol kecewa;negatif;0.9959
c9bHbB8z7Cg;Eksklusif: Prabowo Subianto Bicara | Mata Najwa;Najwa Shihab;@somatsomat3924;Gedabrus;2025-05-29T22:08:18Z;0;gedabrus;negatif;0.9727
c9bHbB8z7Cg;Eksklusif: Prabowo Subianto Bicara | Mata Najwa;Najwa Shihab;@MahendraZulfahri;Uaauyu uawui😮uua;2025-05-27T22:21:05Z;0;uaauyu uawui uua;negatif;0.8815
c9bHbB8z7Cg;Eksklusif: Prabowo Subianto Bicara | Mata Najwa;Najwa Shihab;@ArifinEfendi-p4y;Saya Salut banget dgn Prinsip pak Prabowo Subianto yg berjuang utk menjadi RI berkali kali di kalahkan tapi tdk pernah menyerah tapi terrus Maju pantang mundur pada akhirnya menang juag di Pilpres 2024 dan bp sekarang telah menjadi Presiden Indonesia  yg ke 8 saya mengagumi bp bisa menjadi pelajaran kita semua;2025-05-27T21:26:31Z;0;saya salut sekali dengan prinsip pak prabowo subianto yang berjuang untuk menjadi ri berkali kali di kalahkan tapi tidak pernah menyerah tapi terrus maju pantang mundur pada akhirnya menang juag di pilpres dan bp sekarang telah menjadi presiden indonesia yang ke saya mengagumi bp bisa menjadi pelajaran kita semua;positif;0.9971
c9bHbB8z7Cg;Eksklusif: Prabowo Subianto Bicara | Mata Najwa;Najwa Shihab;@ParlinManullank;😂❤;2025-05-26T00:47:46Z;0;;positif;0.8912
c9bHbB8z7Cg;Eksklusif: Prabowo Subianto Bicara | Mata Najwa;Najwa Shihab;@baguskantik;Kadrun masih dikumandangkan karena kadrun sendiri TDK tahu diri😂😂😂😂;2025-05-25T20:01:50Z;1;kadrun masih dikumandangkan karena kadrun sendiri tidak tahu diri;negatif;0.9553
c9bHbB8z7Cg;Eksklusif: Prabowo Subianto Bicara | Mata Najwa;Najwa Shihab;@SeinperiSumenda;Pra jgn kamu jual-beli ABRI omong kosong😂😂😂;2025-05-24T04:01:00Z;0;pra jangan kamu jual beli abri omong kosong;negatif;0.9949
c9bHbB8z7Cg;Eksklusif: Prabowo Subianto Bicara | Mata Najwa;Najwa Shihab;@SeinperiSumenda;Prawowo jgn tunjuk anda ptakurit😂😂😂😂;2025-05-24T03:56:41Z;0;prawowo jangan tunjuk anda ptakurit;negatif;0.9583
c9bHbB8z7Cg;Eksklusif: Prabowo Subianto Bicara | Mata Najwa;Najwa Shihab;@SeinperiSumenda;Prawowo jadi presidwn yg bagus;2025-05-24T03:55:03Z;0;prawowo jadi presidwn yang bagus;positif;0.9965
c9bHbB8z7Cg;Eksklusif: Prabowo Subianto Bicara | Mata Najwa;Najwa Shihab;@SeinperiSumenda;Prawowo kalau nda Gibran anda nda jadi presiden😂😂😂😂;2025-05-24T03:54:03Z;0;prawowo kalau tidak gibran anda tidak jadi presiden;netral;0.5632
c9bHbB8z7Cg;Eksklusif: Prabowo Subianto Bicara | Mata Najwa;Najwa Shihab;@PixelahCeha;1:47:13 Kapan Yah😊;2025-05-23T20:47:29Z;1;kapan yah;negatif;0.9884
c9bHbB8z7Cg;Eksklusif: Prabowo Subianto Bicara | Mata Najwa;Najwa Shihab;@andricardilite8413;Sekarang sampai dengan hari ini, saya rasa harimau sirkus Pa.. Ayolah,rakyat membutuhkan presiden yang benar bekerja;2025-05-22T18:09:58Z;0;sekarang sampai dengan hari ini saya rasa harimau sirkus pa ayolah rakyat membutuhkan presiden yang benar bekerja;negatif;0.9748
c9bHbB8z7Cg;Eksklusif: Prabowo Subianto Bicara | Mata Najwa;Najwa Shihab;@IbamAnanta;Bacotmu pesanan jokowi;2025-05-20T17:07:53Z;0;bacotmu pesanan jokowi;negatif;0.9959
c9bHbB8z7Cg;Eksklusif: Prabowo Subianto Bicara | Mata Najwa;Najwa Shihab;@alym_Sky;"Mengenai isu HAM
Udah banyak yg tau alasan dan knpa terjadi 
Tapi musuh akan ttap cari cara buat jatuhin beliau";2025-05-20T16:39:33Z;0;mengenai isu ham sudah banyak yang tahu alasan dan kenapa terjadi tapi musuh akan ttap cari cara buat jatuhin beliau;negatif;0.995
c9bHbB8z7Cg;Eksklusif: Prabowo Subianto Bicara | Mata Najwa;Najwa Shihab;@SeinperiSumenda;Prawowo usahakan jujur anda presiden bukan prajurit;2025-05-19T23:17:07Z;0;prawowo usahakan jujur anda presiden bukan prajurit;negatif;0.9635
c9bHbB8z7Cg;Eksklusif: Prabowo Subianto Bicara | Mata Najwa;Najwa Shihab;@alvinzebua348;Kalem??apa itu;2025-05-17T00:56:20Z;3;kalem apa itu;negatif;0.9943
c9bHbB8z7Cg;Eksklusif: Prabowo Subianto Bicara | Mata Najwa;Najwa Shihab;@DidyNayla;🤣,..,............;2025-05-16T20:57:52Z;0;;positif;0.8912
c9bHbB8z7Cg;Eksklusif: Prabowo Subianto Bicara | Mata Najwa;Najwa Shihab;@imeldasaputri;gk cocok sama omonganmu pak...;2025-05-15T22:09:42Z;0;tidak cocok sama omonganmu pak;negatif;0.9961
c9bHbB8z7Cg;Eksklusif: Prabowo Subianto Bicara | Mata Najwa;Najwa Shihab;@AndiMuhyusuf-s9l;"O0l.ll00


9llp
Ol.ool90
.l

l


Lo0l
O

Oo
O
Lo

L
0
L.ol
.0o9l.
L
Lo9o

L9l
.l
0
.l
Pllo
L
.l0pl0
9


0oOl9
00
O.l
0lllll
O
Olo
Loo9l

😊😊😊😊";2025-05-15T18:09:45Z;0;o0l ll00 9llp online ool90 l l lo0l o oo o kamu l l online 0o9l l lo9o l9l l l pllo l l0pl0 0ool9 o l 0ll o olo loo9l;netral;0.9817
c9bHbB8z7Cg;Eksklusif: Prabowo Subianto Bicara | Mata Najwa;Najwa Shihab;@ahlanmuhammadfauzan;Yg menghina dg sadis  Prabowo tdk lain fufufafa & gerombolannya;2025-05-14T17:59:09Z;0;yang menghina dengan sadis prabowo tidak lain fufufafa gerombolannya;negatif;0.9958
c9bHbB8z7Cg;Eksklusif: Prabowo Subianto Bicara | Mata Najwa;Najwa Shihab;@joniaja7573;😂;2025-05-13T20:26:02Z;0;;positif;0.8912
c9bHbB8z7Cg;Eksklusif: Prabowo Subianto Bicara | Mata Najwa;Najwa Shihab;@aldylukman552;Planga;2025-05-13T19:33:09Z;1;planga;positif;0.7814
c9bHbB8z7Cg;Eksklusif: Prabowo Subianto Bicara | Mata Najwa;Najwa Shihab;@MokoSetiawan-mk7oo;Yang jadi president indonesia siapa saja yang penting orang kecil butuh ekonomi tidak susah;2025-05-12T20:45:55Z;0;yang jadi president indonesia siapa saja yang penting orang kecil butuh ekonomi tidak susah;positif;0.9958
c9bHbB8z7Cg;Eksklusif: Prabowo Subianto Bicara | Mata Najwa;Najwa Shihab;@masddt;Ini baru presiden gw jauh lah kelas nya sm 10 thn lalu;2025-05-10T20:57:39Z;0;ini baru presiden saya jauh lah kelas nya sama tahun lalu;negatif;0.992
c9bHbB8z7Cg;Eksklusif: Prabowo Subianto Bicara | Mata Najwa;Najwa Shihab;@barakaofficiall6662;Ucapan nya belit2;2025-05-10T19:25:51Z;0;ucapan nya belit2;negatif;0.9959
c9bHbB8z7Cg;Eksklusif: Prabowo Subianto Bicara | Mata Najwa;Najwa Shihab;@EsyeMon;save thx;2025-05-10T18:17:39Z;0;save terima kasih;positif;0.9965
c9bHbB8z7Cg;Eksklusif: Prabowo Subianto Bicara | Mata Najwa;Najwa Shihab;@DikaRahardi-w2k;"Omon omon..
Pak Prabowo Presiden Republik Indonesia dan Pak Jokowi pemegang kekuasaan 3 periode Pemerintahan Republik Indonesia";2025-05-10T07:50:19Z;1;omon omon pak prabowo presiden republik indonesia dan pak jokowi pemegang kekuasaan periode pemerintahan republik indonesia;netral;0.9771
c9bHbB8z7Cg;Eksklusif: Prabowo Subianto Bicara | Mata Najwa;Najwa Shihab;@Aventador-t2q;🔥🔥🔥;2025-05-08T01:56:23Z;0;;positif;0.8912
c9bHbB8z7Cg;Eksklusif: Prabowo Subianto Bicara | Mata Najwa;Najwa Shihab;@radenmasplenggong1731;Sundelbolong;2025-05-07T22:08:08Z;1;sundelbolong;netral;0.4818
c9bHbB8z7Cg;Eksklusif: Prabowo Subianto Bicara | Mata Najwa;Najwa Shihab;@radenmasplenggong1731;Sundelbolong;2025-05-07T22:07:53Z;0;sundelbolong;netral;0.4818
c9bHbB8z7Cg;Eksklusif: Prabowo Subianto Bicara | Mata Najwa;Najwa Shihab;@radenmasplenggong1731;Sundelbolong;2025-05-07T22:07:37Z;0;sundelbolong;netral;0.4818
c9bHbB8z7Cg;Eksklusif: Prabowo Subianto Bicara | Mata Najwa;Najwa Shihab;@radenmasplenggong1731;Sundelbolong;2025-05-07T22:07:20Z;0;sundelbolong;netral;0.4818
c9bHbB8z7Cg;Eksklusif: Prabowo Subianto Bicara | Mata Najwa;Najwa Shihab;@radenmasplenggong1731;Dundelbolong;2025-05-07T22:07:05Z;0;dundelbolong;netral;0.9627
c9bHbB8z7Cg;Eksklusif: Prabowo Subianto Bicara | Mata Najwa;Najwa Shihab;@radenmasplenggong1731;Sundelbolong;2025-05-07T22:06:48Z;0;sundelbolong;netral;0.4818
c9bHbB8z7Cg;Eksklusif: Prabowo Subianto Bicara | Mata Najwa;Najwa Shihab;@radenmasplenggong1731;Sundelbolong;2025-05-07T22:06:31Z;0;sundelbolong;netral;0.4818
c9bHbB8z7Cg;Eksklusif: Prabowo Subianto Bicara | Mata Najwa;Najwa Shihab;@radenmasplenggong1731;Sundelbolong;2025-05-07T22:06:15Z;0;sundelbolong;netral;0.4818
c9bHbB8z7Cg;Eksklusif: Prabowo Subianto Bicara | Mata Najwa;Najwa Shihab;@radenmasplenggong1731;Sundelbolong;2025-05-07T22:05:57Z;0;sundelbolong;netral;0.4818
c9bHbB8z7Cg;Eksklusif: Prabowo Subianto Bicara | Mata Najwa;Najwa Shihab;@jannersitorus;⁵ di oi 8 Wawa;2025-05-05T19:27:36Z;2;⁵ di oi wawa;netral;0.9626
c9bHbB8z7Cg;Eksklusif: Prabowo Subianto Bicara | Mata Najwa;Najwa Shihab;@EdiBaskoro-y1f;Pak Prabowo yang sabar Dan Tenang walaupun masih Perlu Dukungan Untuk Jadi Pemimpin Negara ..Karna Rakyat Berbeza beza larakter dan politiknya;2025-05-05T16:51:58Z;1;pak prabowo yang sabar dan tenang walaupun masih perlu dukungan untuk jadi pemimpin negara karena rakyat berbeza beza larakter dan politiknya;positif;0.9189
c9bHbB8z7Cg;Eksklusif: Prabowo Subianto Bicara | Mata Najwa;Najwa Shihab;@EdiBaskoro-y1f;MANTAP PAK WOWO🙏🏻👌☝️👌👌❤❤❤❤❤❤❤❤❤❤❤❤;2025-05-05T16:50:00Z;0;mantap pak wowo;positif;0.9974
c9bHbB8z7Cg;Eksklusif: Prabowo Subianto Bicara | Mata Najwa;Najwa Shihab;@Aminahsiti174;Sebenar nya pinter pak probowo itu  bicara apapun hrs trs hadapi;2025-05-05T13:47:32Z;0;sebenar nya pintar pak probowo itu bicara apapun harus terus hadapi;negatif;0.9945
c9bHbB8z7Cg;Eksklusif: Prabowo Subianto Bicara | Mata Najwa;Najwa Shihab;@Aminahsiti174;Pinterternyata pak proboeo klu bicara;2025-05-05T13:43:38Z;0;pinterternyata pak proboeo kalau bicara;positif;0.8681
c9bHbB8z7Cg;Eksklusif: Prabowo Subianto Bicara | Mata Najwa;Najwa Shihab;@Aminahsiti174;Btl itu pak presiden;2025-05-05T13:42:08Z;0;betul itu pak presiden;positif;0.9838
c9bHbB8z7Cg;Eksklusif: Prabowo Subianto Bicara | Mata Najwa;Najwa Shihab;@IwanIwan-er4nd;Tulus;2025-05-05T06:22:03Z;0;tulus;positif;0.9964
c9bHbB8z7Cg;Eksklusif: Prabowo Subianto Bicara | Mata Najwa;Najwa Shihab;@mohdalfie6990;Seandainya indonesia dari awal dapat pemerintah begini mungkin skrng indonesia negara paling maju..;2025-05-03T14:11:20Z;3;seandainya indonesia dari awal dapat pemerintah begini mungkin sekarang indonesia negara paling maju;positif;0.9488
c9bHbB8z7Cg;Eksklusif: Prabowo Subianto Bicara | Mata Najwa;Najwa Shihab;@PeiSimpei;Kami sangat puas atas penjelasan pa 1:08:58 presiden yang ingin menjestrakan rakyatnya;2025-05-03T08:59:36Z;0;kami sangat puas atas penjelasan pa presiden yang ingin menjestrakan rakyatnya;positif;0.9705
c9bHbB8z7Cg;Eksklusif: Prabowo Subianto Bicara | Mata Najwa;Najwa Shihab;@PeiSimpei;Mantap;2025-05-03T08:53:48Z;0;mantap;positif;0.9976
c9bHbB8z7Cg;Eksklusif: Prabowo Subianto Bicara | Mata Najwa;Najwa Shihab;@Akhmadyusriza11;Oh;2025-05-03T02:39:14Z;0;oh;negatif;0.995
c9bHbB8z7Cg;Eksklusif: Prabowo Subianto Bicara | Mata Najwa;Najwa Shihab;@Akhmadyusriza11;Pahlawan aku ya bapak presdien kita lah prabow subianto versus pak anif 50,50..jual diri demi janda pirang anak pirang pirang kuningbiru hijau;2025-05-03T02:38:21Z;0;pahlawan saya ya bapak presdien kita lah prabow subianto versus pak anif jual diri demi janda pirang anak pirang pirang kuningbiru hijau;negatif;0.9645
c9bHbB8z7Cg;Eksklusif: Prabowo Subianto Bicara | Mata Najwa;Najwa Shihab;@PujiAdistika;GA JELAS NGOMONG APA;2025-05-01T20:09:52Z;0;tidak jelas bicara apa;negatif;0.9958
c9bHbB8z7Cg;Eksklusif: Prabowo Subianto Bicara | Mata Najwa;Najwa Shihab;@dewiPuspita-u8b;"rekam jejak si wowo ini ( ngeri..?).  sampai diusir dari keluarga cendana oleh mertuanya sendiri...nyalon sudah berkali kali...terakhir bisa jadi. Juga karena bantuan dari mulyono..karena wakilnya anak mulyono...para pembantunya sebagian besar diisi oleh orang yg tidak bersih dari korupsi besar...terus apa yg bisa di harap dari dia...??????
INDONESIA GELAP di depan mata.....!!!!";2025-04-30T15:49:07Z;2;rekam jejak si wowo ini ngeri sampai diusir dari keluarga cendana oleh mertuanya sendiri nyalon sudah berkali kali terakhir bisa jadi juga karena bantuan dari mulyono karena wakilnya anak mulyono para pembantunya sebagian besar diisi oleh orang yang tidak bersih dari korupsi besar terus apa yang bisa di harap dari dia indonesia gelap di depan mata;negatif;0.9962
c9bHbB8z7Cg;Eksklusif: Prabowo Subianto Bicara | Mata Najwa;Najwa Shihab;@subrotofrans817;Analogi pak Prabowo  luar biasa;2025-04-29T20:44:01Z;2;analogi pak prabowo luar biasa;positif;0.941
c9bHbB8z7Cg;Eksklusif: Prabowo Subianto Bicara | Mata Najwa;Najwa Shihab;@ilhameldester;2025 anyone???;2025-04-29T19:43:53Z;0;anyone;netral;0.9733
c9bHbB8z7Cg;Eksklusif: Prabowo Subianto Bicara | Mata Najwa;Najwa Shihab;@OfanderMakalegi;"N


  ..b . .
 ..

 

  
  .u
 
 . 
.  . . 
 
  
 . .
.";2025-04-29T19:04:43Z;0;n b kamu;negatif;0.717
c9bHbB8z7Cg;Eksklusif: Prabowo Subianto Bicara | Mata Najwa;Najwa Shihab;@OfanderMakalegi;".    
  

. 
.     


 .  
😅    
 

. 
.
    

 
 .

 .    😅   
  
 . . 

 
😅

 
 B
  

  N.  
.   
 U b . . ..
 .   😅 .";2025-04-29T19:04:30Z;0;b n kamu b;netral;0.6951
c9bHbB8z7Cg;Eksklusif: Prabowo Subianto Bicara | Mata Najwa;Najwa Shihab;@subhanmaulana8135;Ayo donk tetep smangat pa 😊;2025-04-29T15:42:42Z;1;ayo donk tetap semangat pa;positif;0.9728
c9bHbB8z7Cg;Eksklusif: Prabowo Subianto Bicara | Mata Najwa;Najwa Shihab;@Mr.Arifin_01;Tahun 2025   ini gimana ini kabarnya Pak Bowo   ?;2025-04-29T11:44:05Z;1;tahun ini gimana ini kabarnya pak bowo;negatif;0.9848
c9bHbB8z7Cg;Eksklusif: Prabowo Subianto Bicara | Mata Najwa;Najwa Shihab;@4SAUDARALAKI;"1;32;50 - 1;36;06
Aku baru nonton dan aku sekarang paham kenapa dulu di tv pada masa itu ribut2";2025-04-28T19:09:57Z;0;saya baru nonton dan saya sekarang paham kenapa dulu di tv pada masa itu ribut2;negatif;0.9896
c9bHbB8z7Cg;Eksklusif: Prabowo Subianto Bicara | Mata Najwa;Najwa Shihab;@AlfinJauhari-z7h;PP;2025-04-27T22:18:04Z;0;pp;netral;0.9701
c9bHbB8z7Cg;Eksklusif: Prabowo Subianto Bicara | Mata Najwa;Najwa Shihab;@Aidilsafwan05abcdefjkklmnopuwh;S;2025-04-27T16:26:22Z;0;s;positif;0.7519
c9bHbB8z7Cg;Eksklusif: Prabowo Subianto Bicara | Mata Najwa;Najwa Shihab;@MuhammadFiqih-c7b;Pernah menjadi planet ini adalah untuk➡➡➡➡➡➡➡➡ p😊;2025-04-27T00:04:31Z;0;pernah menjadi planet ini adalah untuk p;netral;0.8477
c9bHbB8z7Cg;Eksklusif: Prabowo Subianto Bicara | Mata Najwa;Najwa Shihab;@bayuandre5358;"😊😊

Ls😊😊";2025-04-26T21:02:30Z;0;ls;negatif;0.68
c9bHbB8z7Cg;Eksklusif: Prabowo Subianto Bicara | Mata Najwa;Najwa Shihab;@MJunaidi-v7p;Si sampit kalimantan tengah  di pom bensin preman nya meraja lela pa sekali ngisi solar 200 ribu pa aparat keamanan diyam aja pa tolong bapa utius intel intel bapa kesampit kalimantan tengah;2025-04-26T18:45:46Z;1;si sampit kalimantan tengah di pom bensin preman nya meraja lela pa sekali ngisi solar ribu pa aparat keamanan diyam saja pa tolong bapa utius intel intel bapa kesampit kalimantan tengah;negatif;0.9926
c9bHbB8z7Cg;Eksklusif: Prabowo Subianto Bicara | Mata Najwa;Najwa Shihab;@TimbulPurba-x1y;Setelah jadi presiden apa yang sudah di lakukan;2025-04-26T16:00:37Z;0;setelah jadi presiden apa yang sudah di lakukan;netral;0.9417
c9bHbB8z7Cg;Eksklusif: Prabowo Subianto Bicara | Mata Najwa;Najwa Shihab;@yoibro4727;terharu gak diragukan lg mental baja sang patriot jiwa nasionalis nya gak diragukan lg;2025-04-26T15:29:27Z;0;terharu tidak diragukan lagi mental baja sang patriot jiwa nasionalis nya tidak diragukan lagi;positif;0.9975
c9bHbB8z7Cg;Eksklusif: Prabowo Subianto Bicara | Mata Najwa;Najwa Shihab;@AsongSKY;❤;2025-04-26T08:22:19Z;0;;positif;0.8912
c9bHbB8z7Cg;Eksklusif: Prabowo Subianto Bicara | Mata Najwa;Najwa Shihab;@ariffirmansyah2751;Omon omon;2025-04-26T06:41:05Z;0;omon omon;negatif;0.6655
c9bHbB8z7Cg;Eksklusif: Prabowo Subianto Bicara | Mata Najwa;Najwa Shihab;@WildanAzkaazkiya;Apakabar sekarang wwkwk omon omon;2025-04-25T18:33:03Z;1;apakabar sekarang wwkwk omon omon;negatif;0.8918
c9bHbB8z7Cg;Eksklusif: Prabowo Subianto Bicara | Mata Najwa;Najwa Shihab;@DickyPriatna-k2f;Omonomonomonomon;2025-04-25T17:05:00Z;0;omonomonomonomon;netral;0.8554
c9bHbB8z7Cg;Eksklusif: Prabowo Subianto Bicara | Mata Najwa;Najwa Shihab;@DoniSaputra-n4h;8i;2025-04-25T16:42:50Z;0;8i;netral;0.7228
c9bHbB8z7Cg;Eksklusif: Prabowo Subianto Bicara | Mata Najwa;Najwa Shihab;@pasukanlumut3781;Keadilan omong kosong yang ada di indonesia berpihak pada pelaku, siapa  berduit pasti menang dan yang salah pasti kalah, banyak sudah yang tidak percaya lagi dengan namanya keadilan, keadilan suda mati😢;2025-04-24T17:38:05Z;1;keadilan omong kosong yang ada di indonesia berpihak pada pelaku siapa berduit pasti menang dan yang salah pasti kalah banyak sudah yang tidak percaya lagi dengan namanya keadilan keadilan suda mati;negatif;0.9943
c9bHbB8z7Cg;Eksklusif: Prabowo Subianto Bicara | Mata Najwa;Najwa Shihab;@KaberekKatemur-y4t;"Saya mintak tlong ibuk saya skit di malaisia 
Mohon bantuanyA .";2025-04-24T16:55:04Z;0;saya mintak tlong ibuk saya sakit di malaisia mohon bantuanya;netral;0.9818
c9bHbB8z7Cg;Eksklusif: Prabowo Subianto Bicara | Mata Najwa;Najwa Shihab;@Akhmadyusriza11;Hadiah lah buat diri dia sendiri ikan ikan duyung kata bu susi aka wati;2025-04-24T16:49:25Z;0;hadiah lah buat diri dia sendiri ikan ikan duyung kata bu susi aka wati;positif;0.4984
c9bHbB8z7Cg;Eksklusif: Prabowo Subianto Bicara | Mata Najwa;Najwa Shihab;@Akhmadyusriza11;Ahhk A4 kriminal narkoba ganja jaga GAM sana lah ke ACEH apa takot matii tanam ngeeii ri. Gailang;2025-04-24T16:48:26Z;0;ahhk a4 kriminal narkoba ganja jaga gam sana lah ke aceh apa takot matii tanam ngeeii ri gailang;negatif;0.9953
c9bHbB8z7Cg;Eksklusif: Prabowo Subianto Bicara | Mata Najwa;Najwa Shihab;@Akhmadyusriza11;Kampung mana siji loro telu papat limo enam pitu wolu songo;2025-04-24T16:47:24Z;0;kampung mana siji loro telu papat limo enam pitu wolu songo;negatif;0.9286
c9bHbB8z7Cg;Eksklusif: Prabowo Subianto Bicara | Mata Najwa;Najwa Shihab;@Akhmadyusriza11;Yyg jelas easy mudah sangat mudah dan tidak terlalu yg di gampangkan gtu lohh;2025-04-24T16:46:32Z;0;yyg jelas easy mudah sangat mudah dan tidak terlalu yang di gampangkan begitu lohh;positif;0.9778
c9bHbB8z7Cg;Eksklusif: Prabowo Subianto Bicara | Mata Najwa;Najwa Shihab;@Akhmadyusriza11;Aku serigala saring lah putih mau kemana kau za A14;2025-04-24T16:45:32Z;0;saya serigala saring lah putih mau kemana kamu za a14;negatif;0.6842
c9bHbB8z7Cg;Eksklusif: Prabowo Subianto Bicara | Mata Najwa;Najwa Shihab;@Akhmadyusriza11;Edition emotion ferrykusuma it  forget  let it go;2025-04-24T16:43:47Z;0;edition emotion ferrykusuma it forget let it go;netral;0.9785
c9bHbB8z7Cg;Eksklusif: Prabowo Subianto Bicara | Mata Najwa;Najwa Shihab;@Akhmadyusriza11;My nameis iklan akh47 mad yusmanriza;2025-04-24T16:43:01Z;0;my nameis iklan akh47 mad yusmanriza;netral;0.9824
c9bHbB8z7Cg;Eksklusif: Prabowo Subianto Bicara | Mata Najwa;Najwa Shihab;@Akhmadyusriza11;Aku heran aku udah coblos sebagai tokoh idola teruntuk memilih presiden thn piro.???2000 2002 2014 2015 2019 dan 2023 45 NKRI harga mati 😂😂😂;2025-04-24T16:42:05Z;0;saya heran saya sudah coblos sebagai tokoh idola teruntuk memilih presiden tahun piro dan nkri harga mati;negatif;0.9929
c9bHbB8z7Cg;Eksklusif: Prabowo Subianto Bicara | Mata Najwa;Najwa Shihab;@SamsulArifin-hh9er;Omon omon....guru nya sen kanan belok kiri....pasti ini akan lebih parah;2025-04-24T16:41:45Z;0;omon omon guru nya sen kanan belok kiri pasti ini akan lebih parah;negatif;0.9942
c9bHbB8z7Cg;Eksklusif: Prabowo Subianto Bicara | Mata Najwa;Najwa Shihab;@Akhmadyusriza11;Mata najwa hidup mata merah banteng 2 bapak kau ama aku ni mencelat mencelat😂;2025-04-24T16:39:52Z;0;mata najwa hidup mata merah banteng bapak kamu sama saya ini mencelat mencelat;negatif;0.9956
c9bHbB8z7Cg;Eksklusif: Prabowo Subianto Bicara | Mata Najwa;Najwa Shihab;@SamsulArifin-hh9er;Ini kemunduran dulu kita bida swasembada pamgan sekarng ncur lebur;2025-04-24T16:38:44Z;0;ini kemunduran dulu kita bida swasembada pamgan sekarng ncur lebur;negatif;0.9918
c9bHbB8z7Cg;Eksklusif: Prabowo Subianto Bicara | Mata Najwa;Najwa Shihab;@Akhmadyusriza11;BCL lah pak kata dari hari hati ons 1 deh;2025-04-24T16:37:27Z;0;bcl lah pak kata dari hari hati ons deh;positif;0.8869
c9bHbB8z7Cg;Eksklusif: Prabowo Subianto Bicara | Mata Najwa;Najwa Shihab;@ChulUn-e1h;Super sekali pak;2025-04-24T15:50:55Z;0;super sekali pak;positif;0.9969
c9bHbB8z7Cg;Eksklusif: Prabowo Subianto Bicara | Mata Najwa;Najwa Shihab;@Syumaisah1;Mantapp;2025-04-23T00:51:42Z;0;mantapp;positif;0.9975
c9bHbB8z7Cg;Eksklusif: Prabowo Subianto Bicara | Mata Najwa;Najwa Shihab;@dwiwoi1142;SAYA INGIN KANG DEDI MULYADI JADI PRESIDEN 2029/2034 🎉🎉🎉;2025-04-22T17:43:54Z;1;saya ingin kang dedi mulyadi jadi presiden;netral;0.9015
c9bHbB8z7Cg;Eksklusif: Prabowo Subianto Bicara | Mata Najwa;Najwa Shihab;@An-naba33;yg diusir belanda yang dipelihara yaman. pantas korupsi;2025-04-22T07:05:20Z;0;yang diusir belanda yang dipelihara yaman pantas korupsi;negatif;0.9959
c9bHbB8z7Cg;Eksklusif: Prabowo Subianto Bicara | Mata Najwa;Najwa Shihab;@kijoko212;Gk tau yaa ,sy kog sk bgt lihT bpk prabowo ....;2025-04-21T17:16:50Z;0;tidak tahu yaa saya kog sk sangat liht bapak prabowo;negatif;0.9784
c9bHbB8z7Cg;Eksklusif: Prabowo Subianto Bicara | Mata Najwa;Najwa Shihab;@NorpiPurnama;I ❤full untuk Abah Prabowo semoga Abah sehat sekeluarga disana, semoga Indonesia sejahtera sentosa;2025-04-21T01:32:17Z;0;i full untuk abah prabowo semoga abah sehat sekeluarga disana semoga indonesia sejahtera sentosa;positif;0.9455
c9bHbB8z7Cg;Eksklusif: Prabowo Subianto Bicara | Mata Najwa;Najwa Shihab;@badrasjumell6357;Ucapan Prabowo Subianto itu hanya OMON2, kalau Prabowo Subianto sama masyarakat rakyat akal sehat tidak di bilang OMON2 tangkap Joko Widodo ijazah palsu yang sudah jelas melanggar hukum dan HAM;2025-04-19T22:37:58Z;2;ucapan prabowo subianto itu hanya omon2 kalau prabowo subianto sama masyarakat rakyat akal sehat tidak di bilang omon2 tangkap joko widodo ijazah palsu yang sudah jelas melanggar hukum dan ham;negatif;0.9922
c9bHbB8z7Cg;Eksklusif: Prabowo Subianto Bicara | Mata Najwa;Najwa Shihab;@uangku60;Yang dibutuhkan adalah presiden yang dapat menghukum mati koruptor;2025-04-19T16:34:35Z;1;yang dibutuhkan adalah presiden yang dapat menghukum mati koruptor;negatif;0.6964
c9bHbB8z7Cg;Eksklusif: Prabowo Subianto Bicara | Mata Najwa;Najwa Shihab;@suprayitno8389;"Calon / caleg jangan kasih uang ke pemilih
Masalahnya caleg / calon kasih uang ke pemilih, jangan salhkan rakyat

Pilkada juga, calon masih diindikasikan diduga tanda petik kasih ke anggota
 dewan, .jadi dua2nya sama mau dipilih rakyat atau dewan

Kuncinya caleg / calon kepala daerah sepakat tidak akan memberikan uang ke rakyat / dewan";2025-04-16T21:46:29Z;1;calon caleg jangan kasih uang ke pemilih masalahnya caleg calon kasih uang ke pemilih jangan salhkan rakyat pilkada juga calon masih diindikasikan diduga tanda petik kasih ke anggota dewan jadi dua2nya sama mau dipilih rakyat atau dewan kuncinya caleg calon kepala daerah sepakat tidak akan memberikan uang ke rakyat dewan;negatif;0.8004
c9bHbB8z7Cg;Eksklusif: Prabowo Subianto Bicara | Mata Najwa;Najwa Shihab;@ahlalmunawar;aceh harus merdeka kak najewa;2025-04-16T13:51:59Z;0;aceh harus merdeka kak najewa;netral;0.9632
c9bHbB8z7Cg;Eksklusif: Prabowo Subianto Bicara | Mata Najwa;Najwa Shihab;@KosongsatuKosongsatu;BAPAK PEJUANG;2025-04-14T21:19:55Z;1;bapak pejuang;positif;0.9584
c9bHbB8z7Cg;Eksklusif: Prabowo Subianto Bicara | Mata Najwa;Najwa Shihab;@deworengku8663;t;2025-04-14T18:44:22Z;2;t;negatif;0.9741
c9bHbB8z7Cg;Eksklusif: Prabowo Subianto Bicara | Mata Najwa;Najwa Shihab;@rinjaniathiraardila7029;L;2025-04-14T16:52:23Z;0;l;netral;0.9442
c9bHbB8z7Cg;Eksklusif: Prabowo Subianto Bicara | Mata Najwa;Najwa Shihab;@dhonyserett3401;Vb;2025-04-13T20:04:37Z;0;vb;netral;0.9802
c9bHbB8z7Cg;Eksklusif: Prabowo Subianto Bicara | Mata Najwa;Najwa Shihab;@Dwanlaw;"Pemimpin apaan ini banyak omon"" doang cuih";2025-04-13T16:27:45Z;1;pemimpin apaan ini banyak omon saja cuih;negatif;0.9953
c9bHbB8z7Cg;Eksklusif: Prabowo Subianto Bicara | Mata Najwa;Najwa Shihab;@andharac;alamak jadi apa indonesia ni nanti🤣🤣;2025-04-12T17:14:41Z;2;alamak jadi apa indonesia ini nanti;negatif;0.9857
c9bHbB8z7Cg;Eksklusif: Prabowo Subianto Bicara | Mata Najwa;Najwa Shihab;@andharac;gajelas lu prabowo;2025-04-12T17:14:04Z;1;tidak jelas kamu prabowo;negatif;0.9952
c9bHbB8z7Cg;Eksklusif: Prabowo Subianto Bicara | Mata Najwa;Najwa Shihab;@jenongcathoz1758;😂😂NAJWA SHIHAB MELEMPEM,DIDUGA AKAN MENDAPATKAN KUE ISTANA,,KNP GA NANYA MSLH TEMPO YG GA DIUNDANG, SEDANGKAN MEDIA LAIN DIUNDANG PRABOWO !!!;2025-04-12T15:50:48Z;0;najwa shihab melempem diduga akan mendapatkan kue istana kenapa tidak tanya masalah tempo yang tidak diundang sedangkan media lain diundang prabowo;negatif;0.7198
c9bHbB8z7Cg;Eksklusif: Prabowo Subianto Bicara | Mata Najwa;Najwa Shihab;@AndikAhmad-j5o;Taek 😂😂😅;2025-04-12T15:31:07Z;0;taek;positif;0.5884
c9bHbB8z7Cg;Eksklusif: Prabowo Subianto Bicara | Mata Najwa;Najwa Shihab;@masithaitha3553;😂😂😂gue mnnton ulang skrg,dn gue ngakak.berbanding terbalik.knp gk djwab soal pelanggaran HAM yg dia lkkan dl.brbelit jwbnnya;2025-04-12T01:51:46Z;1;saya mnnton ulang sekarang dn saya terbahak-bahak berbanding terbalik kenapa tidak djwab soal pelanggaran ham yang dia lkkan dulu brbelit jwbnnya;negatif;0.7719
c9bHbB8z7Cg;Eksklusif: Prabowo Subianto Bicara | Mata Najwa;Najwa Shihab;@hkallabesiampe7450;penjajahprancis;2025-04-12T01:47:37Z;1;penjajahprancis;negatif;0.9952
c9bHbB8z7Cg;Eksklusif: Prabowo Subianto Bicara | Mata Najwa;Najwa Shihab;@nadanabila4802;2025;2025-04-12T00:10:19Z;1;;positif;0.8912
c9bHbB8z7Cg;Eksklusif: Prabowo Subianto Bicara | Mata Najwa;Najwa Shihab;@achmadlie8476;Musibah bagi rakyat Indonesia punya pemimpin macam ini. Semoga Tuhan YME segera memberikan pengganti pemimpin Indonesia yang Waras. Agar perbaikan kerusakan tata kelola berkehidupan di negara Indonesia ini  menjadi baik dan benar. Aamiin... 🤲🤲🤲;2025-04-11T22:07:21Z;0;musibah bagi rakyat indonesia punya pemimpin macam ini semoga tuhan yme segera memberikan pengganti pemimpin indonesia yang waras agar perbaikan kerusakan tata kelola berkehidupan di negara indonesia ini menjadi baik dan benar amin;positif;0.9731
c9bHbB8z7Cg;Eksklusif: Prabowo Subianto Bicara | Mata Najwa;Najwa Shihab;@rahman_0727;Gimna nih yg ngomentar sanjung sanjung Prabowo setelah melihat kinerja Prabowo baru beberapa bulan ini wkwkwk sakitttt;2025-04-11T03:09:12Z;3;gimna nih yang ngomentar sanjung sanjung prabowo setelah melihat kinerja prabowo baru beberapa bulan ini wkwkwk sakitt;negatif;0.9917
c9bHbB8z7Cg;Eksklusif: Prabowo Subianto Bicara | Mata Najwa;Najwa Shihab;@rahmaacill9215;1thn yg lalu ..hasilnya 🗿🗿🗿🗿;2025-04-10T15:54:49Z;2;1thn yang lalu hasilnya;netral;0.8505
c9bHbB8z7Cg;Eksklusif: Prabowo Subianto Bicara | Mata Najwa;Najwa Shihab;@miftakhudinmyfa5742;Pak Prabowo...joss;2025-04-10T12:57:40Z;0;pak prabowo joss;negatif;0.902
c9bHbB8z7Cg;Eksklusif: Prabowo Subianto Bicara | Mata Najwa;Najwa Shihab;@rejibsgaming;12:20 Gini mbak, seorang driver juga akan mengedepankan nasib driver lain jika ia diberi kuasa😊;2025-04-09T20:04:23Z;0;gini mbak seorang driver juga akan mengedepankan nasib driver lain jika ia diberi kuasa;netral;0.9803
c9bHbB8z7Cg;Eksklusif: Prabowo Subianto Bicara | Mata Najwa;Najwa Shihab;@rejibsgaming;9:58 Istilah harus dikuliti lawan politik ya pak;2025-04-09T20:00:43Z;0;istilah harus dikuliti lawan politik ya pak;negatif;0.9943
c9bHbB8z7Cg;Eksklusif: Prabowo Subianto Bicara | Mata Najwa;Najwa Shihab;@rejibsgaming;Maafkan saya pak termakan hasutan media tapi percayalah sebelum nyoblos anies, saya sudah coblos bapak 2 periode. Tetap bangga punya presiden seperti ini;2025-04-09T19:55:35Z;0;maafkan saya pak termakan hasutan media tapi percayalah sebelum nyoblos anies saya sudah coblos bapak periode tetap bangga punya presiden seperti ini;positif;0.9664
c9bHbB8z7Cg;Eksklusif: Prabowo Subianto Bicara | Mata Najwa;Najwa Shihab;@yudiidr15;"Seriusan gk ada yg balik buat komen ""nyesel"" ??";2025-04-09T10:57:07Z;3;seriusan tidak ada yang balik buat komen menyesal;negatif;0.9956
c9bHbB8z7Cg;Eksklusif: Prabowo Subianto Bicara | Mata Najwa;Najwa Shihab;@playgamerico;Ngiri lihat motor lo den  kalah ganteng 😂😂😂😂😂😂😂😂😂😂;2025-04-08T05:30:09Z;0;ngiri lihat motor kamu den kalah ganteng;negatif;0.9893
c9bHbB8z7Cg;Eksklusif: Prabowo Subianto Bicara | Mata Najwa;Najwa Shihab;@SengklerMokonk;Sabar ya bapak prabowo orang baik dan iklas pasti akan menang;2025-04-07T23:58:10Z;1;sabar ya bapak prabowo orang baik dan iklas pasti akan menang;positif;0.9875
c9bHbB8z7Cg;Eksklusif: Prabowo Subianto Bicara | Mata Najwa;Najwa Shihab;@onlyxmeytry1735;😊 44:53 😅😅😅😅😅😅😅😅;2025-04-07T18:44:21Z;0;;positif;0.8912
c9bHbB8z7Cg;Eksklusif: Prabowo Subianto Bicara | Mata Najwa;Najwa Shihab;@yuniaunit3315;Jadi negara RI ini hanya kuat dari luar saja, sedangkan didalam negeri belum tentu kuat dikarenakan yang lemah didalam masih dikuasai oleh yang kuat untuk bertindak sekehendaknya. kasusnya saja pemangkasan hutan secara ilegal, korupsi uang hasil daya sumber daya alam, dan tidak adalagi peran si lemah untuk berkontribusi dari segi pendapat musyawarah mufakat dengan si kuat.;2025-04-07T10:41:24Z;2;jadi negara ri ini hanya kuat dari luar saja sedangkan didalam negeri belum tentu kuat dikarenakan yang lemah didalam masih dikuasai oleh yang kuat untuk bertindak sekehendaknya kasusnya saja pemangkasan hutan secara ilegal korupsi uang hasil daya sumber daya alam dan tidak adalagi peran si lemah untuk berkontribusi dari segi pendapat musyawarah mufakat dengan si kuat;negatif;0.9948
c9bHbB8z7Cg;Eksklusif: Prabowo Subianto Bicara | Mata Najwa;Najwa Shihab;@anggihlufi3713;Akhirnya gimana saat ini?? Apa hanya sebuah pertanyaan saja?? Sebuah guyonan;2025-04-06T22:54:22Z;0;akhirnya gimana saat ini apa hanya sebuah pertanyaan saja sebuah guyonan;negatif;0.9948
c9bHbB8z7Cg;Eksklusif: Prabowo Subianto Bicara | Mata Najwa;Najwa Shihab;@daengasbar8628;😂😂😂😂😂😂😂😂😂😂😂;2025-04-06T15:47:39Z;0;;positif;0.8912
c9bHbB8z7Cg;Eksklusif: Prabowo Subianto Bicara | Mata Najwa;Najwa Shihab;@rizkyalexiz156;Yang bilang harapan, kwkwkwwk nyatanya sama aja sama presiden sebelumnya. Omon-omon doang.;2025-04-05T23:49:19Z;5;yang bilang harapan kwkwkwwk nyatanya sama saja sama presiden sebelumnya omon omon saja;negatif;0.9937
c9bHbB8z7Cg;Eksklusif: Prabowo Subianto Bicara | Mata Najwa;Najwa Shihab;@suherlansuherlan3642;26 juta penonton;2025-04-03T16:13:24Z;1;juta penonton;positif;0.8839
c9bHbB8z7Cg;Eksklusif: Prabowo Subianto Bicara | Mata Najwa;Najwa Shihab;@SriPartini-b8f;Says sri psryini udah bersabung;2025-04-03T06:39:00Z;1;says sri psryini sudah bersabung;netral;0.9644
c9bHbB8z7Cg;Eksklusif: Prabowo Subianto Bicara | Mata Najwa;Najwa Shihab;@ArilARIL.MULING;Sehat selalu pak  Prabowo-Gibran saya rakyat Indonesia tetap mendukung kebijakan pemerintahan pak Prabowo-Gibran❤🎉🎉🎉🎉🎉;2025-04-03T01:33:36Z;0;sehat selalu pak prabowo gibran saya rakyat indonesia tetap mendukung kebijakan pemerintahan pak prabowo gibran;positif;0.9945
c9bHbB8z7Cg;Eksklusif: Prabowo Subianto Bicara | Mata Najwa;Najwa Shihab;@nescafemanis2472;Bking maloo;2025-04-02T11:22:52Z;1;bking maloo;negatif;0.9911
c9bHbB8z7Cg;Eksklusif: Prabowo Subianto Bicara | Mata Najwa;Najwa Shihab;@audrey5231;Tapi menurut saya bener kt Nazwa para kuruptor  biar gaji besar pun tetep aja loh mereka merasa kurang , Krn mereka RAKUS. Coba lihat para buruh walau gaji kecil pun mereka masih bisa hidup (KRN MEREKA PINTAR MENABUNG DAN TIDAK BOROS JG TIDAK RAKUS) kuruptor itu KUTU !!!!;2025-04-02T02:17:58Z;2;tapi menurut saya benar kita nazwa para kuruptor biar gaji besar pun tetap saja loh mereka merasa kurang karena mereka rakus coba lihat para buruh walau gaji kecil pun mereka masih bisa hidup karena mereka pintar menabung dan tidak boros juga tidak rakus kuruptor itu kutu;negatif;0.8141
c9bHbB8z7Cg;Eksklusif: Prabowo Subianto Bicara | Mata Najwa;Najwa Shihab;@radenkanjeng4806;Luar biasa jiwa nasionalisnya;2025-04-02T02:06:49Z;0;luar biasa jiwa nasionalisnya;positif;0.9973
c9bHbB8z7Cg;Eksklusif: Prabowo Subianto Bicara | Mata Najwa;Najwa Shihab;@cemongracing5832;pak prabowo gemoy. aku padamu pak gemoy😍😍;2025-04-02T01:27:54Z;0;pak prabowo gemoy saya padamu pak gemoy;netral;0.8424
c9bHbB8z7Cg;Eksklusif: Prabowo Subianto Bicara | Mata Najwa;Najwa Shihab;@rismanmalka;Siapa yang nonton di tahun 2025 😢;2025-04-02T00:19:17Z;4;siapa yang nonton di tahun;netral;0.92
c9bHbB8z7Cg;Eksklusif: Prabowo Subianto Bicara | Mata Najwa;Najwa Shihab;@adwinalvaro6410;Hahahah;2025-04-01T18:58:46Z;0;hahahah;negatif;0.991
c9bHbB8z7Cg;Eksklusif: Prabowo Subianto Bicara | Mata Najwa;Najwa Shihab;@JuanAlbert-m2e;Eh, setelah duduk malah ngeprank 1 negara;2025-03-31T23:33:23Z;4;eh setelah duduk malah ngeprank negara;negatif;0.9951
c9bHbB8z7Cg;Eksklusif: Prabowo Subianto Bicara | Mata Najwa;Najwa Shihab;@kekeybontotofficial7963;"😅




😅
😅

e.😮
😅u😮 34:27 34:27 o😅😅😮";2025-03-31T18:29:15Z;3;e kamu o;netral;0.5741
c9bHbB8z7Cg;Eksklusif: Prabowo Subianto Bicara | Mata Najwa;Najwa Shihab;@ayubaay2219;Sshat selalu pak presiden  PRABOWO SUBIANTO❤❤❤;2025-03-30T23:14:21Z;0;sshat selalu pak presiden prabowo subianto;positif;0.8208
c9bHbB8z7Cg;Eksklusif: Prabowo Subianto Bicara | Mata Najwa;Najwa Shihab;@ikhwanmhjr9178;Presiden berbiji 1;2025-03-29T22:09:59Z;1;presiden berbiji;positif;0.8865
c9bHbB8z7Cg;Eksklusif: Prabowo Subianto Bicara | Mata Najwa;Najwa Shihab;@julakgugel6872;Ok Gas Ok Gas;2025-03-29T14:03:15Z;0;oke gas oke gas;positif;0.522
c9bHbB8z7Cg;Eksklusif: Prabowo Subianto Bicara | Mata Najwa;Najwa Shihab;@TheJourney-h7s;Untuk saat ini apa kabar ya? Wkwk 😂;2025-03-29T00:16:50Z;2;untuk saat ini apa kabar ya wkwk;negatif;0.976
c9bHbB8z7Cg;Eksklusif: Prabowo Subianto Bicara | Mata Najwa;Najwa Shihab;@Guntingpotongku;Wakil presidennya pak jokowi yg satu ini memang hebat. Hidup pak jokowi;2025-03-28T22:27:05Z;0;wakil presidennya pak jokowi yang satu ini memang hebat hidup pak jokowi;positif;0.9975
c9bHbB8z7Cg;Eksklusif: Prabowo Subianto Bicara | Mata Najwa;Najwa Shihab;@agungandestaputra9417;ini yg pada komen dsni skrg gmna y ??? 😂😂😂😂😂;2025-03-28T21:39:28Z;4;ini yang pada komen di sini sekarang bagaimana y;negatif;0.9346
c9bHbB8z7Cg;Eksklusif: Prabowo Subianto Bicara | Mata Najwa;Najwa Shihab;@rizkyypradanaa-xm4gh;28 Maret 2025 baru nonton 🙏;2025-03-28T16:12:43Z;0;maret baru nonton;netral;0.8981
c9bHbB8z7Cg;Eksklusif: Prabowo Subianto Bicara | Mata Najwa;Najwa Shihab;@LambertusMaspaitela-h4f;Penjarakan jokowi beserta keluarganya.... Sanggup kah?;2025-03-28T14:30:33Z;1;penjarakan jokowi beserta keluarganya sanggup kah;negatif;0.9271
c9bHbB8z7Cg;Eksklusif: Prabowo Subianto Bicara | Mata Najwa;Najwa Shihab;@ahmadjunaidi9794;Prabowo S memang melanggar HAM demi jadi presiden;2025-03-27T10:23:04Z;0;prabowo s memang melanggar ham demi jadi presiden;negatif;0.9893
c9bHbB8z7Cg;Eksklusif: Prabowo Subianto Bicara | Mata Najwa;Najwa Shihab;@aditdanis-ei4wz;Prabowo sangat benar, dia belajarbshgbjadi murid yg pinteR;2025-03-26T06:02:19Z;0;prabowo sangat benar dia belajarbshgbjadi murid yang pintar;positif;0.9777
c9bHbB8z7Cg;Eksklusif: Prabowo Subianto Bicara | Mata Najwa;Najwa Shihab;@Doakeduaorangtua9530;Baru kali ini lihat mba najwa senyum karna mendapat lawan bicara yg memberikan jawaban yg logis, tegas, tulus dan masuk akal ❤pak prabowo;2025-03-25T20:13:37Z;0;baru kali ini lihat mba najwa senyum karena mendapat lawan bicara yang memberikan jawaban yang logis tegas tulus dan masuk akal pak prabowo;positif;0.9949
c9bHbB8z7Cg;Eksklusif: Prabowo Subianto Bicara | Mata Najwa;Najwa Shihab;@SonOfHorus-Xx;Satu kelurahan gw nyesel milih lu;2025-03-25T18:40:05Z;3;satu kelurahan saya menyesal pilih kamu;negatif;0.9959
c9bHbB8z7Cg;Eksklusif: Prabowo Subianto Bicara | Mata Najwa;Najwa Shihab;@TarimaTarima-k3b;Yg sabar pak presiden  ku.;2025-03-25T15:03:09Z;0;yang sabar pak presiden ku;positif;0.9961
c9bHbB8z7Cg;Eksklusif: Prabowo Subianto Bicara | Mata Najwa;Najwa Shihab;@wisnel2008;Guru kencing berdiri, murid kencing berlari. Kalau gurunya pembohong muridnya ...?;2025-03-25T14:32:51Z;0;guru kencing berdiri murid kencing berlari kalau gurunya pembohong muridnya;negatif;0.9954
c9bHbB8z7Cg;Eksklusif: Prabowo Subianto Bicara | Mata Najwa;Najwa Shihab;@wonggaptek161;Jejak digital.... 😂😂;2025-03-24T09:23:11Z;0;jejak digital;netral;0.9752
c9bHbB8z7Cg;Eksklusif: Prabowo Subianto Bicara | Mata Najwa;Najwa Shihab;@yokerenova7215;Satu Prabowo di kacangin Jokowi ,kemana harimau nya ????;2025-03-23T20:32:04Z;1;satu prabowo di kacangin jokowi kemana harimau nya;negatif;0.8608
c9bHbB8z7Cg;Eksklusif: Prabowo Subianto Bicara | Mata Najwa;Najwa Shihab;@andrislank1326;😮😮7😮iku;2025-03-23T19:06:20Z;0;iku;negatif;0.9948
c9bHbB8z7Cg;Eksklusif: Prabowo Subianto Bicara | Mata Najwa;Najwa Shihab;@Y.mIndah;😂😂😂😂😂😂;2025-03-23T08:45:27Z;0;;positif;0.8912
c9bHbB8z7Cg;Eksklusif: Prabowo Subianto Bicara | Mata Najwa;Najwa Shihab;@putununiekhutnaleontina6676;Yes  ❤ freeles wow;2025-03-23T07:03:04Z;0;yes freeles wow;positif;0.9593
c9bHbB8z7Cg;Eksklusif: Prabowo Subianto Bicara | Mata Najwa;Najwa Shihab;@PutraKembar-e2c;Kalau negara kita memang kaya. Knpa rakyat banyak yg nganggur dan susah mendapatkan lapangan pekerjaan. Ekonomi pun jugak sulit. Dan di negara tetangga kok mudah mendapatkan pekerjaan.;2025-03-23T06:06:12Z;0;kalau negara kita memang kaya kenapa rakyat banyak yang nganggur dan susah mendapatkan lapangan pekerjaan ekonomi pun jugak sulit dan di negara tetangga kok mudah mendapatkan pekerjaan;negatif;0.9932
c9bHbB8z7Cg;Eksklusif: Prabowo Subianto Bicara | Mata Najwa;Najwa Shihab;@Persekutanduniawi01;Macan sirkus😂;2025-03-22T23:13:09Z;2;macan sirkus;negatif;0.9948
c9bHbB8z7Cg;Eksklusif: Prabowo Subianto Bicara | Mata Najwa;Najwa Shihab;@YahuwahadaYathaqihadasha;Inti Dari sebuah bangsa yang benar benar merdeka adalah menciptakan sesuatu yang berguna bagi bangsa -bangsa yang lain bukan malah sebuah penjajahan;2025-03-22T22:35:54Z;0;inti dari sebuah bangsa yang benar benar merdeka adalah menciptakan sesuatu yang berguna bagi bangsa bangsa yang lain bukan malah sebuah penjajahan;positif;0.8218
c9bHbB8z7Cg;Eksklusif: Prabowo Subianto Bicara | Mata Najwa;Najwa Shihab;@YahuwahadaYathaqihadasha;Salut buat bapak presiden kita rakyat hanya dapat menilai Dari apa yang disajikan oleh segala media pemberitaan di negara Indonesia ini  sebenarnya seluruh rakyatkecil mencintai nilai kebangsaan republik Indonesia sekalipun gambarannya rapuh Dan kabur karena politik maupun unsur kurangnya perhatian misalnyadari bagian tubuh nkyri yang Masih cenderung ingin memisahkan diri Dari nkri  kasihan kalau solusinya hanya akhirnya adalah dibinasakan;2025-03-22T22:02:09Z;0;salut buat bapak presiden kita rakyat hanya dapat menilai dari apa yang disajikan oleh segala media pemberitaan di negara indonesia ini sebenarnya seluruh rakyatkecil mencintai nilai kebangsaan republik indonesia sekalipun gambarannya rapuh dan kabur karena politik maupun unsur kurangnya perhatian misalnyadari bagian tubuh nkyri yang masih cenderung ingin memisahkan diri dari nkri kasihan kalau solusinya hanya akhirnya adalah dibinasakan;negatif;0.9924
c9bHbB8z7Cg;Eksklusif: Prabowo Subianto Bicara | Mata Najwa;Najwa Shihab;@romaryorumamite;Hallo saya dari masa depan dengan keadaan negara yang amburadul;2025-03-22T05:42:28Z;1;hallo saya dari masa depan dengan keadaan negara yang amburadul;negatif;0.9491
c9bHbB8z7Cg;Eksklusif: Prabowo Subianto Bicara | Mata Najwa;Najwa Shihab;@KELUARGAKOPLERMATA-MATAM;Komentar saya tetap seperti yang kemarin ...mau nulis panjang;2025-03-22T02:26:38Z;0;komentar saya tetap seperti yang kemarin mau nulis panjang;negatif;0.771
c9bHbB8z7Cg;Eksklusif: Prabowo Subianto Bicara | Mata Najwa;Najwa Shihab;@arsyani3955;tolakRUUTNI;2025-03-21T17:58:20Z;1;tolakruutni;netral;0.9434
c9bHbB8z7Cg;Eksklusif: Prabowo Subianto Bicara | Mata Najwa;Najwa Shihab;@AndikaPangeran;Sukses selalu my president🫡🫡🫡🫡🫡🫡🫡🫡🫡.presiden rakyat indonesia.kembali berjaya sang macan asia,doa terbaik dari q.president indonesia is number one;2025-03-20T22:12:21Z;0;sukses selalu my president presiden rakyat indonesia kembali berjaya sang macan asia doa terbaik dari saya president indonesia is number one;positif;0.9971
c9bHbB8z7Cg;Eksklusif: Prabowo Subianto Bicara | Mata Najwa;Najwa Shihab;@ratnojkt5404;Tes;2025-03-20T05:07:16Z;0;tes;netral;0.7804
c9bHbB8z7Cg;Eksklusif: Prabowo Subianto Bicara | Mata Najwa;Najwa Shihab;@legendmobile5324;Kambing dipimpin harimau, kambing nya ludes di telan 😂;2025-03-19T17:54:43Z;0;kambing dipimpin harimau kambing nya ludes di telan;negatif;0.9938
c9bHbB8z7Cg;Eksklusif: Prabowo Subianto Bicara | Mata Najwa;Najwa Shihab;@kehekkehek3191;😮😮😮😮😊😊😊😂🎉;2025-03-19T16:43:36Z;0;;positif;0.8912
c9bHbB8z7Cg;Eksklusif: Prabowo Subianto Bicara | Mata Najwa;Najwa Shihab;@5T_U;Omong kosong;2025-03-19T07:06:30Z;3;omong kosong;negatif;0.9962
c9bHbB8z7Cg;Eksklusif: Prabowo Subianto Bicara | Mata Najwa;Najwa Shihab;@bla-bla-bla605;maret 2025 masih ada yg nonton?;2025-03-19T03:41:57Z;0;maret masih ada yang nonton;netral;0.9071
c9bHbB8z7Cg;Eksklusif: Prabowo Subianto Bicara | Mata Najwa;Najwa Shihab;@Ofrie1;halooo saya dari masa depan;2025-03-18T18:15:06Z;0;haloo saya dari masa depan;netral;0.9224
c9bHbB8z7Cg;Eksklusif: Prabowo Subianto Bicara | Mata Najwa;Najwa Shihab;@dikporakeuangan6394;Melanjutkann kekjoppyooraann soullloowwismee..;2025-03-18T17:54:45Z;1;melanjutkann kekjoppyooraann soulloowwismee;netral;0.9645
c9bHbB8z7Cg;Eksklusif: Prabowo Subianto Bicara | Mata Najwa;Najwa Shihab;@yonocopral;Kadrunwati najwa berani muncul lagi setelah memghina  pemerintah;2025-03-18T10:40:14Z;0;kadrunwati najwa berani muncul lagi setelah memghina pemerintah;netral;0.8982
c9bHbB8z7Cg;Eksklusif: Prabowo Subianto Bicara | Mata Najwa;Najwa Shihab;@gitarghost3664;Omon2 aja ini sampah;2025-03-18T07:13:15Z;4;omon2 saja ini sampah;negatif;0.9961
c9bHbB8z7Cg;Eksklusif: Prabowo Subianto Bicara | Mata Najwa;Najwa Shihab;@doblanxxx;balik lagi stelah bpk ini terpilih dan baru 100 hari, sudah bnyk kekacauan yg terjadi.;2025-03-18T01:32:53Z;3;balik lagi setelah bapak ini terpilih dan baru hari sudah banyak kekacauan yang terjadi;negatif;0.9917
c9bHbB8z7Cg;Eksklusif: Prabowo Subianto Bicara | Mata Najwa;Najwa Shihab;@Jeckfmk24;"Saya seorang ntt  tepatnya di kota kupang, saya percya prabwo tidak pernah melakukan Ham di masa lalu
Akan tetapi saya percya jiwa proklamsi dia sama sperti predident RI yg pertana, Bapak proklamasi 
Buat teman2 belajarlah sejarah agar kita tahu betapa indahnya arti indonesia merdeka itu sndiri";2025-03-17T21:12:03Z;0;saya seorang ntt tepatnya di kota kupang saya percya prabwo tidak pernah melakukan ham di masa lalu akan tetapi saya percya jiwa proklamsi dia sama seperti predident ri yang pertana bapak proklamasi buat teman2 belajarlah sejarah agar kita tahu betapa indahnya arti indonesia merdeka itu sendiri;positif;0.9457
c9bHbB8z7Cg;Eksklusif: Prabowo Subianto Bicara | Mata Najwa;Najwa Shihab;@hengkyariando5339;Ternyata sekarang pas udah jadi president dia suka bagi2 kursi buat orang2 yg bantu dia selama pemilu😂😂😂;2025-03-17T21:10:17Z;1;ternyata sekarang pas sudah jadi president dia suka bagi2 kursi buat orang2 yang bantu dia selama pemilu;positif;0.9675
c9bHbB8z7Cg;Eksklusif: Prabowo Subianto Bicara | Mata Najwa;Najwa Shihab;@MuhammadKhoirul-k9u;Sosok yg katanya dulu seperti harimau, sekarang jadi seperti embek semenjak dekat mulyono;2025-03-17T17:23:16Z;3;sosok yang katanya dulu seperti harimau sekarang jadi seperti embek semenjak dekat mulyono;negatif;0.9911
c9bHbB8z7Cg;Eksklusif: Prabowo Subianto Bicara | Mata Najwa;Najwa Shihab;@andika7054;"Crita masa lalu dn hoax"" yg beredar itu bukan 1 halangan, sekarang Beliau telah membuktikan apa yg terbaik buat INDONESIA 🇮🇩, percayalah, di tangan Beliau, bangsa INDONESIA 🇮🇩, bisa cerah kembali, satu harapan yg paling kami harapkan Pak, Bersihkan Koruptor"" Negara dan bukalah lapangan PEKERJAAN buat kesulitan rakyat kecil seperti kami Pak, kami percaya di tangan Bapak, INDONESIA bisa menjadi yg terbaik, soal gaji PNS terlalu kecil, terus bagai mana nasib BURUH seperti kami Pak 😭🙏👏😭";2025-03-17T16:48:39Z;1;crita masa lalu dn hoax yang beredar itu bukan halangan sekarang beliau telah membuktikan apa yang terbaik buat indonesia percayalah di tangan beliau bangsa indonesia bisa cerah kembali satu harapan yang paling kami harapkan pak bersihkan koruptor negara dan bukalah lapangan pekerjaan buat kesulitan rakyat kecil seperti kami pak kami percaya di tangan bapak indonesia bisa menjadi yang terbaik soal gaji pns terlalu kecil terus bagai mana nasib buruh seperti kami pak;positif;0.9862
c9bHbB8z7Cg;Eksklusif: Prabowo Subianto Bicara | Mata Najwa;Najwa Shihab;@wongedhan3944;Lebih pas macan ompong.  Justru malah tegas jokpwi;2025-03-16T23:21:11Z;1;lebih pas macan ompong justru malah tegas jokpwi;negatif;0.9901
c9bHbB8z7Cg;Eksklusif: Prabowo Subianto Bicara | Mata Najwa;Najwa Shihab;@MunikSari;Hidup jokowi hidup jokoei didor aja ini dr pada merudak Nehara buktinya semua rampok😢😢😢;2025-03-16T16:27:06Z;1;hidup jokowi hidup jokoei didor saja ini dari pada merudak nehara buktinya semua rampok;negatif;0.995
c9bHbB8z7Cg;Eksklusif: Prabowo Subianto Bicara | Mata Najwa;Najwa Shihab;@TeknisiUmbi;Kekurangan pak prabowo itu seringkali kayak bapak-bapak kolonial, kolot, yg tutur katanya tidak berpikir dulu, tp cenderung karena emosional.;2025-03-15T21:24:53Z;1;kekurangan pak prabowo itu seringkali mirip bapak bapak kolonial kolot yang tutur katanya tidak berpikir dulu tapi cenderung karena emosional;negatif;0.9914
c9bHbB8z7Cg;Eksklusif: Prabowo Subianto Bicara | Mata Najwa;Najwa Shihab;@caesarrizkie9742;Setelah terpilih balik lagi kesini.. harimaunya Ompooong 😂😂😂,;2025-03-15T19:13:49Z;1;setelah terpilih balik lagi kesini harimaunya ompoong;netral;0.5987
c9bHbB8z7Cg;Eksklusif: Prabowo Subianto Bicara | Mata Najwa;Najwa Shihab;@t.o.pbigbang455;Omon omon tok;2025-03-14T22:17:25Z;4;omon omon tok;netral;0.7634
c9bHbB8z7Cg;Eksklusif: Prabowo Subianto Bicara | Mata Najwa;Najwa Shihab;@pattungrassakchannel5555;jangan sampai yah pak bowo ngaungnya Mbeee';2025-03-14T18:41:03Z;2;jangan sampai yah pak bowo ngaungnya mbee;negatif;0.9946
c9bHbB8z7Cg;Eksklusif: Prabowo Subianto Bicara | Mata Najwa;Najwa Shihab;@RahmatAto-m2j;Kirim koruptor pak..stok koruptor melimpah..BERANI NDA PAK KORUPTOR DI HUKUM MATI...najwa sihab dan mahasiswa x sama ..;2025-03-14T02:05:35Z;1;kirim koruptor pak stok koruptor melimpah berani tidak pak koruptor di hukum mati najwa sihab dan mahasiswa x sama;negatif;0.9949
c9bHbB8z7Cg;Eksklusif: Prabowo Subianto Bicara | Mata Najwa;Najwa Shihab;@andijalu277;"L

N";2025-03-14T00:26:35Z;0;l n;netral;0.977
c9bHbB8z7Cg;Eksklusif: Prabowo Subianto Bicara | Mata Najwa;Najwa Shihab;@AgsaaFitrah;Kalo bisa sih 7 periode;2025-03-13T22:13:32Z;0;kalau bisa sih periode;negatif;0.4617
c9bHbB8z7Cg;Eksklusif: Prabowo Subianto Bicara | Mata Najwa;Najwa Shihab;@myoppo1851;"PRESEDEN ODONG-ODONG. 
OMON-OMON NYA TIDAK SESUAI DG KENYATAAN.";2025-03-13T20:56:26Z;2;preseden odong odong omon omon nya tidak sesuai dengan kenyataan;negatif;0.9945
c9bHbB8z7Cg;Eksklusif: Prabowo Subianto Bicara | Mata Najwa;Najwa Shihab;@WarungPutratunggal-vf6pq;Tokoh paling super mantap bagi saya.dan super banget,berantas korupsi pak.hukum mati.dan miskinkan;2025-03-13T17:46:30Z;1;tokoh paling super mantap bagi saya dan super sekali berantas korupsi pak hukum mati dan miskinkan;negatif;0.6089
c9bHbB8z7Cg;Eksklusif: Prabowo Subianto Bicara | Mata Najwa;Najwa Shihab;@rachman-55;PRESIDEN BELAJAR ILMU POLITIKNYA DARI TUKANG KAYU SI MVLYONO FVFVFAFA??;2025-03-12T20:56:30Z;2;presiden belajar ilmu politiknya dari tukang kayu si mvlyono fvfvfafa;netral;0.9801
c9bHbB8z7Cg;Eksklusif: Prabowo Subianto Bicara | Mata Najwa;Najwa Shihab;@wayansuparta1860;Mju pk prabowo,habisi koruptor pk biar rakyt sejahtra;2025-03-12T16:22:05Z;0;mju pk prabowo habisi koruptor pk biar rakyt sejahtra;negatif;0.982
c9bHbB8z7Cg;Eksklusif: Prabowo Subianto Bicara | Mata Najwa;Najwa Shihab;@ArtahsastaYudistira;"Mungkin saya ingin menyampaikan kepada bapak presiden dan mbak najwa. Dalam sebuah desa. Terdapat pemuda"" mengakui pak prabowo sebagai presiden dan di ungkapkan dalam sebuah karya seni melukis di tugu desa. Tetapi setelah jadi ada pihak yg menguasai desa dan menutup lukisan wajah pak prabowo. Kami selaku pemuda desa merasa kecewa. Dan kamipun juga sudah sepakat tidak mempermasalahkan itu. Dengan tekat tidak ada lagi lukisan di tugu. Biarlah yang berkuasa merawat tugu dan desa. Yg tadinya kami rispek terhadap kegiatan desa. Sekarang menjadi acuh tak acuh.";2025-03-11T18:19:17Z;0;mungkin saya ingin menyampaikan kepada bapak presiden dan mbak najwa dalam sebuah desa terdapat pemuda mengakui pak prabowo sebagai presiden dan di ungkapkan dalam sebuah karya seni melukis di tugu desa tetapi setelah jadi ada pihak yang menguasai desa dan menutup lukisan wajah pak prabowo kami selaku pemuda desa merasa kecewa dan kamipun juga sudah sepakat tidak mempermasalahkan itu dengan tekat tidak ada lagi lukisan di tugu biarlah yang berkuasa merawat tugu dan desa yang tadinya kami rispek terhadap kegiatan desa sekarang menjadi acuh tak acuh;negatif;0.9956
c9bHbB8z7Cg;Eksklusif: Prabowo Subianto Bicara | Mata Najwa;Najwa Shihab;@SyarifAnshari-x1w;jawab salam wajib Pak;2025-03-11T04:55:37Z;0;jawab salam wajib pak;positif;0.9958
c9bHbB8z7Cg;Eksklusif: Prabowo Subianto Bicara | Mata Najwa;Najwa Shihab;@asfck0982;"Omon omon 
Buktikan sajaa sudaah kalo ERA PRABOWO bisa atasi semuanya 😊
Dari korupsi dan menteri yg nyeleneh😂😂😂😂😂";2025-03-10T19:28:06Z;3;omon omon buktikan sajaa sudaah kalau era prabowo bisa atasi semuanya dari korupsi dan menteri yang nyeleneh;negatif;0.9939
c9bHbB8z7Cg;Eksklusif: Prabowo Subianto Bicara | Mata Najwa;Najwa Shihab;@Bocahsukabumi;Sesuai kah dgn skr;2025-03-10T08:48:31Z;1;sesuai kah dengan sekarang;negatif;0.9915
c9bHbB8z7Cg;Eksklusif: Prabowo Subianto Bicara | Mata Najwa;Najwa Shihab;@1000Jalan-l5w;Omon omon;2025-03-10T08:47:47Z;2;omon omon;negatif;0.6655
c9bHbB8z7Cg;Eksklusif: Prabowo Subianto Bicara | Mata Najwa;Najwa Shihab;@sopokunu537;😂❤;2025-03-10T00:42:56Z;2;;positif;0.8912
c9bHbB8z7Cg;Eksklusif: Prabowo Subianto Bicara | Mata Najwa;Najwa Shihab;@Antonio-k5o8u;YAKINLAH PRABOWO PRESIDEN SAAT INI DENGAN MEMUDAHKAN MASUKNYA DANA-DANA DARI LUAR DAN MENCAIRKAN DANA TERBLOKIR TDK TERKAIT DENGAN TINDAK PIDANA , INI AKAN BANYAK DANA MENGALIR DI MASYARAKAT DAN MEMBANGKITKAN EKONOMI RI !;2025-03-09T23:00:05Z;5;yakinlah prabowo presiden saat ini dengan memudahkan masuknya dana dana dari luar dan mencairkan dana terblokir tidak terkait dengan tindak pidana ini akan banyak dana mengalir di masyarakat dan membangkitkan ekonomi ri;positif;0.9567
c9bHbB8z7Cg;Eksklusif: Prabowo Subianto Bicara | Mata Najwa;Najwa Shihab;@thisisaceh;Omon omon;2025-03-09T21:55:12Z;1;omon omon;negatif;0.6655
c9bHbB8z7Cg;Eksklusif: Prabowo Subianto Bicara | Mata Najwa;Najwa Shihab;@SeptiajiAjiYosep;Kita sama sama tahu di lapangan siapa yg bermain;2025-03-09T18:37:13Z;1;kita sama sama tahu di lapangan siapa yang bermain;positif;0.7678
c9bHbB8z7Cg;Eksklusif: Prabowo Subianto Bicara | Mata Najwa;Najwa Shihab;@SeptiajiAjiYosep;Harus di bersihkan debu pak;2025-03-09T18:35:36Z;1;harus di bersihkan debu pak;netral;0.7306
c9bHbB8z7Cg;Eksklusif: Prabowo Subianto Bicara | Mata Najwa;Najwa Shihab;@Andri-um2pz;Bikin uud bunuh korupsi;2025-03-09T16:52:04Z;1;bikin uud bunuh korupsi;negatif;0.995
c9bHbB8z7Cg;Eksklusif: Prabowo Subianto Bicara | Mata Najwa;Najwa Shihab;@Andri-um2pz;Bunuh korupsi kau wo;2025-03-09T16:50:22Z;1;bunuh korupsi kamu wo;negatif;0.9959
c9bHbB8z7Cg;Eksklusif: Prabowo Subianto Bicara | Mata Najwa;Najwa Shihab;@auliafarichaa;habis lihat podcast mba nana sama pak Anis, lihat mba nana bareng pak Wowo kok aga gimana yaa😂;2025-03-09T05:25:40Z;1;habis lihat podcast mba nana sama pak anis lihat mba nana bareng pak wowo kok aga gimana yaa;negatif;0.8086
c9bHbB8z7Cg;Eksklusif: Prabowo Subianto Bicara | Mata Najwa;Najwa Shihab;@Haidar-19-27;20:13;2025-03-09T01:32:10Z;0;;positif;0.8912
c9bHbB8z7Cg;Eksklusif: Prabowo Subianto Bicara | Mata Najwa;Najwa Shihab;@wahyuchuyex7870;Wes lalu kui mbien saudara saudara saiki jdi macan sirkus;2025-03-09T00:22:11Z;4;wes lalu kui mbien saudara saudara saiki jadi macan sirkus;negatif;0.9842
c9bHbB8z7Cg;Eksklusif: Prabowo Subianto Bicara | Mata Najwa;Najwa Shihab;@manusiabertopeng7566;"Giliran prabowo berani naya kritik.
Giliran jokowi ga brani ngeritik. Nazwa sihab";2025-03-08T13:46:15Z;1;giliran prabowo berani naya kritik giliran jokowi tidak berani ngeritik nazwa sihab;negatif;0.9723
c9bHbB8z7Cg;Eksklusif: Prabowo Subianto Bicara | Mata Najwa;Najwa Shihab;@agungteknikmandiri1602;"Saya pasukan TEMPUR Tukang AC masih semangat dan Meletup2 😂

Kalau nggak semangat Meletup2 
Istri saya yg Meletup2 pak Praroro... 😂

Tapi sy tidak berubah dari macan jadi kucing 😂

Tetap Tukang AC yg semangat dan Meletup2 menghidupi keluarga 😅";2025-03-08T00:39:49Z;2;saya pasukan tempur tukang ac masih semangat dan meletup2 kalau tidak semangat meletup2 istri saya yang meletup2 pak praroro tapi saya tidak berubah dari macan jadi kucing tetap tukang ac yang semangat dan meletup2 menghidupi keluarga;positif;0.835
c9bHbB8z7Cg;Eksklusif: Prabowo Subianto Bicara | Mata Najwa;Najwa Shihab;@CandraGunawan-ej6xp;"bantai semua para korupsi bpk presiden ku...
kami rakyat mu siap tempur";2025-03-08T00:27:00Z;0;bantai semua para korupsi bapak presiden ku kami rakyat mu siap tempur;negatif;0.9885
c9bHbB8z7Cg;Eksklusif: Prabowo Subianto Bicara | Mata Najwa;Najwa Shihab;@ekojuan-b7d;2025👎🏻y nol BESAR;2025-03-07T23:48:09Z;2;y nol besar;negatif;0.9882
c9bHbB8z7Cg;Eksklusif: Prabowo Subianto Bicara | Mata Najwa;Najwa Shihab;@rahmanar3715;Dulu macan asia ,skrng kucing anggora;2025-03-06T21:06:17Z;1;dulu macan asia sekarang kucing anggora;netral;0.5993
c9bHbB8z7Cg;Eksklusif: Prabowo Subianto Bicara | Mata Najwa;Najwa Shihab;@OpsionalBelakang-t6y;Selalu konsisten sehat selalu presiden ku ❤❤❤;2025-03-06T08:15:18Z;1;selalu konsisten sehat selalu presiden ku;positif;0.9973
c9bHbB8z7Cg;Eksklusif: Prabowo Subianto Bicara | Mata Najwa;Najwa Shihab;@MedanKia-s7j;Jika Indonesia harus punya swasembada pangan sendiri csra China bilrh jita tiru caranya walaupun komunis cara seperti apa kurang lebih begini caranya kita punya Tanah atau lahan yg luas berikan sebagian lahan negara je masyarakat untuk jadi pertanian yg produktif negara menyediakan pupuk, alat pertanian jika sudah panen 20%hasilnya diberikan ke negara untuk anggap byr slat pertanian dan pupuk, 50% di jual atau di beli negara agar harganya tetap stabil sisanya mau sebagian petani mau makan sendiri atau jual sendiri terserah petani kurang lebih seperti itu caranya sisanya negara atau mrnteri terkait bisa kaji ulang lagi apakah bisa atau cocok ga jika kita turu cara seperti itu;2025-03-06T01:03:10Z;1;jika indonesia harus punya swasembada pangan sendiri csra china bilrh jita tiru caranya walaupun komunis cara seperti apa kurang lebih begini caranya kita punya tanah atau lahan yang luas berikan sebagian lahan negara je masyarakat untuk jadi pertanian yang produktif negara menyediakan pupuk alat pertanian jika sudah panen hasilnya diberikan ke negara untuk anggap bayar slat pertanian dan pupuk di jual atau di beli negara agar harganya tetap stabil sisanya mau sebagian petani mau makan sendiri atau jual sendiri terserah petani kurang lebih seperti itu caranya sisanya negara atau mrnteri terkait bisa kaji ulang lagi apakah bisa atau cocok tidak jika kita turu cara seperti itu;negatif;0.9626
c9bHbB8z7Cg;Eksklusif: Prabowo Subianto Bicara | Mata Najwa;Najwa Shihab;@MedanKia-s7j;Sayangnya SDM kita terlalu rendah seandainya SDM kita di bangun sejak jaman Soeharto/orba maka hari ini yg katanya indo ke 4/5 terkaya sudah dapat kita nikmati kaya SDA, kaya SDM mantap saya rasa Indonesia ter kaya bukan ke 4/5 lagi bisa² kita terkaya ke 2/3 setelah Amerika dan China, Amerika dan China kaya SDM tapi tidak kaya SDA Kita kata dengan SDA cuma itu sejak jaman  orba tidak dibangun SDM kita coba klo dibangun sdm kita punya 2 nilai yg plus;2025-03-06T00:47:45Z;0;sayangnya sdm kita terlalu rendah seandainya sdm kita di bangun sejak jaman soeharto orba maka hari ini yang katanya indo ke terkaya sudah dapat kita nikmati kaya sda kaya sdm mantap saya rasa indonesia ter kaya bukan ke lagi bisa² kita terkaya ke setelah amerika dan china amerika dan china kaya sdm tapi tidak kaya sda kita kata dengan sda cuma itu sejak jaman orba tidak dibangun sdm kita coba kalau dibangun sdm kita punya nilai yang plus;negatif;0.6661
c9bHbB8z7Cg;Eksklusif: Prabowo Subianto Bicara | Mata Najwa;Najwa Shihab;@agussarjani6655;Lama2 males dengar statement bapak ini. Cuma omon-omon..;2025-03-05T22:23:58Z;1;lama2 males dengar statement bapak ini cuma omon omon;negatif;0.9947
c9bHbB8z7Cg;Eksklusif: Prabowo Subianto Bicara | Mata Najwa;Najwa Shihab;@TorikAlkatiri-yc5vx;pak prabowo tolong bantuan bantuan yg uang di terima di tasikmalaya tidak sesuai dan tidak ada yg dapat kebayakan 🙋‍♂🙋‍♂🙋‍♂🙋‍♂🙋‍♂🙋‍♂🙋‍♂🙋‍♂🙋‍♂🙋‍♂🙋‍♂🙋‍♂🙋‍♂🙋‍♂🙋‍♂🙋‍♂🙋‍♂🙋‍♂🙋‍♂🙋‍♂;2025-03-05T22:04:07Z;1;pak prabowo tolong bantuan bantuan yang uang di terima di tasikmalaya tidak sesuai dan tidak ada yang dapat kebayakan;negatif;0.9893
c9bHbB8z7Cg;Eksklusif: Prabowo Subianto Bicara | Mata Najwa;Najwa Shihab;@babysi7449;❤😅>;2025-03-05T20:04:28Z;1;;positif;0.8912
c9bHbB8z7Cg;Eksklusif: Prabowo Subianto Bicara | Mata Najwa;Najwa Shihab;@muhammadmiftahulhuda4271;Omon omon;2025-03-05T17:10:05Z;3;omon omon;negatif;0.6655
c9bHbB8z7Cg;Eksklusif: Prabowo Subianto Bicara | Mata Najwa;Najwa Shihab;@mathamitclternakkambing8292;❤❤❤❤❤;2025-03-05T14:42:00Z;1;;positif;0.8912
c9bHbB8z7Cg;Eksklusif: Prabowo Subianto Bicara | Mata Najwa;Najwa Shihab;@MayaMunna17;Betullll;2025-03-04T22:02:23Z;1;betull;positif;0.9835
c9bHbB8z7Cg;Eksklusif: Prabowo Subianto Bicara | Mata Najwa;Najwa Shihab;@kucingliar6253;Najwa ini mau menjatuhkan.. Kelihatan bgt;2025-03-04T19:59:15Z;1;najwa ini mau menjatuhkan kelihatan sangat;negatif;0.9954
c9bHbB8z7Cg;Eksklusif: Prabowo Subianto Bicara | Mata Najwa;Najwa Shihab;@linadrosma2332;"Setahun kemudian....
Penyesalan pun dtg bagi para pemujanya...😊
Trnyata dia.....";2025-03-04T00:28:31Z;3;setahun kemudian penyesalan pun datang bagi para pemujanya ternyata dia;negatif;0.9826
c9bHbB8z7Cg;Eksklusif: Prabowo Subianto Bicara | Mata Najwa;Najwa Shihab;@antonisaputra7499;Omon omon;2025-03-03T21:34:18Z;3;omon omon;negatif;0.6655
c9bHbB8z7Cg;Eksklusif: Prabowo Subianto Bicara | Mata Najwa;Najwa Shihab;@westrose7525;Indonesia bangrut;2025-03-03T21:15:18Z;5;indonesia bangrut;positif;0.9661
c9bHbB8z7Cg;Eksklusif: Prabowo Subianto Bicara | Mata Najwa;Najwa Shihab;@haimalaode6210;Brabowo ngawur;2025-03-03T13:39:44Z;3;brabowo ngawur;negatif;0.9936
c9bHbB8z7Cg;Eksklusif: Prabowo Subianto Bicara | Mata Najwa;Najwa Shihab;@somatsomat3924;gedabrusss;2025-03-03T07:04:16Z;2;gedabruss;negatif;0.9915
c9bHbB8z7Cg;Eksklusif: Prabowo Subianto Bicara | Mata Najwa;Najwa Shihab;@pembelajaranilmu9919;Bazzernya dari jowi makanya ga perlu banyak keluar tenaga lagi, kan jadi plot twist buat sekarang, dan setelah udah jadi jauh berbeda apa yang di janjikan apa yg di omongkan depan masyarakat 😢;2025-03-03T06:56:37Z;1;bazzernya dari jowi makanya tidak perlu banyak keluar tenaga lagi kan jadi plot twist buat sekarang dan setelah sudah jadi jauh berbeda apa yang di janjikan apa yang di omongkan depan masyarakat;negatif;0.995
c9bHbB8z7Cg;Eksklusif: Prabowo Subianto Bicara | Mata Najwa;Najwa Shihab;@JawaJaw-y3w;Alah ngomong apa,telat Belit.telek;2025-03-02T12:50:26Z;3;alah bicara apa telat belit telek;negatif;0.996
c9bHbB8z7Cg;Eksklusif: Prabowo Subianto Bicara | Mata Najwa;Najwa Shihab;@semutmerah623;"Pak Prabowo, sy mendukung sekali niat Bapak utk menjadi pemimpin NKRI yg terbaik, utk itu ijinkan Bapak dng legowo utk membuat shadow cabinet dng senang hati demi treciptanya pemerintahan yg bersih, shadow cabinet ini berfungsi sbg pengawasan yg melekat (Waskat) pada setiap pemerintahan yg berkuasa kedepannya, shadow cabinet ini hrs berisi oleh orang2 yg independent yg tdk ada aviliasinya dr sistim pemerintahan yg executive atau legislative atau judicative dan jmlh shadow cabienet ini berbanding lurus dng jumlah cabinet yg ada didalam pemerintahan yg berkuasa, dan shadow cabinet ini hrs bertanggung jawab langsung kepada rakyat, dan shadow cabinet lahirnya hrs melalui Undang Undang (krn fungsi pengawasan yg ada selama ini berfungsi hanyai sbg lips service belaka dan anggota shadow cabinet ini hrs berasal dr orang2 yg independent; Insha Allah dng adanya shadow cabinet ini, Pak Prabowo akan menjadi sbg salah satu Pemimpin yg terbaik dalam sejarah NKRI sejak Indonesia merdeka s/d saat ini, kl anda yg membaca comment tlng dukung comment sy, semoga dukungan ini di Ijabah oleh Allah Swt, dan reward/pahalanya di bln Ramadhan  ini akan menambah kediri anda sendiri yg membaca, comment. ini Amin YRA❤🎉";2025-03-02T12:11:12Z;3;pak prabowo saya mendukung sekali niat bapak untuk menjadi pemimpin nkri yang terbaik untuk itu ijinkan bapak dengan legowo untuk membuat shadow cabinet dengan senang hati demi treciptanya pemerintahan yang bersih shadow cabinet ini berfungsi sebagai pengawasan yang melekat waskat pada setiap pemerintahan yang berkuasa kedepannya shadow cabinet ini harus berisi oleh orang2 yang independent yang tidak ada aviliasinya dari sistim pemerintahan yang executive atau legislative atau judicative dan jumlah shadow cabienet ini berbanding lurus dengan jumlah cabinet yang ada didalam pemerintahan yang berkuasa dan shadow cabinet ini harus bertanggung jawab langsung kepada rakyat dan shadow cabinet lahirnya harus melalui undang undang karena fungsi pengawasan yang ada selama ini berfungsi hanyai sebagai lips service belaka dan anggota shadow cabinet ini harus berasal dari orang2 yang independent insha allah dengan adanya shadow cabinet ini pak prabowo akan menjadi sebagai salah satu pemimpin yang terbaik dalam sejarah nkri sejak indonesia merdeka s d saat ini kalau anda yang membaca comment tolong dukung comment saya semoga dukungan ini di ijabah oleh allah swt dan reward pahalanya di bulan ramadhan ini akan menambah kediri anda sendiri yang membaca comment ini amin yra;positif;0.5021
c9bHbB8z7Cg;Eksklusif: Prabowo Subianto Bicara | Mata Najwa;Najwa Shihab;@FlorenciaZelineFresya;Bapak Prabowo itu prajurit najwa, mental nyq mental pejuang, jqdi berjuang sampai titik penghabisan nyalon kalah, nyalon lagi kalah, coba kl prqbowo nolak jadi menhan,apa ga bakal rusuh lagi kadrun - kadrun & cebong;2025-03-02T07:40:42Z;0;bapak prabowo itu prajurit najwa mental nyq mental pejuang jqdi berjuang sampai titik penghabisan nyalon kalah nyalon lagi kalah coba kalau prqbowo tolak jadi menhan apa tidak bakal rusuh lagi kadrun kadrun cebong;negatif;0.9723
c9bHbB8z7Cg;Eksklusif: Prabowo Subianto Bicara | Mata Najwa;Najwa Shihab;@sombelmondo6513;Yaa..pak kalo sudah kuat....jgn rakyat sendiri..nnti juga...akan..di hajar habis2an....;2025-03-02T01:42:27Z;0;yaa pak kalau sudah kuat jangan rakyat sendiri nanti juga akan di hajar habis2an;negatif;0.9955
c9bHbB8z7Cg;Eksklusif: Prabowo Subianto Bicara | Mata Najwa;Najwa Shihab;@sombelmondo6513;Akkhhhhh..yg gaji nya sudah naik...tetep aja juga nyolonggggggg;2025-03-02T01:36:43Z;1;akkhh yang gaji nya sudah naik tetap saja juga nyolongg;negatif;0.9216
c9bHbB8z7Cg;Eksklusif: Prabowo Subianto Bicara | Mata Najwa;Najwa Shihab;@sombelmondo6513;Korupsiiiiiii....banyak pak di jaman jokowi...;2025-03-02T01:35:45Z;0;korupsii banyak pak di jaman jokowi;negatif;0.9945
c9bHbB8z7Cg;Eksklusif: Prabowo Subianto Bicara | Mata Najwa;Najwa Shihab;@sombelmondo6513;Ya kalo ga cocok kagak jadi presiden;2025-03-02T01:32:43Z;0;ya kalau tidak cocok tidak jadi presiden;negatif;0.9957
c9bHbB8z7Cg;Eksklusif: Prabowo Subianto Bicara | Mata Najwa;Najwa Shihab;@abhimc2920;Omon omon;2025-03-01T21:09:25Z;1;omon omon;negatif;0.6655
c9bHbB8z7Cg;Eksklusif: Prabowo Subianto Bicara | Mata Najwa;Najwa Shihab;@Ibrahimibabullabulla;Sialom bapak presiden Prabowo Subianto aku nama Ibrahim bulla dari NTT ibu kota Kupang  gimana ini dengan ah pendudukan Indonesia yang di Malaysia ini bapak 💪💪🙏🙏;2025-03-01T18:34:26Z;0;sialom bapak presiden prabowo subianto saya nama ibrahim bulla dari ntt ibu kota kupang gimana ini dengan ah pendudukan indonesia yang di malaysia ini bapak;negatif;0.9827
c9bHbB8z7Cg;Eksklusif: Prabowo Subianto Bicara | Mata Najwa;Najwa Shihab;@SwajayaSosiawan;Yang penting sejahterakan takyat;2025-03-01T17:11:11Z;0;yang penting sejahterakan takyat;positif;0.9642
c9bHbB8z7Cg;Eksklusif: Prabowo Subianto Bicara | Mata Najwa;Najwa Shihab;@SiamSiam-v6s;Asalam mualaikum kak najwa semoga pak prabowo cindua mato yg ke dua dpt menghakimi yg. Menympang pd bangsa yg di cintai ri ini;2025-03-01T16:46:33Z;0;asalam mualaikum kak najwa semoga pak prabowo cindua mato yang ke dua dapat menghakimi yang menympang pada bangsa yang di cintai ri ini;negatif;0.6909
c9bHbB8z7Cg;Eksklusif: Prabowo Subianto Bicara | Mata Najwa;Najwa Shihab;@MGN_Diecast;Skrg sdh jd presiden..lihat saja bagaimana;2025-03-01T15:36:41Z;2;sekarang sudah jadi presiden lihat saja bagaimana;negatif;0.994
c9bHbB8z7Cg;Eksklusif: Prabowo Subianto Bicara | Mata Najwa;Najwa Shihab;@MUHJUPRI-5758;Mantap pak;2025-03-01T04:21:07Z;0;mantap pak;positif;0.9975
c9bHbB8z7Cg;Eksklusif: Prabowo Subianto Bicara | Mata Najwa;Najwa Shihab;@Sahroni-w3c;Omon omon;2025-03-01T00:51:01Z;0;omon omon;negatif;0.6655
c9bHbB8z7Cg;Eksklusif: Prabowo Subianto Bicara | Mata Najwa;Najwa Shihab;@djodigzumardjoko8910;Saya yakin Indonesia mangkin makmur Gemahripah Lohjinawi dibawah kepemimpinan bpk Prabowo stlh bpk Jokowi...;2025-02-28T21:39:15Z;0;saya yakin indonesia mangkin makmur gemahripah lohjinawi dibawah kepemimpinan bapak prabowo setelah bapak jokowi;positif;0.931
c9bHbB8z7Cg;Eksklusif: Prabowo Subianto Bicara | Mata Najwa;Najwa Shihab;@hanifnaufal3305;Terpantau kolom komentar masih positif semua😂;2025-02-28T20:44:47Z;1;terpantau kolom komentar masih positif semua;positif;0.9043
c9bHbB8z7Cg;Eksklusif: Prabowo Subianto Bicara | Mata Najwa;Najwa Shihab;@dewa4908;"ass mualaikum bpk kita semua
buktikan merah mu pak biar semua orang tau bahwa perjuangan  tni itu susah pedih gimana mempertahan bangsa kita ini nyawa taruhan nya";2025-02-28T20:40:48Z;1;ass mualaikum bapak kita semua buktikan merah mu pak biar semua orang tahu bahwa perjuangan tni itu susah pedih gimana mempertahan bangsa kita ini nyawa taruhan nya;negatif;0.9952
c9bHbB8z7Cg;Eksklusif: Prabowo Subianto Bicara | Mata Najwa;Najwa Shihab;@YahuwahadaYathaqihadasha;Tuhan memberkati😊;2025-02-28T18:58:45Z;0;tuhan memberkati;positif;0.9934
c9bHbB8z7Cg;Eksklusif: Prabowo Subianto Bicara | Mata Najwa;Najwa Shihab;@YahuwahadaYathaqihadasha;Kesejahteraan rakyat yang dipimpin seorang pejabat adalah gaji pejabat itu😅;2025-02-28T18:34:55Z;0;kesejahteraan rakyat yang dipimpin seorang pejabat adalah gaji pejabat itu;netral;0.9568
c9bHbB8z7Cg;Eksklusif: Prabowo Subianto Bicara | Mata Najwa;Najwa Shihab;@YahuwahadaYathaqihadasha;Apakah ketua kelas murid sekolah dasar punya gaji? Sewaktu anda sd?😊;2025-02-28T18:32:38Z;0;apakah ketua kelas murid sekolah dasar punya gaji sewaktu anda sd;netral;0.9223
c9bHbB8z7Cg;Eksklusif: Prabowo Subianto Bicara | Mata Najwa;Najwa Shihab;@YahuwahadaYathaqihadasha;Pejabat tanpa berkarya negara kan hanya sebagai pendukung pejabat tidak boleh bersandar dari gaji karena permasalahan rakyat tetap ada dan itu adalah tugas pejabat maksudnya pejabat tetap adalah wali bagi rakyat yang di pimpinnya😅;2025-02-28T18:30:56Z;0;pejabat tanpa berkarya negara kan hanya sebagai pendukung pejabat tidak boleh bersandar dari gaji karena permasalahan rakyat tetap ada dan itu adalah tugas pejabat maksudnya pejabat tetap adalah wali bagi rakyat yang di pimpinnya;negatif;0.9343
c9bHbB8z7Cg;Eksklusif: Prabowo Subianto Bicara | Mata Najwa;Najwa Shihab;@YahuwahadaYathaqihadasha;Mbak nazwa pertanyaannya kurang tepat misalnya tentangperan negara kita untuk usaha perdamaian duniakah😅;2025-02-28T18:25:10Z;0;mbak nazwa pertanyaannya kurang tepat misalnya tentangperan negara kita untuk usaha perdamaian duniakah;negatif;0.9343
c9bHbB8z7Cg;Eksklusif: Prabowo Subianto Bicara | Mata Najwa;Najwa Shihab;@DeniGanteng-f2w9b;"Semoga bpk  Prabowo"" paringi sehat selalu panjang umurnya ya  bpk Prabowo"" aamiin ya Allah 🤲❤";2025-02-28T17:27:01Z;0;semoga bapak prabowo paringi sehat selalu panjang umurnya ya bapak prabowo amin ya allah;positif;0.9267
c9bHbB8z7Cg;Eksklusif: Prabowo Subianto Bicara | Mata Najwa;Najwa Shihab;@parlemen9971;1:47:12 kapan yh;2025-02-28T09:45:16Z;1;kapan yh;negatif;0.9464
c9bHbB8z7Cg;Eksklusif: Prabowo Subianto Bicara | Mata Najwa;Najwa Shihab;@warhammer-yv5pj;Kira kira bisa belih pak kelima negara kekayaan di Indonesia 🌹👍🌹👍🙋🇮🇩;2025-02-28T06:21:07Z;0;kira kira bisa belih pak kelima negara kekayaan di indonesia;netral;0.9703
c9bHbB8z7Cg;Eksklusif: Prabowo Subianto Bicara | Mata Najwa;Najwa Shihab;@BEFORETHECOUNTRY;Benahi dulu mental para pejabat dan mental rakyat;2025-02-28T01:56:40Z;1;benahi dulu mental para pejabat dan mental rakyat;negatif;0.9904
c9bHbB8z7Cg;Eksklusif: Prabowo Subianto Bicara | Mata Najwa;Najwa Shihab;@GenShinLiT;Buset video yg paling banyak ditonton 24jt ❤;2025-02-27T20:53:11Z;1;buset video yang paling banyak ditonton 24jt;positif;0.5343
c9bHbB8z7Cg;Eksklusif: Prabowo Subianto Bicara | Mata Najwa;Najwa Shihab;@pantaskalit9651;Bukan Jangan2 ttp yaa.. Pangkat yg lbh rendah lbh bnyk yg jujur, real;2025-02-27T20:26:21Z;0;bukan jangan2 tetap yaa pangkat yang lebih rendah lebih banyak yang jujur real;negatif;0.9876
c9bHbB8z7Cg;Eksklusif: Prabowo Subianto Bicara | Mata Najwa;Najwa Shihab;@BudidayaChanelTv;Izin nyimak,inilah bp negara kita anak muda sosok yg patut dicontoh kerja dulu baru,bicara terimakasih🎉❤❤❤🙏;2025-02-27T18:22:59Z;2;izin nyimak inilah bp negara kita anak muda sosok yang patut dicontoh kerja dulu baru bicara terimakasih;positif;0.8938
c9bHbB8z7Cg;Eksklusif: Prabowo Subianto Bicara | Mata Najwa;Najwa Shihab;@panningbolong;"Saya terus terang sangat bangga dengan Bapak, dan dengan julukan macan asia.
Tapi sekarang menjadi macan sirkus";2025-02-27T13:41:06Z;0;saya terus terang sangat bangga dengan bapak dan dengan julukan macan asia tapi sekarang menjadi macan sirkus;positif;0.9798
c9bHbB8z7Cg;Eksklusif: Prabowo Subianto Bicara | Mata Najwa;Najwa Shihab;@blogong78;Jiwa kesatria bersaing dengan sehat. Mantap Pak Prabowo;2025-02-27T07:14:54Z;2;jiwa kesatria bersaing dengan sehat mantap pak prabowo;positif;0.9969
c9bHbB8z7Cg;Eksklusif: Prabowo Subianto Bicara | Mata Najwa;Najwa Shihab;@IkhsanNasution-yy7ji;Pak sembako mahal mak2 udh pada menjerit tolong lah di perhatikan Maslah sembako;2025-02-27T02:31:59Z;0;pak sembako mahal mak2 sudah pada menjerit tolong lah di perhatikan maslah sembako;negatif;0.9912
c9bHbB8z7Cg;Eksklusif: Prabowo Subianto Bicara | Mata Najwa;Najwa Shihab;@rosyiddimjati4735;DRAMA BAE LO PADA WOY ,,DRAKOR APA LAGI YANG DIMAINKAN BUAT NUTUPIN OKNUM OKNUM BIADAP DAN PARA PARASIT NEGARA ,,KEBANYAKAN OMON OMON ,,DULU GA BANYAK OMON OMON KENAPA SKRG KEBANYAKAN DRAMA NGIKUTI KELOMPOK PEKAI ,,LUCU LUCU HAAAAH BUAT NUTUPIN KASUS KASUS BESAR DAN PARA OKNUM YANG BERMAIN KARNA DAPAT BAGIAN ATAU MEMANG TERLIBAT 😢😢 DAGELAN DAGELAN;2025-02-26T19:19:38Z;1;drama baik kamu pada woy drakor apa lagi yang dimainkan buat nutupin oknum oknum biadap dan para parasit negara kebanyakan omon omon dulu tidak banyak omon omon kenapa sekarang kebanyakan drama ngikuti kelompok pekai lucu lucu haah buat nutupin kasus kasus besar dan para oknum yang bermain karena dapat bagian atau memang terlibat dagelan dagelan;negatif;0.9933
c9bHbB8z7Cg;Eksklusif: Prabowo Subianto Bicara | Mata Najwa;Najwa Shihab;@danapasundan5861;Ga salah pilihanku;2025-02-26T08:37:46Z;2;tidak salah pilihanku;positif;0.9626
c9bHbB8z7Cg;Eksklusif: Prabowo Subianto Bicara | Mata Najwa;Najwa Shihab;@cjmaestro3293;Sejak awal ada isu2 masalah pak Prabowo, sy sangat meragukan semua kecurigaan2 dan tuduh2an, waktu lah yg membuktikan itu semua nya salah.;2025-02-26T01:36:05Z;0;sejak awal ada isu2 masalah pak prabowo saya sangat meragukan semua kecurigaan2 dan tuduh2an waktu lah yang membuktikan itu semua nya salah;negatif;0.9947
c9bHbB8z7Cg;Eksklusif: Prabowo Subianto Bicara | Mata Najwa;Najwa Shihab;@azmyapek4305;Ini sebelum jadi presiden😂😂😂 sekarang 😅;2025-02-25T20:49:59Z;1;ini sebelum jadi presiden sekarang;negatif;0.9863
c9bHbB8z7Cg;Eksklusif: Prabowo Subianto Bicara | Mata Najwa;Najwa Shihab;@PekPek-l8k;Ternyata Yg OMON2 doang itu yg kira maxcan ternyata kucing garong.masa mumuji orang yg tidak bertetika seperti JOKOWI.bkn persepsi anda otu ternyata kucing garong;2025-02-25T08:58:35Z;0;ternyata yang omon2 saja itu yang kira maxcan ternyata kucing garong masa mumuji orang yang tidak bertetika seperti jokowi bukan persepsi anda otu ternyata kucing garong;negatif;0.9955
c9bHbB8z7Cg;Eksklusif: Prabowo Subianto Bicara | Mata Najwa;Najwa Shihab;@fazarifqi-m9r;0:41;2025-02-24T03:30:36Z;0;;positif;0.8912
c9bHbB8z7Cg;Eksklusif: Prabowo Subianto Bicara | Mata Najwa;Najwa Shihab;@triyonosulastri;Pak Prabowo sekarang jadi Presiden  apa yg akan pak Prabowo lakukan terhadap koruptorr yg korup itu mantan Presiden , apakah akan memprosesnya  dulu saya percaya banget tapi sekarang kecew kecewa banget;2025-02-24T00:07:26Z;0;pak prabowo sekarang jadi presiden apa yang akan pak prabowo lakukan terhadap koruptorr yang korup itu mantan presiden apakah akan memprosesnya dulu saya percaya sekali tapi sekarang kecew kecewa sekali;negatif;0.9962
c9bHbB8z7Cg;Eksklusif: Prabowo Subianto Bicara | Mata Najwa;Najwa Shihab;@jaya1969;Sekarang sudah tidak macan lagi;2025-02-23T22:40:13Z;0;sekarang sudah tidak macan lagi;negatif;0.9953
c9bHbB8z7Cg;Eksklusif: Prabowo Subianto Bicara | Mata Najwa;Najwa Shihab;@arimanhs.agkssdnsuci05;Prabowo Subianto presiden;2025-02-23T22:02:05Z;0;prabowo subianto presiden;netral;0.9752
c9bHbB8z7Cg;Eksklusif: Prabowo Subianto Bicara | Mata Najwa;Najwa Shihab;@muhammadsyahfi5899;😊;2025-02-23T18:07:41Z;0;;positif;0.8912
c9bHbB8z7Cg;Eksklusif: Prabowo Subianto Bicara | Mata Najwa;Najwa Shihab;@anamitra9796;😊😮😮😮😮;2025-02-23T17:01:15Z;0;;positif;0.8912
c9bHbB8z7Cg;Eksklusif: Prabowo Subianto Bicara | Mata Najwa;Najwa Shihab;@Sudarmono-n9e;Tolong kami bpk presiden.Prabowo !!!!;2025-02-23T16:36:29Z;0;tolong kami bapak presiden prabowo;netral;0.97
c9bHbB8z7Cg;Eksklusif: Prabowo Subianto Bicara | Mata Najwa;Najwa Shihab;@DreamSucces-b2w;"wokwokwow g berani ngaca wkwkkwkwkwk


sampai sekrg g bernai adili mulyono tersandera kasus food estate dan peaawat bekas dn alutsista dn hgu lahan lahan ratusan ribu hektar sma wokwokwow ini


mantan orde baru tetaplah orde baru 

cb pikirkan aja reformasi yang sudha menelan bnyak pejuang reformasi ,  ga dihargai

màlah angkat pelanggar ham jd bintang 4 dn meloloskan jd pwmimpin kita,  aduh aduh malah ndasmu nfasmu etik jg bioangnya";2025-02-23T14:53:26Z;1;wokwokwow tidak berani ngaca wkwkkwkwkwk sampai sekrg tidak bernai adili mulyono tersandera kasus food estate dan peaawat bekas dn alutsista dn hgu lahan lahan ratusan ribu hektar sma wokwokwow ini mantan orde baru tetaplah orde baru coba pikirkan saja reformasi yang sudha menelan banyak pejuang reformasi tidak dihargai màlah angkat pelanggar ham jadi bintang dn meloloskan jadi pwmimpin kita aduh aduh malah ndasmu nfasmu etik juga bioangnya;negatif;0.9958
c9bHbB8z7Cg;Eksklusif: Prabowo Subianto Bicara | Mata Najwa;Najwa Shihab;@siswoyowiratmoko643;MasyaAllah. Keren banget Visioner!! Bravo My President. Menuju indonesia jaya,maju,di butuhkan org2 seperti Bpak.;2025-02-22T21:02:45Z;0;masyaallah keren sekali visioner bravo my president menuju indonesia jaya maju di butuhkan orang-orang seperti bpak;positif;0.9929
c9bHbB8z7Cg;Eksklusif: Prabowo Subianto Bicara | Mata Najwa;Najwa Shihab;@JuliEfendi-sd3qs;Y😢😢😢😮😢😢😢😢😢😢😢😢huuuu u😮😢😢😢😢😢😢😢😢😢😢😢😢😢😢😢😢😢😢😢oiu😮😢😢😢😢😢😢😢😢😢😢😢😢i😢I I😢😢😢I don't?😢😢😮😮😢😢I don't😮😢i😢😢😅 1:20:35 😢😢😢😢😢😢😢😢😢😢😢😢😢😢😢😢😢😢😢😢o😢;2025-02-22T20:26:46Z;0;y huu kamu oiu i i i i don t i don t i o;negatif;0.9522
c9bHbB8z7Cg;Eksklusif: Prabowo Subianto Bicara | Mata Najwa;Najwa Shihab;@pepenefendi2243;Sehati terus pak presiden ku;2025-02-21T20:56:51Z;0;sehati terus pak presiden ku;positif;0.9957
c9bHbB8z7Cg;Eksklusif: Prabowo Subianto Bicara | Mata Najwa;Najwa Shihab;@yusranarr9404;😊;2025-02-21T19:10:34Z;0;;positif;0.8912
c9bHbB8z7Cg;Eksklusif: Prabowo Subianto Bicara | Mata Najwa;Najwa Shihab;@Syaharie-u6o;Acara tanya jawab sdah kedaluwarsa;2025-02-21T14:05:26Z;0;acara tanya jawab sudah kedaluwarsa;negatif;0.6576
c9bHbB8z7Cg;Eksklusif: Prabowo Subianto Bicara | Mata Najwa;Najwa Shihab;@mesakpadaleti2872;Betul bpa..;2025-02-21T10:06:20Z;0;betul bpa;positif;0.9266
c9bHbB8z7Cg;Eksklusif: Prabowo Subianto Bicara | Mata Najwa;Najwa Shihab;@mesakpadaleti2872;Amen... bpa hati mulai sekali b 1:47:45 pa..;2025-02-21T10:05:37Z;1;amen bpa hati mulai sekali b pa;positif;0.5353
c9bHbB8z7Cg;Eksklusif: Prabowo Subianto Bicara | Mata Najwa;Najwa Shihab;@mesakpadaleti2872;Benar bpa;2025-02-21T10:04:47Z;0;benar bpa;positif;0.8382
c9bHbB8z7Cg;Eksklusif: Prabowo Subianto Bicara | Mata Najwa;Najwa Shihab;@mesakpadaleti2872;Bpa hati mulia skali bpa..;2025-02-21T10:03:18Z;1;bpa hati mulia sekali bpa;positif;0.9653
c9bHbB8z7Cg;Eksklusif: Prabowo Subianto Bicara | Mata Najwa;Najwa Shihab;@nikirahma3228;menonton kembali setelah 100 hari kepemimpinan beliau 🙏;2025-02-21T03:54:41Z;0;menonton kembali setelah hari kepemimpinan beliau;positif;0.8475
c9bHbB8z7Cg;Eksklusif: Prabowo Subianto Bicara | Mata Najwa;Najwa Shihab;@xfagil;mbru  buue tau jg(n❤;2025-02-20T15:44:02Z;0;mbru buue tahu juga n;netral;0.8373
c9bHbB8z7Cg;Eksklusif: Prabowo Subianto Bicara | Mata Najwa;Najwa Shihab;@ardianspt8152;❤❤;2025-02-20T13:11:47Z;0;;positif;0.8912
c9bHbB8z7Cg;Eksklusif: Prabowo Subianto Bicara | Mata Najwa;Najwa Shihab;@agusrizal8874;Ngomong doang;2025-02-19T23:25:52Z;1;bicara saja;negatif;0.9954
c9bHbB8z7Cg;Eksklusif: Prabowo Subianto Bicara | Mata Najwa;Najwa Shihab;@BasengKadak-t1b;Keren;2025-02-19T19:34:25Z;0;keren;positif;0.9967
c9bHbB8z7Cg;Eksklusif: Prabowo Subianto Bicara | Mata Najwa;Najwa Shihab;@4funPunk;Udah bener dah kalah 2 periode. Huhu makin ga jelas ni negara. Mentri-mentrinya kaya pada ga kompeten.;2025-02-19T19:10:19Z;0;sudah benar sudah kalah periode huhu makin tidak jelas ini negara mentri mentrinya kaya pada tidak kompeten;negatif;0.9959
c9bHbB8z7Cg;Eksklusif: Prabowo Subianto Bicara | Mata Najwa;Najwa Shihab;@budakleutik1505;Ikut menyimak bos;2025-02-19T08:33:56Z;0;ikut menyimak bos;positif;0.7662
c9bHbB8z7Cg;Eksklusif: Prabowo Subianto Bicara | Mata Najwa;Najwa Shihab;@AdiAdibon;Tetapi pak degan hukum begini tida di suruh hanjat pohon bayam;2025-02-18T18:40:30Z;0;tetapi pak degan hukum begini tidak di suruh hanjat pohon bayam;negatif;0.9941
c9bHbB8z7Cg;Eksklusif: Prabowo Subianto Bicara | Mata Najwa;Najwa Shihab;@cahyachanel1498;🙏🙏🙏;2025-02-18T09:05:29Z;0;;positif;0.8912
c9bHbB8z7Cg;Eksklusif: Prabowo Subianto Bicara | Mata Najwa;Najwa Shihab;@tukiminjogja849;UDUT KASUS BLBI ERA MEGA;2025-02-17T22:19:06Z;0;udut kasus blbi era mega;netral;0.9752
c9bHbB8z7Cg;Eksklusif: Prabowo Subianto Bicara | Mata Najwa;Najwa Shihab;@bintangkejora5507;Ngawur;2025-02-17T18:40:15Z;0;ngawur;negatif;0.9961
c9bHbB8z7Cg;Eksklusif: Prabowo Subianto Bicara | Mata Najwa;Najwa Shihab;@indrawahyu8825;😅😊s;2025-02-16T21:23:46Z;0;s;positif;0.7519
c9bHbB8z7Cg;Eksklusif: Prabowo Subianto Bicara | Mata Najwa;Najwa Shihab;@GaulArnos-dk6vm;Mbekkkkk semua😂;2025-02-16T20:35:27Z;0;mbekk semua;negatif;0.9927
c9bHbB8z7Cg;Eksklusif: Prabowo Subianto Bicara | Mata Najwa;Najwa Shihab;@SelimWasiange;Bapak presiden Prabowo Subianto dapat suara dari Papua  itu  silet yang bapak presiden Prabowo Subianto simpan di mapnduma  itu jadi hibalannya  ada dapat ukum mati  saja;2025-02-16T16:30:51Z;0;bapak presiden prabowo subianto dapat suara dari papua itu silet yang bapak presiden prabowo subianto simpan di mapnduma itu jadi hibalannya ada dapat ukum mati saja;negatif;0.9887
c9bHbB8z7Cg;Eksklusif: Prabowo Subianto Bicara | Mata Najwa;Najwa Shihab;@RamliKonchong-w2h;❤❤❤;2025-02-16T04:39:23Z;0;;positif;0.8912
c9bHbB8z7Cg;Eksklusif: Prabowo Subianto Bicara | Mata Najwa;Najwa Shihab;@r0bbygltom199;Jangan dengarkan mereka,lawan habis semua musuh musuh mu jendral;2025-02-15T23:47:33Z;0;jangan dengarkan mereka lawan habis semua musuh musuh mu jendral;negatif;0.9952
c9bHbB8z7Cg;Eksklusif: Prabowo Subianto Bicara | Mata Najwa;Najwa Shihab;@youngwirawan4174;"Tanam jagung tumbuh singkong😂
Di polibag pula😂😂
Apa semprot²nya pakai pesawat bekas mahal? ? 
Habis trilyunan trilyunan mubazir😢
KPK buta apa tuli ya😮";2025-02-15T17:15:47Z;1;tanam jagung tumbuh singkong di polibag pula apa semprot²nya pakai pesawat bekas mahal habis trilyunan trilyunan mubazir kpk buta apa tuli ya;negatif;0.9954
c9bHbB8z7Cg;Eksklusif: Prabowo Subianto Bicara | Mata Najwa;Najwa Shihab;@dahlankusnaedi9411;😢0Dd;2025-02-15T08:27:54Z;0;0dd;netral;0.9598
c9bHbB8z7Cg;Eksklusif: Prabowo Subianto Bicara | Mata Najwa;Najwa Shihab;@YusufKtt;Alah km nazwa ngomg aja km pintar tp km ga becus memskmur kan rakyat mending prabowo lah niat nya iklas ke timbang kaw;2025-02-14T15:43:59Z;0;alah kamu nazwa ngomg saja kamu pintar tapi kamu tidak becus memskmur kan rakyat mending prabowo lah niat nya iklas ke timbang kaw;negatif;0.9962
c9bHbB8z7Cg;Eksklusif: Prabowo Subianto Bicara | Mata Najwa;Najwa Shihab;@MuhammadNabil-u1p;Km    D;2025-02-13T19:23:13Z;0;kamu d;negatif;0.968
c9bHbB8z7Cg;Eksklusif: Prabowo Subianto Bicara | Mata Najwa;Najwa Shihab;@MargarethaGaddi;BP PRABOWO SANGAT BERBAGI KASIH DAN BERPIHAK PRORAKYAT MISKIN SANGAT TINGGI KASIH SAYANG SECARA ORANG BERIMAN.;2025-02-13T04:13:08Z;0;bp prabowo sangat berbagi kasih dan berpihak prorakyat miskin sangat tinggi kasih sayang secara orang beriman;positif;0.9945
c9bHbB8z7Cg;Eksklusif: Prabowo Subianto Bicara | Mata Najwa;Najwa Shihab;@MargarethaGaddi;ASAL BAPA SENANG, ADMINISTRASINYA BERSIH, TAPI BUKTI KERJA LAPANGAN KOSONG TDK ADA BUKTI, BIARLAH YG TAMAT SMA YG MATANG BEROGANISASI TDK PERNAH MENJADI KETURUNAN KORUPTOR, rendah hati murah hati berbagi kasih dan takut kepada Tuhan.;2025-02-13T04:09:17Z;0;asal bapa senang administrasinya bersih tapi bukti kerja lapangan kosong tidak ada bukti biarlah yang tamat sma yang matang beroganisasi tidak pernah menjadi keturunan koruptor rendah hati murah hati berbagi kasih dan takut kepada tuhan;negatif;0.982
c9bHbB8z7Cg;Eksklusif: Prabowo Subianto Bicara | Mata Najwa;Najwa Shihab;@MargarethaGaddi;ANGGAPLAH PENGHINAAN ADALAH ABA ABA KEWASPADAAN DLM MENJALANKAN TUGAS, JADI LANGKAH JUANG BAPA PRABWO NKRI BELUM ADA YG  SAMA TINGGI PENGSIHANNYA DRI HTINYA.;2025-02-13T03:53:23Z;0;anggaplah penghinaan adalah aba aba kewaspadaan dalam menjalankan tugas jadi langkah juang bapa prabwo nkri belum ada yang sama tinggi pengsihannya dari htinya;negatif;0.9908
c9bHbB8z7Cg;Eksklusif: Prabowo Subianto Bicara | Mata Najwa;Najwa Shihab;@MargarethaGaddi;BAPAk PRESIDEN PRABOWO SANGAT BAIK HATI RENDA HATI MURAH HATI BERBAGI KASIH KPD MASYARAKAT MiSKIN KEDEPAN MIMPI BP PRESIDEN PRABOWO BERHASIL KARENA BERSAMA DGN TUHAN DAN JIWA JIWA LELUHUR DARI SETIAP SUKU BANGSA INDONESIA SELALU DIPUNDAKNYA. DI AMINKAN.;2025-02-13T03:27:37Z;0;bapak presiden prabowo sangat baik hati renda hati murah hati berbagi kasih kepada masyarakat miskin kedepan mimpi bp presiden prabowo berhasil karena bersama dengan tuhan dan jiwa jiwa leluhur dari setiap suku bangsa indonesia selalu dipundaknya di aminkan;positif;0.9962
c9bHbB8z7Cg;Eksklusif: Prabowo Subianto Bicara | Mata Najwa;Najwa Shihab;@MOCHAMMADALKHAUTSAR;Yang penting atasi banjjir dulu prabowo sampai sempurna ke akarnya jgn yg lain,,,,, di jakarta (masyarakat banyak yg jadi tumbal;2025-02-11T23:46:15Z;1;yang penting atasi banjjir dulu prabowo sampai sempurna ke akarnya jangan yang lain di jakarta masyarakat banyak yang jadi tumbal;positif;0.8583
c9bHbB8z7Cg;Eksklusif: Prabowo Subianto Bicara | Mata Najwa;Najwa Shihab;@SonInclinator;Alhamdulillah pak Prabowo presiden yg sangat sayang sama rakyat NKRI, walaupun dihina, di hujat & di fitnah pak Prabowo tidak mau memenjara kan mereka! GK kek pak Jokowi banyak sekali yg di penjara kan oleh beliau yg menghina nya bahkan menyebab kan kematian;2025-02-11T16:13:47Z;0;alhamdulillah pak prabowo presiden yang sangat sayang sama rakyat nkri walaupun dihina di hujat di fitnah pak prabowo tidak mau memenjara kan mereka tidak kek pak jokowi banyak sekali yang di penjara kan oleh beliau yang menghina nya bahkan menyebab kan kematian;negatif;0.9863
c9bHbB8z7Cg;Eksklusif: Prabowo Subianto Bicara | Mata Najwa;Najwa Shihab;@Cheneljemaah;❤;2025-02-11T02:00:36Z;0;;positif;0.8912
c9bHbB8z7Cg;Eksklusif: Prabowo Subianto Bicara | Mata Najwa;Najwa Shihab;@cemongdisorderofficial7888;Si omon omon Antartika;2025-02-09T22:02:58Z;0;si omon omon antartika;negatif;0.9944
c9bHbB8z7Cg;Eksklusif: Prabowo Subianto Bicara | Mata Najwa;Najwa Shihab;@SupangatPamungkas;Hilirisasi tapi dikuasai infestor asing...? Apa artinya ?;2025-02-08T23:21:44Z;0;hilirisasi tapi dikuasai infestor asing apa artinya;negatif;0.987
c9bHbB8z7Cg;Eksklusif: Prabowo Subianto Bicara | Mata Najwa;Najwa Shihab;@SupangatPamungkas;Tapi hati2 dg orang seperti Jokowi..!!;2025-02-08T23:15:15Z;0;tapi hati2 dengan orang seperti jokowi;negatif;0.9756
c9bHbB8z7Cg;Eksklusif: Prabowo Subianto Bicara | Mata Najwa;Najwa Shihab;@SugitoPutu;Q;2025-02-08T22:18:06Z;0;saya;positif;0.9649
